{
    "theorem": "19.16",
    "hyps": [
        [
            1,
            2
        ],
        [
            1,
            4
        ],
        [
            2,
            3
        ]
    ],
    "expression": "( \u2200 x ( \ud835\udf11 \u2194 \ud835\udf13 ) \u2192 ( \ud835\udf11 \u2194 \u2200 x \ud835\udf13 ) )",
    "steps": [
        {
            "expression": "\u22a2 ( \u2200 x ( \ud835\udf11 \u2194 \ud835\udf13 ) \u2192 ( \ud835\udf11 \u2194 \u2200 x \ud835\udf13 ) )",
            "prop_expression": "( \ud835\udf13 \u2194 \ud835\udf11 ), ( \ud835\udf12 \u2192 ( \ud835\udf13 \u2194 \ud835\udf03 ) ) \u22a2 ( \ud835\udf12 \u2192 ( \ud835\udf11 \u2194 \ud835\udf03 ) )",
            "step": 1,
            "theorem": "syl5bbr",
            "ground_truth": "syl5bbr \u22a2 ( \u2200 x ( \ud835\udf11 \u2194 \ud835\udf13 ) \u2192 ( \ud835\udf11 \u2194 \u2200 x \ud835\udf13 ) )",
            "ground_truth_display": false,
            "statement_depth": 0,
            "_thrs_random_uniform": 0.12867,
            "_thrs_reconstruct": 1.0,
            "_thrs_obviousness": 1.0,
            "_thrs_weight": 0.25,
            "_thrs_complexity": 0.0,
            "_thrs_surprisingness": 1.0,
            "_thrs_intensity": 1.0,
            "_thrs_interestingness": 0.65,
            "_thrs_logistic_regression": 0.99976,
            "_thrs_random_forest": 0.785
        },
        {
            "expression": "\u22a2 ( \u2200 x \ud835\udf11 \u2194 \ud835\udf11 )",
            "prop_expression": "( \ud835\udf11 \u2192 \u2200 x \ud835\udf11 ) \u22a2 ( \u2200 x \ud835\udf11 \u2194 \ud835\udf11 )",
            "step": 2,
            "theorem": "19.3",
            "ground_truth": "19.3 \u22a2 ( \u2200 x \ud835\udf11 \u2194 \ud835\udf11 )",
            "ground_truth_display": false,
            "statement_depth": 0,
            "_thrs_random_uniform": 0.90448,
            "_thrs_reconstruct": 0.01429,
            "_thrs_obviousness": 0.013,
            "_thrs_weight": 1.0,
            "_thrs_complexity": 1.0,
            "_thrs_surprisingness": 0.0,
            "_thrs_intensity": 0.46154,
            "_thrs_interestingness": 0.49491,
            "_thrs_logistic_regression": 0.92338,
            "_thrs_random_forest": 0.97
        },
        {
            "expression": "\u22a2 ( \ud835\udf11 \u2192 \u2200 x \ud835\udf11 )",
            "prop_expression": " \u22a2 ( \ud835\udf11 \u2192 \u2200 x \ud835\udf11 )",
            "step": 3,
            "theorem": "19.16.1",
            "ground_truth": "19.16.1 \u22a2 ( \ud835\udf11 \u2192 \u2200 x \ud835\udf11 )",
            "ground_truth_display": false,
            "statement_depth": 0,
            "_thrs_random_uniform": 0.49452,
            "_thrs_reconstruct": 0.0,
            "_thrs_obviousness": 0.0,
            "_thrs_weight": 1.0,
            "_thrs_complexity": 1.0,
            "_thrs_surprisingness": 0.0,
            "_thrs_intensity": 0.19231,
            "_thrs_interestingness": 0.43846,
            "_thrs_logistic_regression": 0.73839,
            "_thrs_random_forest": 0.815
        },
        {
            "expression": "\u22a2 ( \u2200 x ( \ud835\udf11 \u2194 \ud835\udf13 ) \u2192 ( \u2200 x \ud835\udf11 \u2194 \u2200 x \ud835\udf13 ) )",
            "prop_expression": " \u22a2 ( \u2200 x ( \ud835\udf11 \u2194 \ud835\udf13 ) \u2192 ( \u2200 x \ud835\udf11 \u2194 \u2200 x \ud835\udf13 ) )",
            "step": 4,
            "theorem": "albi",
            "ground_truth": "albi \u22a2 ( \u2200 x ( \ud835\udf11 \u2194 \ud835\udf13 ) \u2192 ( \u2200 x \ud835\udf11 \u2194 \u2200 x \ud835\udf13 ) )",
            "ground_truth_display": false,
            "statement_depth": 0,
            "_thrs_random_uniform": 0.66089,
            "_thrs_reconstruct": 0.08684,
            "_thrs_obviousness": 0.07886,
            "_thrs_weight": 0.0,
            "_thrs_complexity": 0.0,
            "_thrs_surprisingness": 1.0,
            "_thrs_intensity": 0.0,
            "_thrs_interestingness": 0.21577,
            "_thrs_logistic_regression": 0.94083,
            "_thrs_random_forest": 0.985
        }
    ]
}