{
    "theorem": "19.32",
    "hyps": [
        [
            1,
            2
        ],
        [
            1,
            5
        ],
        [
            1,
            7
        ],
        [
            2,
            3
        ],
        [
            3,
            4
        ],
        [
            5,
            6
        ]
    ],
    "expression": "( \u2200 x ( \ud835\udf11 \u2228 \ud835\udf13 ) \u2194 ( \ud835\udf11 \u2228 \u2200 x \ud835\udf13 ) )",
    "steps": [
        {
            "expression": "\u22a2 ( \u2200 x ( \ud835\udf11 \u2228 \ud835\udf13 ) \u2194 ( \ud835\udf11 \u2228 \u2200 x \ud835\udf13 ) )",
            "prop_expression": "( \ud835\udf11 \u2194 \ud835\udf13 ), ( \ud835\udf12 \u2194 \ud835\udf11 ), ( \ud835\udf03 \u2194 \ud835\udf13 ) \u22a2 ( \ud835\udf12 \u2194 \ud835\udf03 )",
            "step": 1,
            "theorem": "3bitr4i",
            "ground_truth": "3bitr4i \u22a2 ( \u2200 x ( \ud835\udf11 \u2228 \ud835\udf13 ) \u2194 ( \ud835\udf11 \u2228 \u2200 x \ud835\udf13 ) )",
            "ground_truth_display": false,
            "statement_depth": 0,
            "_thrs_random_uniform": 0.4433148771146801,
            "_thrs_reconstruct": 1.0,
            "_thrs_obviousness": 1.0,
            "_thrs_weight": 0.0,
            "_thrs_complexity": 0.0,
            "_thrs_surprisingness": 1.0,
            "_thrs_intensity": 1.0,
            "_thrs_interestingness": 0.6,
            "_thrs_logistic_regression": 0.9996913885209483,
            "_thrs_random_forest": 0.91
        },
        {
            "expression": "\u22a2 ( \u2200 x ( \u00ac \ud835\udf11 \u2192 \ud835\udf13 ) \u2194 ( \u00ac \ud835\udf11 \u2192 \u2200 x \ud835\udf13 ) )",
            "prop_expression": "( \ud835\udf11 \u2192 \u2200 x \ud835\udf11 ) \u22a2 ( \u2200 x ( \ud835\udf11 \u2192 \ud835\udf13 ) \u2194 ( \ud835\udf11 \u2192 \u2200 x \ud835\udf13 ) )",
            "step": 2,
            "theorem": "19.21",
            "ground_truth": "19.21 \u22a2 ( \u2200 x ( \u00ac \ud835\udf11 \u2192 \ud835\udf13 ) \u2194 ( \u00ac \ud835\udf11 \u2192 \u2200 x \ud835\udf13 ) )",
            "ground_truth_display": false,
            "statement_depth": 0,
            "_thrs_random_uniform": 0.7839715542899026,
            "_thrs_reconstruct": 0.08289594718900492,
            "_thrs_obviousness": 0.0873716371043028,
            "_thrs_weight": 0.0,
            "_thrs_complexity": 0.0,
            "_thrs_surprisingness": 1.0,
            "_thrs_intensity": 0.1,
            "_thrs_interestingness": 0.23747432742086055,
            "_thrs_logistic_regression": 0.9646044482488486,
            "_thrs_random_forest": 0.98
        },
        {
            "expression": "\u22a2 ( \u00ac \ud835\udf11 \u2192 \u2200 x \u00ac \ud835\udf11 )",
            "prop_expression": "( \ud835\udf11 \u2192 \u2200 x \ud835\udf11 ) \u22a2 ( \u00ac \ud835\udf11 \u2192 \u2200 x \u00ac \ud835\udf11 )",
            "step": 3,
            "theorem": "hbn",
            "ground_truth": "hbn \u22a2 ( \u00ac \ud835\udf11 \u2192 \u2200 x \u00ac \ud835\udf11 )",
            "ground_truth_display": false,
            "statement_depth": 0,
            "_thrs_random_uniform": 0.23595154682343733,
            "_thrs_reconstruct": 0.028407553703803906,
            "_thrs_obviousness": 0.022320291946023932,
            "_thrs_weight": 1.0,
            "_thrs_complexity": 1.0,
            "_thrs_surprisingness": 0.0,
            "_thrs_intensity": 0.2,
            "_thrs_interestingness": 0.44446405838920483,
            "_thrs_logistic_regression": 0.745968265553989,
            "_thrs_random_forest": 0.725
        },
        {
            "expression": "\u22a2 ( \ud835\udf11 \u2192 \u2200 x \ud835\udf11 )",
            "prop_expression": " \u22a2 ( \ud835\udf11 \u2192 \u2200 x \ud835\udf11 )",
            "step": 4,
            "theorem": "19.32.1",
            "ground_truth": "19.32.1 \u22a2 ( \ud835\udf11 \u2192 \u2200 x \ud835\udf11 )",
            "ground_truth_display": false,
            "statement_depth": 0,
            "_thrs_random_uniform": 0.6966265684517248,
            "_thrs_reconstruct": 0.0,
            "_thrs_obviousness": 0.0,
            "_thrs_weight": 1.0,
            "_thrs_complexity": 1.0,
            "_thrs_surprisingness": 0.0,
            "_thrs_intensity": 0.06666666666666665,
            "_thrs_interestingness": 0.4133333333333333,
            "_thrs_logistic_regression": 0.5889705870063715,
            "_thrs_random_forest": 0.915
        },
        {
            "expression": "\u22a2 ( \u2200 x ( \ud835\udf11 \u2228 \ud835\udf13 ) \u2194 \u2200 x ( \u00ac \ud835\udf11 \u2192 \ud835\udf13 ) )",
            "prop_expression": "( \ud835\udf11 \u2194 \ud835\udf13 ) \u22a2 ( \u2200 x \ud835\udf11 \u2194 \u2200 x \ud835\udf13 )",
            "step": 5,
            "theorem": "albii",
            "ground_truth": "albii \u22a2 ( \u2200 x ( \ud835\udf11 \u2228 \ud835\udf13 ) \u2194 \u2200 x ( \u00ac \ud835\udf11 \u2192 \ud835\udf13 ) )",
            "ground_truth_display": false,
            "statement_depth": 0,
            "_thrs_random_uniform": 0.5888101947000421,
            "_thrs_reconstruct": 0.16351929008170554,
            "_thrs_obviousness": 0.12827802766697785,
            "_thrs_weight": 0.0,
            "_thrs_complexity": 0.0,
            "_thrs_surprisingness": 1.0,
            "_thrs_intensity": 0.2,
            "_thrs_interestingness": 0.26565560553339557,
            "_thrs_logistic_regression": 0.9789833100411183,
            "_thrs_random_forest": 0.96
        },
        {
            "expression": "\u22a2 ( ( \ud835\udf11 \u2228 \ud835\udf13 ) \u2194 ( \u00ac \ud835\udf11 \u2192 \ud835\udf13 ) )",
            "prop_expression": " \u22a2 ( ( \ud835\udf11 \u2228 \ud835\udf13 ) \u2194 ( \u00ac \ud835\udf11 \u2192 \ud835\udf13 ) )",
            "step": 6,
            "theorem": "df-or",
            "ground_truth": "df-or \u22a2 ( ( \ud835\udf11 \u2228 \ud835\udf13 ) \u2194 ( \u00ac \ud835\udf11 \u2192 \ud835\udf13 ) )",
            "ground_truth_display": false,
            "statement_depth": 0,
            "_thrs_random_uniform": 0.5280006587389254,
            "_thrs_reconstruct": 0.0,
            "_thrs_obviousness": 0.0,
            "_thrs_weight": 0.6666666666666667,
            "_thrs_complexity": 1.0,
            "_thrs_surprisingness": 1.0,
            "_thrs_intensity": 0.0,
            "_thrs_interestingness": 0.5333333333333334,
            "_thrs_logistic_regression": 0.1581084842254105,
            "_thrs_random_forest": 0.685
        },
        {
            "expression": "\u22a2 ( ( \ud835\udf11 \u2228 \u2200 x \ud835\udf13 ) \u2194 ( \u00ac \ud835\udf11 \u2192 \u2200 x \ud835\udf13 ) )",
            "prop_expression": " \u22a2 ( ( \ud835\udf11 \u2228 \ud835\udf13 ) \u2194 ( \u00ac \ud835\udf11 \u2192 \ud835\udf13 ) )",
            "step": 7,
            "theorem": "df-or",
            "ground_truth": "df-or \u22a2 ( ( \ud835\udf11 \u2228 \u2200 x \ud835\udf13 ) \u2194 ( \u00ac \ud835\udf11 \u2192 \u2200 x \ud835\udf13 ) )",
            "ground_truth_display": false,
            "statement_depth": 0,
            "_thrs_random_uniform": 0.5403535172202252,
            "_thrs_reconstruct": 0.0,
            "_thrs_obviousness": 0.0,
            "_thrs_weight": 0.0,
            "_thrs_complexity": 0.0,
            "_thrs_surprisingness": 1.0,
            "_thrs_intensity": 0.0,
            "_thrs_interestingness": 0.2,
            "_thrs_logistic_regression": 0.941201642956695,
            "_thrs_random_forest": 0.975
        }
    ]
}