{
    "theorem": "19.32",
    "hyps": [
        [
            1,
            2
        ],
        [
            1,
            5
        ],
        [
            1,
            7
        ],
        [
            2,
            3
        ],
        [
            3,
            4
        ],
        [
            5,
            6
        ]
    ],
    "expression": "( \u2200 x ( \ud835\udf11 \u2228 \ud835\udf13 ) \u2194 ( \ud835\udf11 \u2228 \u2200 x \ud835\udf13 ) )",
    "steps": [
        {
            "expression": "\u22a2 ( \u2200 x ( \ud835\udf11 \u2228 \ud835\udf13 ) \u2194 ( \ud835\udf11 \u2228 \u2200 x \ud835\udf13 ) )",
            "prop_expression": "( \ud835\udf11 \u2194 \ud835\udf13 ), ( \ud835\udf12 \u2194 \ud835\udf11 ), ( \ud835\udf03 \u2194 \ud835\udf13 ) \u22a2 ( \ud835\udf12 \u2194 \ud835\udf03 )",
            "step": 1,
            "theorem": "3bitr4i",
            "ground_truth": "3bitr4i \u22a2 ( \u2200 x ( \ud835\udf11 \u2228 \ud835\udf13 ) \u2194 ( \ud835\udf11 \u2228 \u2200 x \ud835\udf13 ) )",
            "ground_truth_display": false,
            "statement_depth": 0,
            "_thrs_random_uniform": 0.15366,
            "_thrs_reconstruct": 1.0,
            "_thrs_obviousness": 1.0,
            "_thrs_weight": 0.0,
            "_thrs_complexity": 0.0,
            "_thrs_surprisingness": 1.0,
            "_thrs_intensity": 1.0,
            "_thrs_interestingness": 0.6,
            "_thrs_logistic_regression": 0.99969,
            "_thrs_random_forest": 0.91
        },
        {
            "expression": "\u22a2 ( \u2200 x ( \u00ac \ud835\udf11 \u2192 \ud835\udf13 ) \u2194 ( \u00ac \ud835\udf11 \u2192 \u2200 x \ud835\udf13 ) )",
            "prop_expression": "( \ud835\udf11 \u2192 \u2200 x \ud835\udf11 ) \u22a2 ( \u2200 x ( \ud835\udf11 \u2192 \ud835\udf13 ) \u2194 ( \ud835\udf11 \u2192 \u2200 x \ud835\udf13 ) )",
            "step": 2,
            "theorem": "19.21",
            "ground_truth": "19.21 \u22a2 ( \u2200 x ( \u00ac \ud835\udf11 \u2192 \ud835\udf13 ) \u2194 ( \u00ac \ud835\udf11 \u2192 \u2200 x \ud835\udf13 ) )",
            "ground_truth_display": false,
            "statement_depth": 0,
            "_thrs_random_uniform": 0.8439,
            "_thrs_reconstruct": 0.0829,
            "_thrs_obviousness": 0.08737,
            "_thrs_weight": 0.0,
            "_thrs_complexity": 0.0,
            "_thrs_surprisingness": 1.0,
            "_thrs_intensity": 0.1,
            "_thrs_interestingness": 0.23747,
            "_thrs_logistic_regression": 0.9646,
            "_thrs_random_forest": 0.98
        },
        {
            "expression": "\u22a2 ( \u00ac \ud835\udf11 \u2192 \u2200 x \u00ac \ud835\udf11 )",
            "prop_expression": "( \ud835\udf11 \u2192 \u2200 x \ud835\udf11 ) \u22a2 ( \u00ac \ud835\udf11 \u2192 \u2200 x \u00ac \ud835\udf11 )",
            "step": 3,
            "theorem": "hbn",
            "ground_truth": "hbn \u22a2 ( \u00ac \ud835\udf11 \u2192 \u2200 x \u00ac \ud835\udf11 )",
            "ground_truth_display": false,
            "statement_depth": 0,
            "_thrs_random_uniform": 0.72874,
            "_thrs_reconstruct": 0.02841,
            "_thrs_obviousness": 0.02232,
            "_thrs_weight": 1.0,
            "_thrs_complexity": 1.0,
            "_thrs_surprisingness": 0.0,
            "_thrs_intensity": 0.2,
            "_thrs_interestingness": 0.44446,
            "_thrs_logistic_regression": 0.74597,
            "_thrs_random_forest": 0.725
        },
        {
            "expression": "\u22a2 ( \ud835\udf11 \u2192 \u2200 x \ud835\udf11 )",
            "prop_expression": " \u22a2 ( \ud835\udf11 \u2192 \u2200 x \ud835\udf11 )",
            "step": 4,
            "theorem": "19.32.1",
            "ground_truth": "19.32.1 \u22a2 ( \ud835\udf11 \u2192 \u2200 x \ud835\udf11 )",
            "ground_truth_display": false,
            "statement_depth": 0,
            "_thrs_random_uniform": 0.58553,
            "_thrs_reconstruct": 0.0,
            "_thrs_obviousness": 0.0,
            "_thrs_weight": 1.0,
            "_thrs_complexity": 1.0,
            "_thrs_surprisingness": 0.0,
            "_thrs_intensity": 0.06667,
            "_thrs_interestingness": 0.41333,
            "_thrs_logistic_regression": 0.58897,
            "_thrs_random_forest": 0.915
        },
        {
            "expression": "\u22a2 ( \u2200 x ( \ud835\udf11 \u2228 \ud835\udf13 ) \u2194 \u2200 x ( \u00ac \ud835\udf11 \u2192 \ud835\udf13 ) )",
            "prop_expression": "( \ud835\udf11 \u2194 \ud835\udf13 ) \u22a2 ( \u2200 x \ud835\udf11 \u2194 \u2200 x \ud835\udf13 )",
            "step": 5,
            "theorem": "albii",
            "ground_truth": "albii \u22a2 ( \u2200 x ( \ud835\udf11 \u2228 \ud835\udf13 ) \u2194 \u2200 x ( \u00ac \ud835\udf11 \u2192 \ud835\udf13 ) )",
            "ground_truth_display": false,
            "statement_depth": 0,
            "_thrs_random_uniform": 0.053,
            "_thrs_reconstruct": 0.16352,
            "_thrs_obviousness": 0.12828,
            "_thrs_weight": 0.0,
            "_thrs_complexity": 0.0,
            "_thrs_surprisingness": 1.0,
            "_thrs_intensity": 0.2,
            "_thrs_interestingness": 0.26566,
            "_thrs_logistic_regression": 0.97898,
            "_thrs_random_forest": 0.96
        },
        {
            "expression": "\u22a2 ( ( \ud835\udf11 \u2228 \ud835\udf13 ) \u2194 ( \u00ac \ud835\udf11 \u2192 \ud835\udf13 ) )",
            "prop_expression": " \u22a2 ( ( \ud835\udf11 \u2228 \ud835\udf13 ) \u2194 ( \u00ac \ud835\udf11 \u2192 \ud835\udf13 ) )",
            "step": 6,
            "theorem": "df-or",
            "ground_truth": "df-or \u22a2 ( ( \ud835\udf11 \u2228 \ud835\udf13 ) \u2194 ( \u00ac \ud835\udf11 \u2192 \ud835\udf13 ) )",
            "ground_truth_display": false,
            "statement_depth": 0,
            "_thrs_random_uniform": 0.81002,
            "_thrs_reconstruct": 0.0,
            "_thrs_obviousness": 0.0,
            "_thrs_weight": 0.66667,
            "_thrs_complexity": 1.0,
            "_thrs_surprisingness": 1.0,
            "_thrs_intensity": 0.0,
            "_thrs_interestingness": 0.53333,
            "_thrs_logistic_regression": 0.15811,
            "_thrs_random_forest": 0.685
        },
        {
            "expression": "\u22a2 ( ( \ud835\udf11 \u2228 \u2200 x \ud835\udf13 ) \u2194 ( \u00ac \ud835\udf11 \u2192 \u2200 x \ud835\udf13 ) )",
            "prop_expression": " \u22a2 ( ( \ud835\udf11 \u2228 \ud835\udf13 ) \u2194 ( \u00ac \ud835\udf11 \u2192 \ud835\udf13 ) )",
            "step": 7,
            "theorem": "df-or",
            "ground_truth": "df-or \u22a2 ( ( \ud835\udf11 \u2228 \u2200 x \ud835\udf13 ) \u2194 ( \u00ac \ud835\udf11 \u2192 \u2200 x \ud835\udf13 ) )",
            "ground_truth_display": false,
            "statement_depth": 0,
            "_thrs_random_uniform": 0.45248,
            "_thrs_reconstruct": 0.0,
            "_thrs_obviousness": 0.0,
            "_thrs_weight": 0.0,
            "_thrs_complexity": 0.0,
            "_thrs_surprisingness": 1.0,
            "_thrs_intensity": 0.0,
            "_thrs_interestingness": 0.2,
            "_thrs_logistic_regression": 0.9412,
            "_thrs_random_forest": 0.975
        }
    ]
}