{
    "theorem": "19.43",
    "hyps": [
        [
            1,
            2
        ],
        [
            1,
            8
        ],
        [
            2,
            3
        ],
        [
            2,
            5
        ],
        [
            2,
            6
        ],
        [
            3,
            4
        ],
        [
            6,
            7
        ]
    ],
    "expression": "( \u2203 x ( \ud835\udf11 \u2228 \ud835\udf13 ) \u2194 ( \u2203 x \ud835\udf11 \u2228 \u2203 x \ud835\udf13 ) )",
    "steps": [
        {
            "expression": "\u22a2 ( \u2203 x ( \ud835\udf11 \u2228 \ud835\udf13 ) \u2194 ( \u2203 x \ud835\udf11 \u2228 \u2203 x \ud835\udf13 ) )",
            "prop_expression": "( \ud835\udf11 \u2194 \ud835\udf13 ), ( \ud835\udf12 \u2194 \ud835\udf13 ) \u22a2 ( \ud835\udf11 \u2194 \ud835\udf12 )",
            "step": 1,
            "theorem": "bitr4i",
            "ground_truth": "bitr4i \u22a2 ( \u2203 x ( \ud835\udf11 \u2228 \ud835\udf13 ) \u2194 ( \u2203 x \ud835\udf11 \u2228 \u2203 x \ud835\udf13 ) )",
            "ground_truth_display": false,
            "statement_depth": 0,
            "_thrs_random_uniform": 0.15159,
            "_thrs_reconstruct": 0.00926,
            "_thrs_obviousness": 1.0,
            "_thrs_weight": 0.25,
            "_thrs_complexity": 0.0,
            "_thrs_surprisingness": 1.0,
            "_thrs_intensity": 0.67347,
            "_thrs_interestingness": 0.58469,
            "_thrs_logistic_regression": 0.99859,
            "_thrs_random_forest": 0.985
        },
        {
            "expression": "\u22a2 ( \u2203 x ( \ud835\udf11 \u2228 \ud835\udf13 ) \u2194 ( \u00ac \u2203 x \ud835\udf11 \u2192 \u2203 x \ud835\udf13 ) )",
            "prop_expression": "( \ud835\udf11 \u2194 \ud835\udf13 ), ( \ud835\udf13 \u2194 \ud835\udf12 ), ( \ud835\udf12 \u2194 \ud835\udf03 ) \u22a2 ( \ud835\udf11 \u2194 \ud835\udf03 )",
            "step": 2,
            "theorem": "3bitri",
            "ground_truth": "3bitri \u22a2 ( \u2203 x ( \ud835\udf11 \u2228 \ud835\udf13 ) \u2194 ( \u00ac \u2203 x \ud835\udf11 \u2192 \u2203 x \ud835\udf13 ) )",
            "ground_truth_display": false,
            "statement_depth": 0,
            "_thrs_random_uniform": 0.37512,
            "_thrs_reconstruct": 0.01334,
            "_thrs_obviousness": 0.99374,
            "_thrs_weight": 0.25,
            "_thrs_complexity": 0.0,
            "_thrs_surprisingness": 1.0,
            "_thrs_intensity": 1.0,
            "_thrs_interestingness": 0.64875,
            "_thrs_logistic_regression": 0.99976,
            "_thrs_random_forest": 0.995
        },
        {
            "expression": "\u22a2 ( \u2203 x ( \ud835\udf11 \u2228 \ud835\udf13 ) \u2194 \u2203 x ( \u00ac \ud835\udf11 \u2192 \ud835\udf13 ) )",
            "prop_expression": "( \ud835\udf11 \u2194 \ud835\udf13 ) \u22a2 ( \u2203 x \ud835\udf11 \u2194 \u2203 x \ud835\udf13 )",
            "step": 3,
            "theorem": "exbii",
            "ground_truth": "exbii \u22a2 ( \u2203 x ( \ud835\udf11 \u2228 \ud835\udf13 ) \u2194 \u2203 x ( \u00ac \ud835\udf11 \u2192 \ud835\udf13 ) )",
            "ground_truth_display": false,
            "statement_depth": 0,
            "_thrs_random_uniform": 0.09894,
            "_thrs_reconstruct": 0.3614,
            "_thrs_obviousness": 0.24435,
            "_thrs_weight": 0.5,
            "_thrs_complexity": 0.0,
            "_thrs_surprisingness": 1.0,
            "_thrs_intensity": 0.2381,
            "_thrs_interestingness": 0.39649,
            "_thrs_logistic_regression": 0.98916,
            "_thrs_random_forest": 0.805
        },
        {
            "expression": "\u22a2 ( ( \ud835\udf11 \u2228 \ud835\udf13 ) \u2194 ( \u00ac \ud835\udf11 \u2192 \ud835\udf13 ) )",
            "prop_expression": " \u22a2 ( ( \ud835\udf11 \u2228 \ud835\udf13 ) \u2194 ( \u00ac \ud835\udf11 \u2192 \ud835\udf13 ) )",
            "step": 4,
            "theorem": "df-or",
            "ground_truth": "df-or \u22a2 ( ( \ud835\udf11 \u2228 \ud835\udf13 ) \u2194 ( \u00ac \ud835\udf11 \u2192 \ud835\udf13 ) )",
            "ground_truth_display": false,
            "statement_depth": 0,
            "_thrs_random_uniform": 0.92321,
            "_thrs_reconstruct": 0.0,
            "_thrs_obviousness": 0.0,
            "_thrs_weight": 1.0,
            "_thrs_complexity": 1.0,
            "_thrs_surprisingness": 1.0,
            "_thrs_intensity": 0.04762,
            "_thrs_interestingness": 0.60952,
            "_thrs_logistic_regression": 0.2502,
            "_thrs_random_forest": 0.555
        },
        {
            "expression": "\u22a2 ( \u2203 x ( \u00ac \ud835\udf11 \u2192 \ud835\udf13 ) \u2194 ( \u2200 x \u00ac \ud835\udf11 \u2192 \u2203 x \ud835\udf13 ) )",
            "prop_expression": " \u22a2 ( \u2203 x ( \ud835\udf11 \u2192 \ud835\udf13 ) \u2194 ( \u2200 x \ud835\udf11 \u2192 \u2203 x \ud835\udf13 ) )",
            "step": 5,
            "theorem": "19.35",
            "ground_truth": "19.35 \u22a2 ( \u2203 x ( \u00ac \ud835\udf11 \u2192 \ud835\udf13 ) \u2194 ( \u2200 x \u00ac \ud835\udf11 \u2192 \u2203 x \ud835\udf13 ) )",
            "ground_truth_display": false,
            "statement_depth": 0,
            "_thrs_random_uniform": 0.84203,
            "_thrs_reconstruct": 1.0,
            "_thrs_obviousness": 0.67612,
            "_thrs_weight": 0.25,
            "_thrs_complexity": 0.0,
            "_thrs_surprisingness": 1.0,
            "_thrs_intensity": 0.02041,
            "_thrs_interestingness": 0.3893,
            "_thrs_logistic_regression": 0.95537,
            "_thrs_random_forest": 0.72
        },
        {
            "expression": "\u22a2 ( ( \u2200 x \u00ac \ud835\udf11 \u2192 \u2203 x \ud835\udf13 ) \u2194 ( \u00ac \u2203 x \ud835\udf11 \u2192 \u2203 x \ud835\udf13 ) )",
            "prop_expression": "( \ud835\udf11 \u2194 \ud835\udf13 ) \u22a2 ( ( \ud835\udf11 \u2192 \ud835\udf12 ) \u2194 ( \ud835\udf13 \u2192 \ud835\udf12 ) )",
            "step": 6,
            "theorem": "imbi1i",
            "ground_truth": "imbi1i \u22a2 ( ( \u2200 x \u00ac \ud835\udf11 \u2192 \u2203 x \ud835\udf13 ) \u2194 ( \u00ac \u2203 x \ud835\udf11 \u2192 \u2203 x \ud835\udf13 ) )",
            "ground_truth_display": false,
            "statement_depth": 0,
            "_thrs_random_uniform": 0.1741,
            "_thrs_reconstruct": 0.007,
            "_thrs_obviousness": 0.06425,
            "_thrs_weight": 0.0,
            "_thrs_complexity": 0.0,
            "_thrs_surprisingness": 1.0,
            "_thrs_intensity": 0.14286,
            "_thrs_interestingness": 0.24142,
            "_thrs_logistic_regression": 0.97176,
            "_thrs_random_forest": 0.635
        },
        {
            "expression": "\u22a2 ( \u2200 x \u00ac \ud835\udf11 \u2194 \u00ac \u2203 x \ud835\udf11 )",
            "prop_expression": " \u22a2 ( \u2200 x \u00ac \ud835\udf11 \u2194 \u00ac \u2203 x \ud835\udf11 )",
            "step": 7,
            "theorem": "alnex",
            "ground_truth": "alnex \u22a2 ( \u2200 x \u00ac \ud835\udf11 \u2194 \u00ac \u2203 x \ud835\udf11 )",
            "ground_truth_display": false,
            "statement_depth": 0,
            "_thrs_random_uniform": 0.60666,
            "_thrs_reconstruct": 0.08802,
            "_thrs_obviousness": 0.05951,
            "_thrs_weight": 1.0,
            "_thrs_complexity": 1.0,
            "_thrs_surprisingness": 0.0,
            "_thrs_intensity": 0.04762,
            "_thrs_interestingness": 0.42143,
            "_thrs_logistic_regression": 0.56263,
            "_thrs_random_forest": 0.685
        },
        {
            "expression": "\u22a2 ( ( \u2203 x \ud835\udf11 \u2228 \u2203 x \ud835\udf13 ) \u2194 ( \u00ac \u2203 x \ud835\udf11 \u2192 \u2203 x \ud835\udf13 ) )",
            "prop_expression": " \u22a2 ( ( \ud835\udf11 \u2228 \ud835\udf13 ) \u2194 ( \u00ac \ud835\udf11 \u2192 \ud835\udf13 ) )",
            "step": 8,