{
    "theorem": "2eximdv",
    "hyps": [
        [
            1,
            2
        ],
        [
            2,
            3
        ]
    ],
    "expression": "( \ud835\udf11 \u2192 ( \u2203 x \u2203 y \ud835\udf13 \u2192 \u2203 x \u2203 y \ud835\udf12 ) )",
    "steps": [
        {
            "number": 1860,
            "expression": "\u22a2 ( \ud835\udf11 \u2192 ( \u2203 x \u2203 y \ud835\udf13 \u2192 \u2203 x \u2203 y \ud835\udf12 ) )",
            "prop_expression": "( \ud835\udf11 \u2192 ( \ud835\udf13 \u2192 \ud835\udf12 ) ) \u22a2 ( \ud835\udf11 \u2192 ( \u2203 x \ud835\udf13 \u2192 \u2203 x \ud835\udf12 ) )",
            "step": 1,
            "theorem": "eximdv",
            "ground_truth": "eximdv \u22a2 ( \ud835\udf11 \u2192 ( \u2203 x \u2203 y \ud835\udf13 \u2192 \u2203 x \u2203 y \ud835\udf12 ) )",
            "ground_truth_display": false,
            "statement_depth": 0,
            "_thrs_random_uniform": 0.68561,
            "_thrs_reconstruct": 1.0,
            "_thrs_obviousness": 1.0,
            "_thrs_weight": 0.0,
            "_thrs_complexity": 0.0,
            "_thrs_surprisingness": 0.5,
            "_thrs_intensity": 0.46429,
            "_thrs_interestingness": 0.39286,
            "_thrs_logistic_regression": 0.99718,
            "_thrs_random_forest": 0.89
        },
        {
            "number": 1860,
            "expression": "\u22a2 ( \ud835\udf11 \u2192 ( \u2203 y \ud835\udf13 \u2192 \u2203 y \ud835\udf12 ) )",
            "prop_expression": "( \ud835\udf11 \u2192 ( \ud835\udf13 \u2192 \ud835\udf12 ) ) \u22a2 ( \ud835\udf11 \u2192 ( \u2203 x \ud835\udf13 \u2192 \u2203 x \ud835\udf12 ) )",
            "step": 2,
            "theorem": "eximdv",
            "ground_truth": "eximdv \u22a2 ( \ud835\udf11 \u2192 ( \u2203 y \ud835\udf13 \u2192 \u2203 y \ud835\udf12 ) )",
            "ground_truth_display": false,
            "statement_depth": 0,
            "_thrs_random_uniform": 0.76894,
            "_thrs_reconstruct": 1.0,
            "_thrs_obviousness": 0.5,
            "_thrs_weight": 0.5,
            "_thrs_complexity": 0.5,
            "_thrs_surprisingness": 0.5,
            "_thrs_intensity": 0.0,
            "_thrs_interestingness": 0.4,
            "_thrs_logistic_regression": 0.7931,
            "_thrs_random_forest": 0.895
        },
        {
            "number": 1860,
            "expression": "\u22a2 ( \ud835\udf11 \u2192 ( \ud835\udf13 \u2192 \ud835\udf12 ) )",
            "prop_expression": " \u22a2 ( \ud835\udf11 \u2192 ( \ud835\udf13 \u2192 \ud835\udf12 ) )",
            "step": 3,
            "theorem": "2alimdv.1",
            "ground_truth": "2alimdv.1 \u22a2 ( \ud835\udf11 \u2192 ( \ud835\udf13 \u2192 \ud835\udf12 ) )",
            "ground_truth_display": false,
            "statement_depth": 0,
            "_thrs_random_uniform": 0.27035,
            "_thrs_reconstruct": 0.0,
            "_thrs_obviousness": 0.0,
            "_thrs_weight": 1.0,
            "_thrs_complexity": 1.0,
            "_thrs_surprisingness": 0.5,
            "_thrs_intensity": 1.0,
            "_thrs_interestingness": 0.7,
            "_thrs_logistic_regression": 0.99115,
            "_thrs_random_forest": 0.93333
        }
    ],
    "is_train": false
}