{
    "theorem": "2iunin",
    "hyps": [
        [
            1,
            2
        ],
        [
            1,
            5
        ],
        [
            1,
            10
        ],
        [
            2,
            3
        ],
        [
            3,
            4
        ],
        [
            5,
            6
        ],
        [
            5,
            9
        ],
        [
            6,
            7
        ],
        [
            7,
            8
        ]
    ],
    "expression": "\u222a x \u2208 A \u222a y \u2208 B ( C \u2229 D ) = ( \u222a x \u2208 A C \u2229 \u222a y \u2208 B D )",
    "steps": [
        {
            "expression": "\u22a2 \u222a x \u2208 A \u222a y \u2208 B ( C \u2229 D ) = ( \u222a x \u2208 A C \u2229 \u222a y \u2208 B D )",
            "prop_expression": "A = B, B = C, C = D \u22a2 A = D",
            "step": 1,
            "theorem": "3eqtri",
            "ground_truth": "3eqtri \u22a2 \u222a x \u2208 A \u222a y \u2208 B ( C \u2229 D ) = ( \u222a x \u2208 A C \u2229 \u222a y \u2208 B D )",
            "ground_truth_display": false,
            "statement_depth": 0,
            "_thrs_random_uniform": 0.7826696964710443,
            "_thrs_reconstruct": 3.987777560617521e-05,
            "_thrs_obviousness": 1.0,
            "_thrs_weight": 0.0,
            "_thrs_complexity": 0.0,
            "_thrs_surprisingness": 1.0,
            "_thrs_intensity": 1.0,
            "_thrs_interestingness": 0.6,
            "_thrs_logistic_regression": 0.9996913885209483,
            "_thrs_random_forest": 0.615
        },
        {
            "expression": "\u22a2 \u222a x \u2208 A \u222a y \u2208 B ( C \u2229 D ) = \u222a x \u2208 A ( C \u2229 \u222a y \u2208 B D )",
            "prop_expression": "( x \u2208 A \u2192 B = C ) \u22a2 \u222a x \u2208 A B = \u222a x \u2208 A C",
            "step": 2,
            "theorem": "iuneq2i",
            "ground_truth": "iuneq2i \u22a2 \u222a x \u2208 A \u222a y \u2208 B ( C \u2229 D ) = \u222a x \u2208 A ( C \u2229 \u222a y \u2208 B D )",
            "ground_truth_display": false,
            "statement_depth": 0,
            "_thrs_random_uniform": 0.9508601020048963,
            "_thrs_reconstruct": 1.0,
            "_thrs_obviousness": 0.3336621154861473,
            "_thrs_weight": 0.0,
            "_thrs_complexity": 0.0,
            "_thrs_surprisingness": 1.0,
            "_thrs_intensity": 0.14035087719298245,
            "_thrs_interestingness": 0.2948025985358259,
            "_thrs_logistic_regression": 0.9707381004236062,
            "_thrs_random_forest": 0.78
        },
        {
            "expression": "\u22a2 ( x \u2208 A \u2192 \u222a y \u2208 B ( C \u2229 D ) = ( C \u2229 \u222a y \u2208 B D ) )",
            "prop_expression": "\ud835\udf11 \u22a2 ( \ud835\udf13 \u2192 \ud835\udf11 )",
            "step": 3,
            "theorem": "a1i",
            "ground_truth": "a1i \u22a2 ( x \u2208 A \u2192 \u222a y \u2208 B ( C \u2229 D ) = ( C \u2229 \u222a y \u2208 B D ) )",
            "ground_truth_display": false,
            "statement_depth": 0,
            "_thrs_random_uniform": 0.3314061142028478,
            "_thrs_reconstruct": 0.0,
            "_thrs_obviousness": 0.11090738938410573,
            "_thrs_weight": 0.625,
            "_thrs_complexity": 0.0,
            "_thrs_surprisingness": 1.0,
            "_thrs_intensity": 0.2507739938080496,
            "_thrs_interestingness": 0.3973362766384311,
            "_thrs_logistic_regression": 0.9910997140835915,
            "_thrs_random_forest": 0.49
        },
        {
            "expression": "\u22a2 \u222a y \u2208 B ( C \u2229 D ) = ( C \u2229 \u222a y \u2208 B D )",
            "prop_expression": " \u22a2 \u222a x \u2208 A ( B \u2229 C ) = ( B \u2229 \u222a x \u2208 A C )",
            "step": 4,
            "theorem": "iunin2",
            "ground_truth": "iunin2 \u22a2 \u222a y \u2208 B ( C \u2229 D ) = ( C \u2229 \u222a y \u2208 B D )",
            "ground_truth_display": false,
            "statement_depth": 0,
            "_thrs_random_uniform": 0.26751327233091104,
            "_thrs_reconstruct": 0.9956909770607377,
            "_thrs_obviousness": 0.11090738936123065,
            "_thrs_weight": 1.0,
            "_thrs_complexity": 1.0,
            "_thrs_surprisingness": 0.0,
            "_thrs_intensity": 0.03508771929824563,
            "_thrs_interestingness": 0.4291990217318952,
            "_thrs_logistic_regression": 0.5448363655843043,
            "_thrs_random_forest": 0.75
        },
        {
            "expression": "\u22a2 \u222a x \u2208 A ( C \u2229 \u222a y \u2208 B D ) = ( \u222a y \u2208 B D \u2229 \u222a x \u2208 A C )",
            "prop_expression": "A = B, B = C \u22a2 A = C",
            "step": 5,
            "theorem": "eqtri",
            "ground_truth": "eqtri \u22a2 \u222a x \u2208 A ( C \u2229 \u222a y \u2208 B D ) = ( \u222a y \u2208 B D \u2229 \u222a x \u2208 A C )",
            "ground_truth_display": false,
            "statement_depth": 0,
            "_thrs_random_uniform": 0.28132045388761096,
            "_thrs_reconstruct": 1.9938836457210304e-05,
            "_thrs_obviousness": 0.44455403849538244,
            "_thrs_weight": 0.0,
            "_thrs_complexity": 0.0,
            "_thrs_surprisingness": 1.0,
            "_thrs_intensity": 0.6140350877192984,
            "_thrs_interestingness": 0.4117178252429362,
            "_thrs_logistic_regression": 0.9976432755288882,
            "_thrs_random_forest": 0.78
        },
        {
            "expression": "\u22a2 \u222a x \u2208 A ( C \u2229 \u222a y \u2208 B D ) = \u222a x \u2208 A ( \u222a y \u2208 B D \u2229 C )",
            "prop_expression": "( x \u2208 A \u2192 B = C ) \u22a2 \u222a x \u2208 A B = \u222a x \u2208 A C",
            "step": 6,
            "theorem": "iuneq2i",
            "ground_truth": "iuneq2i \u22a2 \u222a x \u2208 A ( C \u2229 \u222a y \u2208 B D ) = \u222a x \u2208 A ( \u222a y \u2208 B D \u2229 C )",
            "ground_truth_display": false,
            "statement_depth": 0,
            "_thrs_random_uniform": 0.7374065831831763,
            "_thrs_reconstruct": 1.0,
            "_thrs_obviousness": 0.22275472612491665,
            "_thrs_weight": 0.0,
            "_thrs_complexity": 0.0,
            "_thrs_surprisingness": 1.0,
            "_thrs_intensity": 0.14035087719298245,
            "_thrs_interestingness": 0.27262112066357985,
            "_thrs_logistic_regression": 0.971006562330555,
            "_thrs_random_forest": 0.515
        },
        {
            "expression": "\u22a2 ( x \u2208 A \u2192 ( C \u2229 \u222a y \u2208 B D ) = ( \u222a y \u2208 B D \u2229 C ) )",
            "prop_expression": "\ud835\udf11 \u22a2 ( \ud835\udf13 \u2192 \ud835\udf11 )",
            "step": 7,
            "theorem": "a1i",
            "ground_truth": "a1i \u22a2 ( x \u2208 A \u2192 ( C \u2229 \u222a y \u2208 B D ) = ( \u222a y \u2208 B D \u2229 C ) )",
            "ground_truth_display": false,
            "statement_depth": 0,
            "_thrs_random_uniform": 0.07107250726236292,
            "_thrs_reconstruct": 0.0,
            "_thrs_obviousness": 2.287507366716031e-11,
            "_thrs_weight": 0.625,
            "_thrs_complexity": 0.0,
            "_thrs_surprisingness": 1.0,
            "_thrs_intensity": 0.2507739938080496,
            "_thrs_interestingness": 0.3751547987661849,
            "_thrs_logistic_regression": 0.9911830660446731,
            "_thrs_random_forest": 0.495
        },
        {
            "expression": "\u22a2 ( C \u2229 \u222a y \u2208 B D ) = ( \u222a y \u2208 B D \u2229 C )",
            "prop_expression": " \u22a2 ( A \u2229 B ) = ( B \u2229 A )",
            "step": 8,
            "theorem": "incom",
            "ground_truth": "incom \u22a2 ( C \u2229 \u222a y \u2208 B D ) = ( \u222a y \u2208 B D \u2229 C )",
            "ground_truth_display": false,
            "statement_depth": 0,