{
    "theorem": "3adantr3",
    "hyps": [
        [
            1,
            2
        ],
        [
            1,
            3
        ]
    ],
    "expression": "( ( \ud835\udf11 \u2227 ( \ud835\udf13 \u2227 \ud835\udf12 \u2227 \ud835\udf0f ) ) \u2192 \ud835\udf03 )",
    "steps": [
        {
            "number": 1071,
            "expression": "\u22a2 ( ( \ud835\udf11 \u2227 ( \ud835\udf13 \u2227 \ud835\udf12 \u2227 \ud835\udf0f ) ) \u2192 \ud835\udf03 )",
            "prop_expression": "( \ud835\udf11 \u2192 \ud835\udf12 ), ( ( \ud835\udf13 \u2227 \ud835\udf12 ) \u2192 \ud835\udf03 ) \u22a2 ( ( \ud835\udf13 \u2227 \ud835\udf11 ) \u2192 \ud835\udf03 )",
            "step": 1,
            "theorem": "sylan2",
            "ground_truth": "sylan2 \u22a2 ( ( \ud835\udf11 \u2227 ( \ud835\udf13 \u2227 \ud835\udf12 \u2227 \ud835\udf0f ) ) \u2192 \ud835\udf03 )",
            "ground_truth_display": false,
            "statement_depth": 0,
            "_thrs_random_uniform": 0.03097,
            "_thrs_reconstruct": 1.0,
            "_thrs_obviousness": 1.0,
            "_thrs_weight": 0.0,
            "_thrs_complexity": 0.0,
            "_thrs_surprisingness": 1.0,
            "_thrs_intensity": 1.0,
            "_thrs_interestingness": 0.6,
            "_thrs_logistic_regression": 0.99969,
            "_thrs_random_forest": 0.83
        },
        {
            "number": 1071,
            "expression": "\u22a2 ( ( \ud835\udf13 \u2227 \ud835\udf12 \u2227 \ud835\udf0f ) \u2192 ( \ud835\udf13 \u2227 \ud835\udf12 ) )",
            "prop_expression": " \u22a2 ( ( \ud835\udf11 \u2227 \ud835\udf13 \u2227 \ud835\udf12 ) \u2192 ( \ud835\udf11 \u2227 \ud835\udf13 ) )",
            "step": 2,
            "theorem": "3simpa",
            "ground_truth": "3simpa \u22a2 ( ( \ud835\udf13 \u2227 \ud835\udf12 \u2227 \ud835\udf0f ) \u2192 ( \ud835\udf13 \u2227 \ud835\udf12 ) )",
            "ground_truth_display": false,
            "statement_depth": 0,
            "_thrs_random_uniform": 0.71023,
            "_thrs_reconstruct": 0.10931,
            "_thrs_obviousness": 0.09852,
            "_thrs_weight": 0.0,
            "_thrs_complexity": 1.0,
            "_thrs_surprisingness": 0.0,
            "_thrs_intensity": 0.0,
            "_thrs_interestingness": 0.2197,
            "_thrs_logistic_regression": 0.27644,
            "_thrs_random_forest": 0.965
        },
        {
            "number": 1071,
            "expression": "\u22a2 ( ( \ud835\udf11 \u2227 ( \ud835\udf13 \u2227 \ud835\udf12 ) ) \u2192 \ud835\udf03 )",
            "prop_expression": " \u22a2 ( ( \ud835\udf11 \u2227 ( \ud835\udf13 \u2227 \ud835\udf12 ) ) \u2192 \ud835\udf03 )",
            "step": 3,
            "theorem": "3adantr.1",
            "ground_truth": "3adantr.1 \u22a2 ( ( \ud835\udf11 \u2227 ( \ud835\udf13 \u2227 \ud835\udf12 ) ) \u2192 \ud835\udf03 )",
            "ground_truth_display": false,
            "statement_depth": 0,
            "_thrs_random_uniform": 0.92955,
            "_thrs_reconstruct": 0.0,
            "_thrs_obviousness": 0.0,
            "_thrs_weight": 1.0,
            "_thrs_complexity": 0.5,
            "_thrs_surprisingness": 0.5,
            "_thrs_intensity": 0.33333,
            "_thrs_interestingness": 0.46667,
            "_thrs_logistic_regression": 0.97496,
            "_thrs_random_forest": 1.0
        }
    ],
    "is_train": false
}