{
    "theorem": "3adantl2",
    "hyps": [
        [
            1,
            2
        ],
        [
            1,
            3
        ]
    ],
    "expression": "( ( ( \ud835\udf11 \u2227 \ud835\udf0f \u2227 \ud835\udf13 ) \u2227 \ud835\udf12 ) \u2192 \ud835\udf03 )",
    "steps": [
        {
            "number": 1067,
            "expression": "\u22a2 ( ( ( \ud835\udf11 \u2227 \ud835\udf0f \u2227 \ud835\udf13 ) \u2227 \ud835\udf12 ) \u2192 \ud835\udf03 )",
            "prop_expression": "( \ud835\udf11 \u2192 \ud835\udf13 ), ( ( \ud835\udf13 \u2227 \ud835\udf12 ) \u2192 \ud835\udf03 ) \u22a2 ( ( \ud835\udf11 \u2227 \ud835\udf12 ) \u2192 \ud835\udf03 )",
            "step": 1,
            "theorem": "sylan",
            "ground_truth": "sylan \u22a2 ( ( ( \ud835\udf11 \u2227 \ud835\udf0f \u2227 \ud835\udf13 ) \u2227 \ud835\udf12 ) \u2192 \ud835\udf03 )",
            "ground_truth_display": false,
            "statement_depth": 0,
            "_thrs_random_uniform": 0.84381,
            "_thrs_reconstruct": 0.00829,
            "_thrs_obviousness": 1.0,
            "_thrs_weight": 0.0,
            "_thrs_complexity": 0.0,
            "_thrs_surprisingness": 1.0,
            "_thrs_intensity": 1.0,
            "_thrs_interestingness": 0.6,
            "_thrs_logistic_regression": 0.99969,
            "_thrs_random_forest": 0.92
        },
        {
            "number": 1067,
            "expression": "\u22a2 ( ( \ud835\udf11 \u2227 \ud835\udf0f \u2227 \ud835\udf13 ) \u2192 ( \ud835\udf11 \u2227 \ud835\udf13 ) )",
            "prop_expression": " \u22a2 ( ( \ud835\udf11 \u2227 \ud835\udf13 \u2227 \ud835\udf12 ) \u2192 ( \ud835\udf11 \u2227 \ud835\udf12 ) )",
            "step": 2,
            "theorem": "3simpb",
            "ground_truth": "3simpb \u22a2 ( ( \ud835\udf11 \u2227 \ud835\udf0f \u2227 \ud835\udf13 ) \u2192 ( \ud835\udf11 \u2227 \ud835\udf13 ) )",
            "ground_truth_display": false,
            "statement_depth": 0,
            "_thrs_random_uniform": 0.77351,
            "_thrs_reconstruct": 1.0,
            "_thrs_obviousness": 0.99178,
            "_thrs_weight": 0.0,
            "_thrs_complexity": 1.0,
            "_thrs_surprisingness": 0.0,
            "_thrs_intensity": 0.0,
            "_thrs_interestingness": 0.39836,
            "_thrs_logistic_regression": 0.26141,
            "_thrs_random_forest": 0.97
        },
        {
            "number": 1067,
            "expression": "\u22a2 ( ( ( \ud835\udf11 \u2227 \ud835\udf13 ) \u2227 \ud835\udf12 ) \u2192 \ud835\udf03 )",
            "prop_expression": " \u22a2 ( ( ( \ud835\udf11 \u2227 \ud835\udf13 ) \u2227 \ud835\udf12 ) \u2192 \ud835\udf03 )",
            "step": 3,
            "theorem": "3adantl.1",
            "ground_truth": "3adantl.1 \u22a2 ( ( ( \ud835\udf11 \u2227 \ud835\udf13 ) \u2227 \ud835\udf12 ) \u2192 \ud835\udf03 )",
            "ground_truth_display": false,
            "statement_depth": 0,
            "_thrs_random_uniform": 0.53532,
            "_thrs_reconstruct": 0.0,
            "_thrs_obviousness": 0.0,
            "_thrs_weight": 1.0,
            "_thrs_complexity": 0.5,
            "_thrs_surprisingness": 0.5,
            "_thrs_intensity": 0.33333,
            "_thrs_interestingness": 0.46667,
            "_thrs_logistic_regression": 0.97496,
            "_thrs_random_forest": 1.0
        }
    ],
    "is_train": false
}