{
    "theorem": "3adant1",
    "hyps": [
        [
            1,
            2
        ],
        [
            1,
            3
        ]
    ],
    "expression": "( ( \ud835\udf03 \u2227 \ud835\udf11 \u2227 \ud835\udf13 ) \u2192 \ud835\udf12 )",
    "steps": [
        {
            "number": 928,
            "expression": "\u22a2 ( ( \ud835\udf03 \u2227 \ud835\udf11 \u2227 \ud835\udf13 ) \u2192 \ud835\udf12 )",
            "prop_expression": "( \ud835\udf11 \u2192 \ud835\udf13 ), ( \ud835\udf13 \u2192 \ud835\udf12 ) \u22a2 ( \ud835\udf11 \u2192 \ud835\udf12 )",
            "step": 1,
            "theorem": "syl",
            "ground_truth": "syl \u22a2 ( ( \ud835\udf03 \u2227 \ud835\udf11 \u2227 \ud835\udf13 ) \u2192 \ud835\udf12 )",
            "ground_truth_display": false,
            "statement_depth": 0,
            "_thrs_random_uniform": 0.90233,
            "_thrs_reconstruct": 7e-05,
            "_thrs_obviousness": 1.0,
            "_thrs_weight": 0.5,
            "_thrs_complexity": 0.0,
            "_thrs_surprisingness": 1.0,
            "_thrs_intensity": 1.0,
            "_thrs_interestingness": 0.7,
            "_thrs_logistic_regression": 0.99981,
            "_thrs_random_forest": 0.925
        },
        {
            "number": 928,
            "expression": "\u22a2 ( ( \ud835\udf03 \u2227 \ud835\udf11 \u2227 \ud835\udf13 ) \u2192 ( \ud835\udf11 \u2227 \ud835\udf13 ) )",
            "prop_expression": " \u22a2 ( ( \ud835\udf11 \u2227 \ud835\udf13 \u2227 \ud835\udf12 ) \u2192 ( \ud835\udf13 \u2227 \ud835\udf12 ) )",
            "step": 2,
            "theorem": "3simpc",
            "ground_truth": "3simpc \u22a2 ( ( \ud835\udf03 \u2227 \ud835\udf11 \u2227 \ud835\udf13 ) \u2192 ( \ud835\udf11 \u2227 \ud835\udf13 ) )",
            "ground_truth_display": false,
            "statement_depth": 0,
            "_thrs_random_uniform": 0.64915,
            "_thrs_reconstruct": 1.0,
            "_thrs_obviousness": 0.99989,
            "_thrs_weight": 0.0,
            "_thrs_complexity": 1.0,
            "_thrs_surprisingness": 0.0,
            "_thrs_intensity": 0.0,
            "_thrs_interestingness": 0.39998,
            "_thrs_logistic_regression": 0.26128,
            "_thrs_random_forest": 0.955
        },
        {
            "number": 928,
            "expression": "\u22a2 ( ( \ud835\udf11 \u2227 \ud835\udf13 ) \u2192 \ud835\udf12 )",
            "prop_expression": " \u22a2 ( ( \ud835\udf11 \u2227 \ud835\udf13 ) \u2192 \ud835\udf12 )",
            "step": 3,
            "theorem": "3adant.1",
            "ground_truth": "3adant.1 \u22a2 ( ( \ud835\udf11 \u2227 \ud835\udf13 ) \u2192 \ud835\udf12 )",
            "ground_truth_display": false,
            "statement_depth": 0,
            "_thrs_random_uniform": 0.49492,
            "_thrs_reconstruct": 0.0,
            "_thrs_obviousness": 0.0,
            "_thrs_weight": 1.0,
            "_thrs_complexity": 1.0,
            "_thrs_surprisingness": 0.0,
            "_thrs_intensity": 0.28571,
            "_thrs_interestingness": 0.45714,
            "_thrs_logistic_regression": 0.8237,
            "_thrs_random_forest": 1.0
        }
    ],
    "is_train": false
}