{
    "theorem": "3adant3r1",
    "hyps": [
        [
            1,
            2
        ],
        [
            2,
            3
        ]
    ],
    "expression": "( ( \ud835\udf11 \u2227 ( \ud835\udf0f \u2227 \ud835\udf13 \u2227 \ud835\udf12 ) ) \u2192 \ud835\udf03 )",
    "steps": [
        {
            "number": 1115,
            "expression": "\u22a2 ( ( \ud835\udf11 \u2227 ( \ud835\udf0f \u2227 \ud835\udf13 \u2227 \ud835\udf12 ) ) \u2192 \ud835\udf03 )",
            "prop_expression": "( ( \ud835\udf11 \u2227 ( \ud835\udf13 \u2227 \ud835\udf12 ) ) \u2192 \ud835\udf03 ) \u22a2 ( ( \ud835\udf11 \u2227 ( \ud835\udf0f \u2227 \ud835\udf13 \u2227 \ud835\udf12 ) ) \u2192 \ud835\udf03 )",
            "step": 1,
            "theorem": "3adantr1",
            "ground_truth": "3adantr1 \u22a2 ( ( \ud835\udf11 \u2227 ( \ud835\udf0f \u2227 \ud835\udf13 \u2227 \ud835\udf12 ) ) \u2192 \ud835\udf03 )",
            "ground_truth_display": false,
            "statement_depth": 0,
            "_thrs_random_uniform": 0.48848,
            "_thrs_reconstruct": 1.0,
            "_thrs_obviousness": 1.0,
            "_thrs_weight": 0.0,
            "_thrs_complexity": 0.0,
            "_thrs_surprisingness": 0.5,
            "_thrs_intensity": 0.5,
            "_thrs_interestingness": 0.4,
            "_thrs_logistic_regression": 0.99768,
            "_thrs_random_forest": 0.84
        },
        {
            "number": 1115,
            "expression": "\u22a2 ( ( \ud835\udf11 \u2227 ( \ud835\udf13 \u2227 \ud835\udf12 ) ) \u2192 \ud835\udf03 )",
            "prop_expression": "( ( \ud835\udf11 \u2227 \ud835\udf13 \u2227 \ud835\udf12 ) \u2192 \ud835\udf03 ) \u22a2 ( ( \ud835\udf11 \u2227 ( \ud835\udf13 \u2227 \ud835\udf12 ) ) \u2192 \ud835\udf03 )",
            "step": 2,
            "theorem": "3expb",
            "ground_truth": "3expb \u22a2 ( ( \ud835\udf11 \u2227 ( \ud835\udf13 \u2227 \ud835\udf12 ) ) \u2192 \ud835\udf03 )",
            "ground_truth_display": false,
            "statement_depth": 0,
            "_thrs_random_uniform": 0.73706,
            "_thrs_reconstruct": 0.18892,
            "_thrs_obviousness": 0.15891,
            "_thrs_weight": 1.0,
            "_thrs_complexity": 1.0,
            "_thrs_surprisingness": 0.5,
            "_thrs_intensity": 0.5,
            "_thrs_interestingness": 0.63178,
            "_thrs_logistic_regression": 0.88153,
            "_thrs_random_forest": 0.89
        },
        {
            "number": 1115,
            "expression": "\u22a2 ( ( \ud835\udf11 \u2227 \ud835\udf13 \u2227 \ud835\udf12 ) \u2192 \ud835\udf03 )",
            "prop_expression": " \u22a2 ( ( \ud835\udf11 \u2227 \ud835\udf13 \u2227 \ud835\udf12 ) \u2192 \ud835\udf03 )",
            "step": 3,
            "theorem": "3exp.1",
            "ground_truth": "3exp.1 \u22a2 ( ( \ud835\udf11 \u2227 \ud835\udf13 \u2227 \ud835\udf12 ) \u2192 \ud835\udf03 )",
            "ground_truth_display": false,
            "statement_depth": 0,
            "_thrs_random_uniform": 0.99552,
            "_thrs_reconstruct": 0.0,
            "_thrs_obviousness": 0.0,
            "_thrs_weight": 1.0,
            "_thrs_complexity": 1.0,
            "_thrs_surprisingness": 0.5,
            "_thrs_intensity": 0.5,
            "_thrs_interestingness": 0.6,
            "_thrs_logistic_regression": 0.88294,
            "_thrs_random_forest": 0.82
        }
    ],
    "is_train": false
}