{
    "theorem": "3adantr1",
    "hyps": [
        [
            1,
            2
        ],
        [
            1,
            3
        ]
    ],
    "expression": "( ( \ud835\udf11 \u2227 ( \ud835\udf0f \u2227 \ud835\udf13 \u2227 \ud835\udf12 ) ) \u2192 \ud835\udf03 )",
    "steps": [
        {
            "expression": "\u22a2 ( ( \ud835\udf11 \u2227 ( \ud835\udf0f \u2227 \ud835\udf13 \u2227 \ud835\udf12 ) ) \u2192 \ud835\udf03 )",
            "prop_expression": "( \ud835\udf11 \u2192 \ud835\udf12 ), ( ( \ud835\udf13 \u2227 \ud835\udf12 ) \u2192 \ud835\udf03 ) \u22a2 ( ( \ud835\udf13 \u2227 \ud835\udf11 ) \u2192 \ud835\udf03 )",
            "step": 1,
            "theorem": "sylan2",
            "ground_truth": "sylan2 \u22a2 ( ( \ud835\udf11 \u2227 ( \ud835\udf0f \u2227 \ud835\udf13 \u2227 \ud835\udf12 ) ) \u2192 \ud835\udf03 )",
            "ground_truth_display": false,
            "statement_depth": 0,
            "_thrs_random_uniform": 0.7320681679902074,
            "_thrs_reconstruct": 0.16788130208917293,
            "_thrs_obviousness": 1.0,
            "_thrs_weight": 0.0,
            "_thrs_complexity": 0.0,
            "_thrs_surprisingness": 1.0,
            "_thrs_intensity": 1.0,
            "_thrs_interestingness": 0.6,
            "_thrs_logistic_regression": 0.9996913885209483,
            "_thrs_random_forest": 0.89
        },
        {
            "expression": "\u22a2 ( ( \ud835\udf0f \u2227 \ud835\udf13 \u2227 \ud835\udf12 ) \u2192 ( \ud835\udf13 \u2227 \ud835\udf12 ) )",
            "prop_expression": " \u22a2 ( ( \ud835\udf11 \u2227 \ud835\udf13 \u2227 \ud835\udf12 ) \u2192 ( \ud835\udf13 \u2227 \ud835\udf12 ) )",
            "step": 2,
            "theorem": "3simpc",
            "ground_truth": "3simpc \u22a2 ( ( \ud835\udf0f \u2227 \ud835\udf13 \u2227 \ud835\udf12 ) \u2192 ( \ud835\udf13 \u2227 \ud835\udf12 ) )",
            "ground_truth_display": false,
            "statement_depth": 0,
            "_thrs_random_uniform": 0.060359580316044936,
            "_thrs_reconstruct": 1.0,
            "_thrs_obviousness": 0.856224,
            "_thrs_weight": 0.0,
            "_thrs_complexity": 1.0,
            "_thrs_surprisingness": 0.0,
            "_thrs_intensity": 0.0,
            "_thrs_interestingness": 0.37124480000000004,
            "_thrs_logistic_regression": 0.2636603534606257,
            "_thrs_random_forest": 0.985
        },
        {
            "expression": "\u22a2 ( ( \ud835\udf11 \u2227 ( \ud835\udf13 \u2227 \ud835\udf12 ) ) \u2192 \ud835\udf03 )",
            "prop_expression": " \u22a2 ( ( \ud835\udf11 \u2227 ( \ud835\udf13 \u2227 \ud835\udf12 ) ) \u2192 \ud835\udf03 )",
            "step": 3,
            "theorem": "3adantr.1",
            "ground_truth": "3adantr.1 \u22a2 ( ( \ud835\udf11 \u2227 ( \ud835\udf13 \u2227 \ud835\udf12 ) ) \u2192 \ud835\udf03 )",
            "ground_truth_display": false,
            "statement_depth": 0,
            "_thrs_random_uniform": 0.4653138108688821,
            "_thrs_reconstruct": 0.0,
            "_thrs_obviousness": 0.0,
            "_thrs_weight": 1.0,
            "_thrs_complexity": 0.5,
            "_thrs_surprisingness": 0.5,
            "_thrs_intensity": 0.3333333333333333,
            "_thrs_interestingness": 0.4666666666666667,
            "_thrs_logistic_regression": 0.9749606607904665,
            "_thrs_random_forest": 1.0
        }
    ]
}