{
    "theorem": "3adant1l",
    "hyps": [
        [
            1,
            2
        ],
        [
            2,
            3
        ],
        [
            3,
            4
        ]
    ],
    "expression": "( ( ( \ud835\udf0f \u2227 \ud835\udf11 ) \u2227 \ud835\udf13 \u2227 \ud835\udf12 ) \u2192 \ud835\udf03 )",
    "steps": [
        {
            "expression": "\u22a2 ( ( ( \ud835\udf0f \u2227 \ud835\udf11 ) \u2227 \ud835\udf13 \u2227 \ud835\udf12 ) \u2192 \ud835\udf03 )",
            "prop_expression": "( ( \ud835\udf11 \u2227 ( \ud835\udf13 \u2227 \ud835\udf12 ) ) \u2192 \ud835\udf03 ) \u22a2 ( ( \ud835\udf11 \u2227 \ud835\udf13 \u2227 \ud835\udf12 ) \u2192 \ud835\udf03 )",
            "step": 1,
            "theorem": "3impb",
            "ground_truth": "3impb \u22a2 ( ( ( \ud835\udf0f \u2227 \ud835\udf11 ) \u2227 \ud835\udf13 \u2227 \ud835\udf12 ) \u2192 \ud835\udf03 )",
            "ground_truth_display": false,
            "statement_depth": 0,
            "_thrs_random_uniform": 0.47504,
            "_thrs_reconstruct": 0.73118,
            "_thrs_obviousness": 1.0,
            "_thrs_weight": 0.0,
            "_thrs_complexity": 0.0,
            "_thrs_surprisingness": 0.5,
            "_thrs_intensity": 0.5,
            "_thrs_interestingness": 0.4,
            "_thrs_logistic_regression": 0.99768,
            "_thrs_random_forest": 0.95
        },
        {
            "expression": "\u22a2 ( ( ( \ud835\udf0f \u2227 \ud835\udf11 ) \u2227 ( \ud835\udf13 \u2227 \ud835\udf12 ) ) \u2192 \ud835\udf03 )",
            "prop_expression": "( ( \ud835\udf11 \u2227 \ud835\udf13 ) \u2192 \ud835\udf12 ) \u22a2 ( ( ( \ud835\udf03 \u2227 \ud835\udf11 ) \u2227 \ud835\udf13 ) \u2192 \ud835\udf12 )",
            "step": 2,
            "theorem": "adantll",
            "ground_truth": "adantll \u22a2 ( ( ( \ud835\udf0f \u2227 \ud835\udf11 ) \u2227 ( \ud835\udf13 \u2227 \ud835\udf12 ) ) \u2192 \ud835\udf03 )",
            "ground_truth_display": false,
            "statement_depth": 0,
            "_thrs_random_uniform": 0.5337,
            "_thrs_reconstruct": 0.41103,
            "_thrs_obviousness": 0.65868,
            "_thrs_weight": 0.0,
            "_thrs_complexity": 0.0,
            "_thrs_surprisingness": 0.5,
            "_thrs_intensity": 0.5,
            "_thrs_interestingness": 0.33174,
            "_thrs_logistic_regression": 0.99774,
            "_thrs_random_forest": 0.93
        },
        {
            "expression": "\u22a2 ( ( \ud835\udf11 \u2227 ( \ud835\udf13 \u2227 \ud835\udf12 ) ) \u2192 \ud835\udf03 )",
            "prop_expression": "( ( \ud835\udf11 \u2227 \ud835\udf13 \u2227 \ud835\udf12 ) \u2192 \ud835\udf03 ) \u22a2 ( ( \ud835\udf11 \u2227 ( \ud835\udf13 \u2227 \ud835\udf12 ) ) \u2192 \ud835\udf03 )",
            "step": 3,
            "theorem": "3expb",
            "ground_truth": "3expb \u22a2 ( ( \ud835\udf11 \u2227 ( \ud835\udf13 \u2227 \ud835\udf12 ) ) \u2192 \ud835\udf03 )",
            "ground_truth_display": false,
            "statement_depth": 0,
            "_thrs_random_uniform": 0.81168,
            "_thrs_reconstruct": 1.0,
            "_thrs_obviousness": 0.46679,
            "_thrs_weight": 1.0,
            "_thrs_complexity": 1.0,
            "_thrs_surprisingness": 0.5,
            "_thrs_intensity": 0.5,
            "_thrs_interestingness": 0.69336,
            "_thrs_logistic_regression": 0.87875,
            "_thrs_random_forest": 0.44
        },
        {
            "expression": "\u22a2 ( ( \ud835\udf11 \u2227 \ud835\udf13 \u2227 \ud835\udf12 ) \u2192 \ud835\udf03 )",
            "prop_expression": " \u22a2 ( ( \ud835\udf11 \u2227 \ud835\udf13 \u2227 \ud835\udf12 ) \u2192 \ud835\udf03 )",
            "step": 4,
            "theorem": "3adant1l.1",
            "ground_truth": "3adant1l.1 \u22a2 ( ( \ud835\udf11 \u2227 \ud835\udf13 \u2227 \ud835\udf12 ) \u2192 \ud835\udf03 )",
            "ground_truth_display": false,
            "statement_depth": 0,
            "_thrs_random_uniform": 0.21678,
            "_thrs_reconstruct": 0.0,
            "_thrs_obviousness": 0.0,
            "_thrs_weight": 1.0,
            "_thrs_complexity": 1.0,
            "_thrs_surprisingness": 0.5,
            "_thrs_intensity": 0.5,
            "_thrs_interestingness": 0.6,
            "_thrs_logistic_regression": 0.88294,
            "_thrs_random_forest": 0.91
        }
    ]
}