{
    "theorem": "3anbi1d",
    "hyps": [
        [
            1,
            2
        ],
        [
            1,
            3
        ]
    ],
    "expression": "( \ud835\udf11 \u2192 ( ( \ud835\udf13 \u2227 \ud835\udf03 \u2227 \ud835\udf0f ) \u2194 ( \ud835\udf12 \u2227 \ud835\udf03 \u2227 \ud835\udf0f ) ) )",
    "steps": [
        {
            "number": 1210,
            "expression": "\u22a2 ( \ud835\udf11 \u2192 ( ( \ud835\udf13 \u2227 \ud835\udf03 \u2227 \ud835\udf0f ) \u2194 ( \ud835\udf12 \u2227 \ud835\udf03 \u2227 \ud835\udf0f ) ) )",
            "prop_expression": "( \ud835\udf11 \u2192 ( \ud835\udf13 \u2194 \ud835\udf12 ) ), ( \ud835\udf11 \u2192 ( \ud835\udf03 \u2194 \ud835\udf0f ) ) \u22a2 ( \ud835\udf11 \u2192 ( ( \ud835\udf13 \u2227 \ud835\udf03 \u2227 \u03b7 ) \u2194 ( \ud835\udf12 \u2227 \ud835\udf0f \u2227 \u03b7 ) ) )",
            "step": 1,
            "theorem": "3anbi12d",
            "ground_truth": "3anbi12d \u22a2 ( \ud835\udf11 \u2192 ( ( \ud835\udf13 \u2227 \ud835\udf03 \u2227 \ud835\udf0f ) \u2194 ( \ud835\udf12 \u2227 \ud835\udf03 \u2227 \ud835\udf0f ) ) )",
            "ground_truth_display": false,
            "statement_depth": 0,
            "_thrs_random_uniform": 0.2898,
            "_thrs_reconstruct": 1.0,
            "_thrs_obviousness": 1.0,
            "_thrs_weight": 0.0,
            "_thrs_complexity": 0.0,
            "_thrs_surprisingness": 1.0,
            "_thrs_intensity": 1.0,
            "_thrs_interestingness": 0.6,
            "_thrs_logistic_regression": 0.99969,
            "_thrs_random_forest": 0.715
        },
        {
            "number": 1210,
            "expression": "\u22a2 ( \ud835\udf11 \u2192 ( \ud835\udf13 \u2194 \ud835\udf12 ) )",
            "prop_expression": " \u22a2 ( \ud835\udf11 \u2192 ( \ud835\udf13 \u2194 \ud835\udf12 ) )",
            "step": 2,
            "theorem": "3anbi1d.1",
            "ground_truth": "3anbi1d.1 \u22a2 ( \ud835\udf11 \u2192 ( \ud835\udf13 \u2194 \ud835\udf12 ) )",
            "ground_truth_display": false,
            "statement_depth": 0,
            "_thrs_random_uniform": 0.83656,
            "_thrs_reconstruct": 0.0,
            "_thrs_obviousness": 0.0,
            "_thrs_weight": 1.0,
            "_thrs_complexity": 0.66667,
            "_thrs_surprisingness": 0.5,
            "_thrs_intensity": 0.82353,
            "_thrs_interestingness": 0.59804,
            "_thrs_logistic_regression": 0.99576,
            "_thrs_random_forest": 0.955
        },
        {
            "number": 1210,
            "expression": "\u22a2 ( \ud835\udf11 \u2192 ( \ud835\udf03 \u2194 \ud835\udf03 ) )",
            "prop_expression": " \u22a2 ( \ud835\udf11 \u2192 ( \ud835\udf13 \u2194 \ud835\udf13 ) )",
            "step": 3,
            "theorem": "biidd",
            "ground_truth": "biidd \u22a2 ( \ud835\udf11 \u2192 ( \ud835\udf03 \u2194 \ud835\udf03 ) )",
            "ground_truth_display": false,
            "statement_depth": 0,
            "_thrs_random_uniform": 0.22672,
            "_thrs_reconstruct": 0.00028,
            "_thrs_obviousness": 0.00028,
            "_thrs_weight": 1.0,
            "_thrs_complexity": 1.0,
            "_thrs_surprisingness": 0.0,
            "_thrs_intensity": 0.0,
            "_thrs_interestingness": 0.40006,
            "_thrs_logistic_regression": 0.49999,
            "_thrs_random_forest": 0.855
        }
    ],
    "is_train": false
}