{
    "theorem": "3anidm13",
    "hyps": [
        [
            1,
            2
        ],
        [
            2,
            3
        ]
    ],
    "expression": "( ( \ud835\udf11 \u2227 \ud835\udf13 ) \u2192 \ud835\udf12 )",
    "steps": [
        {
            "number": 1194,
            "expression": "\u22a2 ( ( \ud835\udf11 \u2227 \ud835\udf13 ) \u2192 \ud835\udf12 )",
            "prop_expression": "( ( \ud835\udf11 \u2227 \ud835\udf11 \u2227 \ud835\udf13 ) \u2192 \ud835\udf12 ) \u22a2 ( ( \ud835\udf11 \u2227 \ud835\udf13 ) \u2192 \ud835\udf12 )",
            "step": 1,
            "theorem": "3anidm12",
            "ground_truth": "3anidm12 \u22a2 ( ( \ud835\udf11 \u2227 \ud835\udf13 ) \u2192 \ud835\udf12 )",
            "ground_truth_display": false,
            "statement_depth": 0,
            "_thrs_random_uniform": 0.82156,
            "_thrs_reconstruct": 1.0,
            "_thrs_obviousness": 1.0,
            "_thrs_weight": 1.0,
            "_thrs_complexity": 0.5,
            "_thrs_surprisingness": 0.5,
            "_thrs_intensity": 1.0,
            "_thrs_interestingness": 0.8,
            "_thrs_logistic_regression": 0.99923,
            "_thrs_random_forest": 0.94
        },
        {
            "number": 1194,
            "expression": "\u22a2 ( ( \ud835\udf11 \u2227 \ud835\udf11 \u2227 \ud835\udf13 ) \u2192 \ud835\udf12 )",
            "prop_expression": "( ( \ud835\udf11 \u2227 \ud835\udf13 \u2227 \ud835\udf12 ) \u2192 \ud835\udf03 ) \u22a2 ( ( \ud835\udf11 \u2227 \ud835\udf12 \u2227 \ud835\udf13 ) \u2192 \ud835\udf03 )",
            "step": 2,
            "theorem": "3com23",
            "ground_truth": "3com23 \u22a2 ( ( \ud835\udf11 \u2227 \ud835\udf11 \u2227 \ud835\udf13 ) \u2192 \ud835\udf12 )",
            "ground_truth_display": false,
            "statement_depth": 0,
            "_thrs_random_uniform": 0.2918,
            "_thrs_reconstruct": 0.16519,
            "_thrs_obviousness": 0.14178,
            "_thrs_weight": 0.0,
            "_thrs_complexity": 0.5,
            "_thrs_surprisingness": 0.5,
            "_thrs_intensity": 0.42857,
            "_thrs_interestingness": 0.31407,
            "_thrs_logistic_regression": 0.96121,
            "_thrs_random_forest": 0.97
        },
        {
            "number": 1194,
            "expression": "\u22a2 ( ( \ud835\udf11 \u2227 \ud835\udf13 \u2227 \ud835\udf11 ) \u2192 \ud835\udf12 )",
            "prop_expression": " \u22a2 ( ( \ud835\udf11 \u2227 \ud835\udf13 \u2227 \ud835\udf11 ) \u2192 \ud835\udf12 )",
            "step": 3,
            "theorem": "3anidm13.1",
            "ground_truth": "3anidm13.1 \u22a2 ( ( \ud835\udf11 \u2227 \ud835\udf13 \u2227 \ud835\udf11 ) \u2192 \ud835\udf12 )",
            "ground_truth_display": false,
            "statement_depth": 0,
            "_thrs_random_uniform": 0.53084,
            "_thrs_reconstruct": 0.0,
            "_thrs_obviousness": 0.0,
            "_thrs_weight": 0.0,
            "_thrs_complexity": 0.5,
            "_thrs_surprisingness": 0.5,
            "_thrs_intensity": 0.0,
            "_thrs_interestingness": 0.2,
            "_thrs_logistic_regression": 0.71293,
            "_thrs_random_forest": 0.505
        }
    ],
    "is_train": false
}