{
    "theorem": "3anim123i",
    "hyps": [
        [
            1,
            2
        ],
        [
            1,
            4
        ],
        [
            1,
            6
        ],
        [
            2,
            3
        ],
        [
            4,
            5
        ],
        [
            6,
            7
        ]
    ],
    "expression": "( ( \ud835\udf11 \u2227 \ud835\udf12 \u2227 \ud835\udf0f ) \u2192 ( \ud835\udf13 \u2227 \ud835\udf03 \u2227 \u03b7 ) )",
    "steps": [
        {
            "expression": "\u22a2 ( ( \ud835\udf11 \u2227 \ud835\udf12 \u2227 \ud835\udf0f ) \u2192 ( \ud835\udf13 \u2227 \ud835\udf03 \u2227 \u03b7 ) )",
            "prop_expression": "( \ud835\udf11 \u2192 \ud835\udf13 ), ( \ud835\udf11 \u2192 \ud835\udf12 ), ( \ud835\udf11 \u2192 \ud835\udf03 ) \u22a2 ( \ud835\udf11 \u2192 ( \ud835\udf13 \u2227 \ud835\udf12 \u2227 \ud835\udf03 ) )",
            "step": 1,
            "theorem": "3jca",
            "ground_truth": "3jca \u22a2 ( ( \ud835\udf11 \u2227 \ud835\udf12 \u2227 \ud835\udf0f ) \u2192 ( \ud835\udf13 \u2227 \ud835\udf03 \u2227 \u03b7 ) )",
            "ground_truth_display": false,
            "statement_depth": 0,
            "_thrs_random_uniform": 0.85896,
            "_thrs_reconstruct": 0.0204,
            "_thrs_obviousness": 1.0,
            "_thrs_weight": 0.0,
            "_thrs_complexity": 0.0,
            "_thrs_surprisingness": 0.5,
            "_thrs_intensity": 1.0,
            "_thrs_interestingness": 0.5,
            "_thrs_logistic_regression": 0.99984,
            "_thrs_random_forest": 0.935
        },
        {
            "expression": "\u22a2 ( ( \ud835\udf11 \u2227 \ud835\udf12 \u2227 \ud835\udf0f ) \u2192 \ud835\udf13 )",
            "prop_expression": "( \ud835\udf11 \u2192 \ud835\udf12 ) \u22a2 ( ( \ud835\udf11 \u2227 \ud835\udf13 \u2227 \ud835\udf03 ) \u2192 \ud835\udf12 )",
            "step": 2,
            "theorem": "3ad2ant1",
            "ground_truth": "3ad2ant1 \u22a2 ( ( \ud835\udf11 \u2227 \ud835\udf12 \u2227 \ud835\udf0f ) \u2192 \ud835\udf13 )",
            "ground_truth_display": false,
            "statement_depth": 0,
            "_thrs_random_uniform": 0.97617,
            "_thrs_reconstruct": 1.0,
            "_thrs_obviousness": 0.80424,
            "_thrs_weight": 0.5,
            "_thrs_complexity": 0.5,
            "_thrs_surprisingness": 0.5,
            "_thrs_intensity": 0.0,
            "_thrs_interestingness": 0.46085,
            "_thrs_logistic_regression": 0.7888,
            "_thrs_random_forest": 0.99
        },
        {
            "expression": "\u22a2 ( \ud835\udf11 \u2192 \ud835\udf13 )",
            "prop_expression": " \u22a2 ( \ud835\udf11 \u2192 \ud835\udf13 )",
            "step": 3,
            "theorem": "3anim123i.1",
            "ground_truth": "3anim123i.1 \u22a2 ( \ud835\udf11 \u2192 \ud835\udf13 )",
            "ground_truth_display": false,
            "statement_depth": 0,
            "_thrs_random_uniform": 0.45857,
            "_thrs_reconstruct": 0.0,
            "_thrs_obviousness": 0.0,
            "_thrs_weight": 1.0,
            "_thrs_complexity": 1.0,
            "_thrs_surprisingness": 0.5,
            "_thrs_intensity": 0.0,
            "_thrs_interestingness": 0.5,
            "_thrs_logistic_regression": 0.33688,
            "_thrs_random_forest": 0.94
        },
        {
            "expression": "\u22a2 ( ( \ud835\udf11 \u2227 \ud835\udf12 \u2227 \ud835\udf0f ) \u2192 \ud835\udf03 )",
            "prop_expression": "( \ud835\udf11 \u2192 \ud835\udf12 ) \u22a2 ( ( \ud835\udf13 \u2227 \ud835\udf11 \u2227 \ud835\udf03 ) \u2192 \ud835\udf12 )",
            "step": 4,
            "theorem": "3ad2ant2",
            "ground_truth": "3ad2ant2 \u22a2 ( ( \ud835\udf11 \u2227 \ud835\udf12 \u2227 \ud835\udf0f ) \u2192 \ud835\udf03 )",
            "ground_truth_display": false,
            "statement_depth": 0,
            "_thrs_random_uniform": 0.74494,
            "_thrs_reconstruct": 0.10741,
            "_thrs_obviousness": 0.08638,
            "_thrs_weight": 0.5,
            "_thrs_complexity": 0.5,
            "_thrs_surprisingness": 0.5,
            "_thrs_intensity": 0.0,
            "_thrs_interestingness": 0.31728,
            "_thrs_logistic_regression": 0.79885,
            "_thrs_random_forest": 0.965
        },
        {
            "expression": "\u22a2 ( \ud835\udf12 \u2192 \ud835\udf03 )",
            "prop_expression": " \u22a2 ( \ud835\udf12 \u2192 \ud835\udf03 )",
            "step": 5,
            "theorem": "3anim123i.2",
            "ground_truth": "3anim123i.2 \u22a2 ( \ud835\udf12 \u2192 \ud835\udf03 )",
            "ground_truth_display": false,
            "statement_depth": 0,
            "_thrs_random_uniform": 0.65154,
            "_thrs_reconstruct": 0.0,
            "_thrs_obviousness": 0.0,
            "_thrs_weight": 1.0,
            "_thrs_complexity": 1.0,
            "_thrs_surprisingness": 0.5,
            "_thrs_intensity": 0.0,
            "_thrs_interestingness": 0.5,
            "_thrs_logistic_regression": 0.33688,
            "_thrs_random_forest": 0.975
        },
        {
            "expression": "\u22a2 ( ( \ud835\udf11 \u2227 \ud835\udf12 \u2227 \ud835\udf0f ) \u2192 \u03b7 )",
            "prop_expression": "( \ud835\udf11 \u2192 \ud835\udf12 ) \u22a2 ( ( \ud835\udf13 \u2227 \ud835\udf03 \u2227 \ud835\udf11 ) \u2192 \ud835\udf12 )",
            "step": 6,
            "theorem": "3ad2ant3",
            "ground_truth": "3ad2ant3 \u22a2 ( ( \ud835\udf11 \u2227 \ud835\udf12 \u2227 \ud835\udf0f ) \u2192 \u03b7 )",
            "ground_truth_display": false,
            "statement_depth": 0,
            "_thrs_random_uniform": 0.18714,
            "_thrs_reconstruct": 0.11559,
            "_thrs_obviousness": 0.09296,
            "_thrs_weight": 0.5,
            "_thrs_complexity": 0.5,
            "_thrs_surprisingness": 0.5,
            "_thrs_intensity": 0.0,
            "_thrs_interestingness": 0.31859,
            "_thrs_logistic_regression": 0.79876,
            "_thrs_random_forest": 0.97
        },
        {
            "expression": "\u22a2 ( \ud835\udf0f \u2192 \u03b7 )",
            "prop_expression": " \u22a2 ( \ud835\udf0f \u2192 \u03b7 )",
            "step": 7,
            "theorem": "3anim123i.3",
            "ground_truth": "3anim123i.3 \u22a2 ( \ud835\udf0f \u2192 \u03b7 )",
            "ground_truth_display": false,
            "statement_depth": 0,
            "_thrs_random_uniform": 0.51839,
            "_thrs_reconstruct": 0.0,
            "_thrs_obviousness": 0.0,
            "_thrs_weight": 1.0,
            "_thrs_complexity": 1.0,
            "_thrs_surprisingness": 0.5,
            "_thrs_intensity": 0.0,
            "_thrs_interestingness": 0.5,
            "_thrs_logistic_regression": 0.33688,
            "_thrs_random_forest": 0.975
        }
    ]
}