{
    "theorem": "3bitr2rd",
    "hyps": [
        [
            1,
            2
        ],
        [
            1,
            5
        ],
        [
            2,
            3
        ],
        [
            2,
            4
        ]
    ],
    "expression": "( \ud835\udf11 \u2192 ( \ud835\udf0f \u2194 \ud835\udf13 ) )",
    "steps": [
        {
            "expression": "\u22a2 ( \ud835\udf11 \u2192 ( \ud835\udf0f \u2194 \ud835\udf13 ) )",
            "prop_expression": "( \ud835\udf11 \u2192 ( \ud835\udf13 \u2194 \ud835\udf12 ) ), ( \ud835\udf11 \u2192 ( \ud835\udf12 \u2194 \ud835\udf03 ) ) \u22a2 ( \ud835\udf11 \u2192 ( \ud835\udf03 \u2194 \ud835\udf13 ) )",
            "step": 1,
            "theorem": "bitr2d",
            "ground_truth": "bitr2d \u22a2 ( \ud835\udf11 \u2192 ( \ud835\udf0f \u2194 \ud835\udf13 ) )",
            "ground_truth_display": false,
            "statement_depth": 0,
            "_thrs_random_uniform": 0.8855757925213126,
            "_thrs_reconstruct": 1.0,
            "_thrs_obviousness": 1.0,
            "_thrs_weight": 0.5,
            "_thrs_complexity": 0.5,
            "_thrs_surprisingness": 0.666666666666667,
            "_thrs_intensity": 1.0,
            "_thrs_interestingness": 0.7333333333333334,
            "_thrs_logistic_regression": 0.9984544894538548,
            "_thrs_random_forest": 1.0
        },
        {
            "expression": "\u22a2 ( \ud835\udf11 \u2192 ( \ud835\udf13 \u2194 \ud835\udf03 ) )",
            "prop_expression": "( \ud835\udf11 \u2192 ( \ud835\udf13 \u2194 \ud835\udf12 ) ), ( \ud835\udf11 \u2192 ( \ud835\udf03 \u2194 \ud835\udf12 ) ) \u22a2 ( \ud835\udf11 \u2192 ( \ud835\udf13 \u2194 \ud835\udf03 ) )",
            "step": 2,
            "theorem": "bitr4d",
            "ground_truth": "bitr4d \u22a2 ( \ud835\udf11 \u2192 ( \ud835\udf13 \u2194 \ud835\udf03 ) )",
            "ground_truth_display": false,
            "statement_depth": 0,
            "_thrs_random_uniform": 0.5419200252917756,
            "_thrs_reconstruct": 1.0,
            "_thrs_obviousness": 0.5,
            "_thrs_weight": 0.5,
            "_thrs_complexity": 0.5,
            "_thrs_surprisingness": 0.0,
            "_thrs_intensity": 1.0,
            "_thrs_interestingness": 0.5,
            "_thrs_logistic_regression": 0.9993991856938178,
            "_thrs_random_forest": 0.995
        },
        {
            "expression": "\u22a2 ( \ud835\udf11 \u2192 ( \ud835\udf13 \u2194 \ud835\udf12 ) )",
            "prop_expression": " \u22a2 ( \ud835\udf11 \u2192 ( \ud835\udf13 \u2194 \ud835\udf12 ) )",
            "step": 3,
            "theorem": "3bitr2d.1",
            "ground_truth": "3bitr2d.1 \u22a2 ( \ud835\udf11 \u2192 ( \ud835\udf13 \u2194 \ud835\udf12 ) )",
            "ground_truth_display": false,
            "statement_depth": 0,
            "_thrs_random_uniform": 0.800692614531348,
            "_thrs_reconstruct": 0.0,
            "_thrs_obviousness": 0.0,
            "_thrs_weight": 0.5,
            "_thrs_complexity": 0.5,
            "_thrs_surprisingness": 1.0,
            "_thrs_intensity": 0.0,
            "_thrs_interestingness": 0.4,
            "_thrs_logistic_regression": 0.6702450283867224,
            "_thrs_random_forest": 0.985
        },
        {
            "expression": "\u22a2 ( \ud835\udf11 \u2192 ( \ud835\udf03 \u2194 \ud835\udf12 ) )",
            "prop_expression": " \u22a2 ( \ud835\udf11 \u2192 ( \ud835\udf03 \u2194 \ud835\udf12 ) )",
            "step": 4,
            "theorem": "3bitr2d.2",
            "ground_truth": "3bitr2d.2 \u22a2 ( \ud835\udf11 \u2192 ( \ud835\udf03 \u2194 \ud835\udf12 ) )",
            "ground_truth_display": false,
            "statement_depth": 0,
            "_thrs_random_uniform": 0.3949913752589348,
            "_thrs_reconstruct": 0.0,
            "_thrs_obviousness": 0.0,
            "_thrs_weight": 0.5,
            "_thrs_complexity": 0.5,
            "_thrs_surprisingness": 0.666666666666667,
            "_thrs_intensity": 0.0,
            "_thrs_interestingness": 0.33333333333333337,
            "_thrs_logistic_regression": 0.7614742332059271,
            "_thrs_random_forest": 0.985
        },
        {
            "expression": "\u22a2 ( \ud835\udf11 \u2192 ( \ud835\udf03 \u2194 \ud835\udf0f ) )",
            "prop_expression": " \u22a2 ( \ud835\udf11 \u2192 ( \ud835\udf03 \u2194 \ud835\udf0f ) )",
            "step": 5,
            "theorem": "3bitr2d.3",
            "ground_truth": "3bitr2d.3 \u22a2 ( \ud835\udf11 \u2192 ( \ud835\udf03 \u2194 \ud835\udf0f ) )",
            "ground_truth_display": false,
            "statement_depth": 0,
            "_thrs_random_uniform": 0.5666160489911212,
            "_thrs_reconstruct": 0.0,
            "_thrs_obviousness": 0.0,
            "_thrs_weight": 0.5,
            "_thrs_complexity": 0.5,
            "_thrs_surprisingness": 1.0,
            "_thrs_intensity": 0.0,
            "_thrs_interestingness": 0.4,
            "_thrs_logistic_regression": 0.6702450283867224,
            "_thrs_random_forest": 1.0
        }
    ]
}