{
    "theorem": "3com13",
    "hyps": [
        [
            1,
            2
        ],
        [
            1,
            3
        ]
    ],
    "expression": "( ( \ud835\udf12 \u2227 \ud835\udf13 \u2227 \ud835\udf11 ) \u2192 \ud835\udf03 )",
    "steps": [
        {
            "expression": "\u22a2 ( ( \ud835\udf12 \u2227 \ud835\udf13 \u2227 \ud835\udf11 ) \u2192 \ud835\udf03 )",
            "prop_expression": "( \ud835\udf11 \u2194 \ud835\udf13 ), ( \ud835\udf13 \u2192 \ud835\udf12 ) \u22a2 ( \ud835\udf11 \u2192 \ud835\udf12 )",
            "step": 1,
            "theorem": "sylbi",
            "ground_truth": "sylbi \u22a2 ( ( \ud835\udf12 \u2227 \ud835\udf13 \u2227 \ud835\udf11 ) \u2192 \ud835\udf03 )",
            "ground_truth_display": false,
            "statement_depth": 0,
            "_thrs_random_uniform": 0.12850191216866103,
            "_thrs_reconstruct": 0.0006131377621658399,
            "_thrs_obviousness": 1.0,
            "_thrs_weight": 1.0,
            "_thrs_complexity": 0.0,
            "_thrs_surprisingness": 1.0,
            "_thrs_intensity": 1.0,
            "_thrs_interestingness": 0.8,
            "_thrs_logistic_regression": 0.9998810702354666,
            "_thrs_random_forest": 0.965
        },
        {
            "expression": "\u22a2 ( ( \ud835\udf12 \u2227 \ud835\udf13 \u2227 \ud835\udf11 ) \u2194 ( \ud835\udf11 \u2227 \ud835\udf13 \u2227 \ud835\udf12 ) )",
            "prop_expression": " \u22a2 ( ( \ud835\udf11 \u2227 \ud835\udf13 \u2227 \ud835\udf12 ) \u2194 ( \ud835\udf12 \u2227 \ud835\udf13 \u2227 \ud835\udf11 ) )",
            "step": 2,
            "theorem": "3anrev",
            "ground_truth": "3anrev \u22a2 ( ( \ud835\udf12 \u2227 \ud835\udf13 \u2227 \ud835\udf11 ) \u2194 ( \ud835\udf11 \u2227 \ud835\udf13 \u2227 \ud835\udf12 ) )",
            "ground_truth_display": false,
            "statement_depth": 0,
            "_thrs_random_uniform": 0.9694362410266241,
            "_thrs_reconstruct": 1.0,
            "_thrs_obviousness": 0.9993832870798643,
            "_thrs_weight": 0.0,
            "_thrs_complexity": 1.0,
            "_thrs_surprisingness": 0.0,
            "_thrs_intensity": 0.0,
            "_thrs_interestingness": 0.39987665741597284,
            "_thrs_logistic_regression": 0.26128822336036567,
            "_thrs_random_forest": 0.98
        },
        {
            "expression": "\u22a2 ( ( \ud835\udf11 \u2227 \ud835\udf13 \u2227 \ud835\udf12 ) \u2192 \ud835\udf03 )",
            "prop_expression": " \u22a2 ( ( \ud835\udf11 \u2227 \ud835\udf13 \u2227 \ud835\udf12 ) \u2192 \ud835\udf03 )",
            "step": 3,
            "theorem": "3exp.1",
            "ground_truth": "3exp.1 \u22a2 ( ( \ud835\udf11 \u2227 \ud835\udf13 \u2227 \ud835\udf12 ) \u2192 \ud835\udf03 )",
            "ground_truth_display": false,
            "statement_depth": 0,
            "_thrs_random_uniform": 0.4896407643457177,
            "_thrs_reconstruct": 0.0,
            "_thrs_obviousness": 0.0,
            "_thrs_weight": 1.0,
            "_thrs_complexity": 0.0,
            "_thrs_surprisingness": 1.0,
            "_thrs_intensity": 0.25,
            "_thrs_interestingness": 0.45,
            "_thrs_logistic_regression": 0.9937920746808849,
            "_thrs_random_forest": 1.0
        }
    ]
}