{
    "theorem": "3comr",
    "hyps": [
        [
            1,
            2
        ],
        [
            2,
            3
        ]
    ],
    "expression": "( ( \ud835\udf12 \u2227 \ud835\udf11 \u2227 \ud835\udf13 ) \u2192 \ud835\udf03 )",
    "steps": [
        {
            "number": 1114,
            "expression": "\u22a2 ( ( \ud835\udf12 \u2227 \ud835\udf11 \u2227 \ud835\udf13 ) \u2192 \ud835\udf03 )",
            "prop_expression": "( ( \ud835\udf11 \u2227 \ud835\udf13 \u2227 \ud835\udf12 ) \u2192 \ud835\udf03 ) \u22a2 ( ( \ud835\udf13 \u2227 \ud835\udf12 \u2227 \ud835\udf11 ) \u2192 \ud835\udf03 )",
            "step": 1,
            "theorem": "3coml",
            "ground_truth": "3coml \u22a2 ( ( \ud835\udf12 \u2227 \ud835\udf11 \u2227 \ud835\udf13 ) \u2192 \ud835\udf03 )",
            "ground_truth_display": false,
            "statement_depth": 0,
            "_thrs_random_uniform": 0.13587,
            "_thrs_reconstruct": 1.0,
            "_thrs_obviousness": 1.0,
            "_thrs_weight": 0.5,
            "_thrs_complexity": 0.5,
            "_thrs_surprisingness": 0.5,
            "_thrs_intensity": 0.5,
            "_thrs_interestingness": 0.6,
            "_thrs_logistic_regression": 0.98199,
            "_thrs_random_forest": 0.925
        },
        {
            "number": 1114,
            "expression": "\u22a2 ( ( \ud835\udf13 \u2227 \ud835\udf12 \u2227 \ud835\udf11 ) \u2192 \ud835\udf03 )",
            "prop_expression": "( ( \ud835\udf11 \u2227 \ud835\udf13 \u2227 \ud835\udf12 ) \u2192 \ud835\udf03 ) \u22a2 ( ( \ud835\udf13 \u2227 \ud835\udf12 \u2227 \ud835\udf11 ) \u2192 \ud835\udf03 )",
            "step": 2,
            "theorem": "3coml",
            "ground_truth": "3coml \u22a2 ( ( \ud835\udf13 \u2227 \ud835\udf12 \u2227 \ud835\udf11 ) \u2192 \ud835\udf03 )",
            "ground_truth_display": false,
            "statement_depth": 0,
            "_thrs_random_uniform": 0.38586,
            "_thrs_reconstruct": 1.0,
            "_thrs_obviousness": 0.5,
            "_thrs_weight": 0.5,
            "_thrs_complexity": 0.5,
            "_thrs_surprisingness": 0.5,
            "_thrs_intensity": 0.5,
            "_thrs_interestingness": 0.5,
            "_thrs_logistic_regression": 0.98273,
            "_thrs_random_forest": 0.91
        },
        {
            "number": 1114,
            "expression": "\u22a2 ( ( \ud835\udf11 \u2227 \ud835\udf13 \u2227 \ud835\udf12 ) \u2192 \ud835\udf03 )",
            "prop_expression": " \u22a2 ( ( \ud835\udf11 \u2227 \ud835\udf13 \u2227 \ud835\udf12 ) \u2192 \ud835\udf03 )",
            "step": 3,
            "theorem": "3exp.1",
            "ground_truth": "3exp.1 \u22a2 ( ( \ud835\udf11 \u2227 \ud835\udf13 \u2227 \ud835\udf12 ) \u2192 \ud835\udf03 )",
            "ground_truth_display": false,
            "statement_depth": 0,
            "_thrs_random_uniform": 0.65476,
            "_thrs_reconstruct": 0.0,
            "_thrs_obviousness": 0.0,
            "_thrs_weight": 0.5,
            "_thrs_complexity": 0.5,
            "_thrs_surprisingness": 0.5,
            "_thrs_intensity": 0.5,
            "_thrs_interestingness": 0.4,
            "_thrs_logistic_regression": 0.98344,
            "_thrs_random_forest": 0.945
        }
    ],
    "is_train": false
}