{
    "theorem": "3impdir",
    "hyps": [
        [
            1,
            2
        ],
        [
            2,
            3
        ]
    ],
    "expression": "( ( \ud835\udf11 \u2227 \ud835\udf12 \u2227 \ud835\udf13 ) \u2192 \ud835\udf03 )",
    "steps": [
        {
            "number": 1192,
            "expression": "\u22a2 ( ( \ud835\udf11 \u2227 \ud835\udf12 \u2227 \ud835\udf13 ) \u2192 \ud835\udf03 )",
            "prop_expression": "( ( ( \ud835\udf11 \u2227 \ud835\udf13 ) \u2227 \ud835\udf12 ) \u2192 \ud835\udf03 ) \u22a2 ( ( \ud835\udf11 \u2227 \ud835\udf13 \u2227 \ud835\udf12 ) \u2192 \ud835\udf03 )",
            "step": 1,
            "theorem": "3impa",
            "ground_truth": "3impa \u22a2 ( ( \ud835\udf11 \u2227 \ud835\udf12 \u2227 \ud835\udf13 ) \u2192 \ud835\udf03 )",
            "ground_truth_display": false,
            "statement_depth": 0,
            "_thrs_random_uniform": 0.32439,
            "_thrs_reconstruct": 0.00433,
            "_thrs_obviousness": 1.0,
            "_thrs_weight": 1.0,
            "_thrs_complexity": 0.5,
            "_thrs_surprisingness": 0.5,
            "_thrs_intensity": 0.44444,
            "_thrs_interestingness": 0.68889,
            "_thrs_logistic_regression": 0.98487,
            "_thrs_random_forest": 0.98
        },
        {
            "number": 1192,
            "expression": "\u22a2 ( ( ( \ud835\udf11 \u2227 \ud835\udf12 ) \u2227 \ud835\udf13 ) \u2192 \ud835\udf03 )",
            "prop_expression": "( ( ( \ud835\udf11 \u2227 \ud835\udf12 ) \u2227 ( \ud835\udf13 \u2227 \ud835\udf12 ) ) \u2192 \ud835\udf0f ) \u22a2 ( ( ( \ud835\udf11 \u2227 \ud835\udf13 ) \u2227 \ud835\udf12 ) \u2192 \ud835\udf0f )",
            "step": 2,
            "theorem": "anandirs",
            "ground_truth": "anandirs \u22a2 ( ( ( \ud835\udf11 \u2227 \ud835\udf12 ) \u2227 \ud835\udf13 ) \u2192 \ud835\udf03 )",
            "ground_truth_display": false,
            "statement_depth": 0,
            "_thrs_random_uniform": 0.64566,
            "_thrs_reconstruct": 1.0,
            "_thrs_obviousness": 0.99569,
            "_thrs_weight": 1.0,
            "_thrs_complexity": 0.5,
            "_thrs_surprisingness": 0.5,
            "_thrs_intensity": 1.0,
            "_thrs_interestingness": 0.79914,
            "_thrs_logistic_regression": 0.99923,
            "_thrs_random_forest": 0.915
        },
        {
            "number": 1192,
            "expression": "\u22a2 ( ( ( \ud835\udf11 \u2227 \ud835\udf13 ) \u2227 ( \ud835\udf12 \u2227 \ud835\udf13 ) ) \u2192 \ud835\udf03 )",
            "prop_expression": " \u22a2 ( ( ( \ud835\udf11 \u2227 \ud835\udf13 ) \u2227 ( \ud835\udf12 \u2227 \ud835\udf13 ) ) \u2192 \ud835\udf03 )",
            "step": 3,
            "theorem": "3impdir.1",
            "ground_truth": "3impdir.1 \u22a2 ( ( ( \ud835\udf11 \u2227 \ud835\udf13 ) \u2227 ( \ud835\udf12 \u2227 \ud835\udf13 ) ) \u2192 \ud835\udf03 )",
            "ground_truth_display": false,
            "statement_depth": 0,
            "_thrs_random_uniform": 0.40592,
            "_thrs_reconstruct": 0.0,
            "_thrs_obviousness": 0.0,
            "_thrs_weight": 0.0,
            "_thrs_complexity": 0.5,
            "_thrs_surprisingness": 0.5,
            "_thrs_intensity": 0.0,
            "_thrs_interestingness": 0.2,
            "_thrs_logistic_regression": 0.71293,
            "_thrs_random_forest": 0.38
        }
    ],
    "is_train": false
}