{
    "theorem": "3imtr4d",
    "hyps": [
        [
            1,
            2
        ],
        [
            1,
            3
        ],
        [
            3,
            4
        ],
        [
            3,
            5
        ]
    ],
    "expression": "( \ud835\udf11 \u2192 ( \ud835\udf03 \u2192 \ud835\udf0f ) )",
    "steps": [
        {
            "expression": "\u22a2 ( \ud835\udf11 \u2192 ( \ud835\udf03 \u2192 \ud835\udf0f ) )",
            "prop_expression": "( \ud835\udf11 \u2192 ( \ud835\udf13 \u2194 \ud835\udf12 ) ), ( \ud835\udf11 \u2192 ( \ud835\udf12 \u2192 \ud835\udf03 ) ) \u22a2 ( \ud835\udf11 \u2192 ( \ud835\udf13 \u2192 \ud835\udf03 ) )",
            "step": 1,
            "theorem": "sylbid",
            "ground_truth": "sylbid \u22a2 ( \ud835\udf11 \u2192 ( \ud835\udf03 \u2192 \ud835\udf0f ) )",
            "ground_truth_display": false,
            "statement_depth": 0,
            "_thrs_random_uniform": 0.1217884367386709,
            "_thrs_reconstruct": 0.04516308893225537,
            "_thrs_obviousness": 1.0,
            "_thrs_weight": 0.5,
            "_thrs_complexity": 0.5,
            "_thrs_surprisingness": 0.666666666666667,
            "_thrs_intensity": 1.0,
            "_thrs_interestingness": 0.7333333333333334,
            "_thrs_logistic_regression": 0.9984544894538548,
            "_thrs_random_forest": 0.945
        },
        {
            "expression": "\u22a2 ( \ud835\udf11 \u2192 ( \ud835\udf03 \u2194 \ud835\udf13 ) )",
            "prop_expression": " \u22a2 ( \ud835\udf11 \u2192 ( \ud835\udf03 \u2194 \ud835\udf13 ) )",
            "step": 2,
            "theorem": "3imtr4d.2",
            "ground_truth": "3imtr4d.2 \u22a2 ( \ud835\udf11 \u2192 ( \ud835\udf03 \u2194 \ud835\udf13 ) )",
            "ground_truth_display": false,
            "statement_depth": 0,
            "_thrs_random_uniform": 0.8159838706202811,
            "_thrs_reconstruct": 0.0,
            "_thrs_obviousness": 0.0,
            "_thrs_weight": 0.5,
            "_thrs_complexity": 0.5,
            "_thrs_surprisingness": 1.0,
            "_thrs_intensity": 0.0,
            "_thrs_interestingness": 0.4,
            "_thrs_logistic_regression": 0.6702450283867224,
            "_thrs_random_forest": 1.0
        },
        {
            "expression": "\u22a2 ( \ud835\udf11 \u2192 ( \ud835\udf13 \u2192 \ud835\udf0f ) )",
            "prop_expression": "( \ud835\udf11 \u2192 ( \ud835\udf13 \u2192 \ud835\udf12 ) ), ( \ud835\udf11 \u2192 ( \ud835\udf03 \u2194 \ud835\udf12 ) ) \u22a2 ( \ud835\udf11 \u2192 ( \ud835\udf13 \u2192 \ud835\udf03 ) )",
            "step": 3,
            "theorem": "sylibrd",
            "ground_truth": "sylibrd \u22a2 ( \ud835\udf11 \u2192 ( \ud835\udf13 \u2192 \ud835\udf0f ) )",
            "ground_truth_display": false,
            "statement_depth": 0,
            "_thrs_random_uniform": 0.9550896828082233,
            "_thrs_reconstruct": 1.0,
            "_thrs_obviousness": 0.9565449213543055,
            "_thrs_weight": 0.5,
            "_thrs_complexity": 0.5,
            "_thrs_surprisingness": 0.0,
            "_thrs_intensity": 1.0,
            "_thrs_interestingness": 0.5913089842708611,
            "_thrs_logistic_regression": 0.9993752567693949,
            "_thrs_random_forest": 0.965
        },
        {
            "expression": "\u22a2 ( \ud835\udf11 \u2192 ( \ud835\udf13 \u2192 \ud835\udf12 ) )",
            "prop_expression": " \u22a2 ( \ud835\udf11 \u2192 ( \ud835\udf13 \u2192 \ud835\udf12 ) )",
            "step": 4,
            "theorem": "3imtr4d.1",
            "ground_truth": "3imtr4d.1 \u22a2 ( \ud835\udf11 \u2192 ( \ud835\udf13 \u2192 \ud835\udf12 ) )",
            "ground_truth_display": false,
            "statement_depth": 0,
            "_thrs_random_uniform": 0.21415462285694709,
            "_thrs_reconstruct": 0.0,
            "_thrs_obviousness": 0.0,
            "_thrs_weight": 0.5,
            "_thrs_complexity": 0.5,
            "_thrs_surprisingness": 0.666666666666667,
            "_thrs_intensity": 0.0,
            "_thrs_interestingness": 0.33333333333333337,
            "_thrs_logistic_regression": 0.7614742332059271,
            "_thrs_random_forest": 0.91
        },
        {
            "expression": "\u22a2 ( \ud835\udf11 \u2192 ( \ud835\udf0f \u2194 \ud835\udf12 ) )",
            "prop_expression": " \u22a2 ( \ud835\udf11 \u2192 ( \ud835\udf0f \u2194 \ud835\udf12 ) )",
            "step": 5,
            "theorem": "3imtr4d.3",
            "ground_truth": "3imtr4d.3 \u22a2 ( \ud835\udf11 \u2192 ( \ud835\udf0f \u2194 \ud835\udf12 ) )",
            "ground_truth_display": false,
            "statement_depth": 0,
            "_thrs_random_uniform": 0.6301567644019321,
            "_thrs_reconstruct": 0.0,
            "_thrs_obviousness": 0.0,
            "_thrs_weight": 0.5,
            "_thrs_complexity": 0.5,
            "_thrs_surprisingness": 1.0,
            "_thrs_intensity": 0.0,
            "_thrs_interestingness": 0.4,
            "_thrs_logistic_regression": 0.6702450283867224,
            "_thrs_random_forest": 0.91
        }
    ]
}