{
    "theorem": "3jaodan",
    "hyps": [
        [
            1,
            2
        ],
        [
            2,
            3
        ],
        [
            2,
            5
        ],
        [
            2,
            7
        ],
        [
            3,
            4
        ],
        [
            5,
            6
        ],
        [
            7,
            8
        ]
    ],
    "expression": "( ( \ud835\udf11 \u2227 ( \ud835\udf13 \u2228 \ud835\udf03 \u2228 \ud835\udf0f ) ) \u2192 \ud835\udf12 )",
    "steps": [
        {
            "expression": "\u22a2 ( ( \ud835\udf11 \u2227 ( \ud835\udf13 \u2228 \ud835\udf03 \u2228 \ud835\udf0f ) ) \u2192 \ud835\udf12 )",
            "prop_expression": "( \ud835\udf11 \u2192 ( \ud835\udf13 \u2192 \ud835\udf12 ) ) \u22a2 ( ( \ud835\udf11 \u2227 \ud835\udf13 ) \u2192 \ud835\udf12 )",
            "step": 1,
            "theorem": "imp",
            "ground_truth": "imp \u22a2 ( ( \ud835\udf11 \u2227 ( \ud835\udf13 \u2228 \ud835\udf03 \u2228 \ud835\udf0f ) ) \u2192 \ud835\udf12 )",
            "ground_truth_display": false,
            "statement_depth": 0,
            "_thrs_random_uniform": 0.50118,
            "_thrs_reconstruct": 0.02141,
            "_thrs_obviousness": 1.0,
            "_thrs_weight": 0.0,
            "_thrs_complexity": 0.0,
            "_thrs_surprisingness": 1.0,
            "_thrs_intensity": 0.0,
            "_thrs_interestingness": 0.4,
            "_thrs_logistic_regression": 0.93628,
            "_thrs_random_forest": 0.885
        },
        {
            "expression": "\u22a2 ( \ud835\udf11 \u2192 ( ( \ud835\udf13 \u2228 \ud835\udf03 \u2228 \ud835\udf0f ) \u2192 \ud835\udf12 ) )",
            "prop_expression": "( \ud835\udf11 \u2192 ( \ud835\udf13 \u2192 \ud835\udf12 ) ), ( \ud835\udf11 \u2192 ( \ud835\udf03 \u2192 \ud835\udf12 ) ), ( \ud835\udf11 \u2192 ( \ud835\udf0f \u2192 \ud835\udf12 ) ) \u22a2 ( \ud835\udf11 \u2192 ( ( \ud835\udf13 \u2228 \ud835\udf03 \u2228 \ud835\udf0f ) \u2192 \ud835\udf12 ) )",
            "step": 2,
            "theorem": "3jaod",
            "ground_truth": "3jaod \u22a2 ( \ud835\udf11 \u2192 ( ( \ud835\udf13 \u2228 \ud835\udf03 \u2228 \ud835\udf0f ) \u2192 \ud835\udf12 ) )",
            "ground_truth_display": false,
            "statement_depth": 0,
            "_thrs_random_uniform": 0.55594,
            "_thrs_reconstruct": 1.0,
            "_thrs_obviousness": 0.98414,
            "_thrs_weight": 0.0,
            "_thrs_complexity": 0.0,
            "_thrs_surprisingness": 1.0,
            "_thrs_intensity": 1.0,
            "_thrs_interestingness": 0.59683,
            "_thrs_logistic_regression": 0.99969,
            "_thrs_random_forest": 0.855
        },
        {
            "expression": "\u22a2 ( \ud835\udf11 \u2192 ( \ud835\udf13 \u2192 \ud835\udf12 ) )",
            "prop_expression": "( ( \ud835\udf11 \u2227 \ud835\udf13 ) \u2192 \ud835\udf12 ) \u22a2 ( \ud835\udf11 \u2192 ( \ud835\udf13 \u2192 \ud835\udf12 ) )",
            "step": 3,
            "theorem": "ex",
            "ground_truth": "ex \u22a2 ( \ud835\udf11 \u2192 ( \ud835\udf13 \u2192 \ud835\udf12 ) )",
            "ground_truth_display": false,
            "statement_depth": 0,
            "_thrs_random_uniform": 0.30091,
            "_thrs_reconstruct": 0.11004,
            "_thrs_obviousness": 0.08143,
            "_thrs_weight": 1.0,
            "_thrs_complexity": 1.0,
            "_thrs_surprisingness": 0.0,
            "_thrs_intensity": 0.0,
            "_thrs_interestingness": 0.41629,
            "_thrs_logistic_regression": 0.49826,
            "_thrs_random_forest": 0.455
        },
        {
            "expression": "\u22a2 ( ( \ud835\udf11 \u2227 \ud835\udf13 ) \u2192 \ud835\udf12 )",
            "prop_expression": " \u22a2 ( ( \ud835\udf11 \u2227 \ud835\udf13 ) \u2192 \ud835\udf12 )",
            "step": 4,
            "theorem": "3jaodan.1",
            "ground_truth": "3jaodan.1 \u22a2 ( ( \ud835\udf11 \u2227 \ud835\udf13 ) \u2192 \ud835\udf12 )",
            "ground_truth_display": false,
            "statement_depth": 0,
            "_thrs_random_uniform": 0.23519,
            "_thrs_reconstruct": 0.0,
            "_thrs_obviousness": 0.0,
            "_thrs_weight": 1.0,
            "_thrs_complexity": 1.0,
            "_thrs_surprisingness": 0.0,
            "_thrs_intensity": 0.0,
            "_thrs_interestingness": 0.4,
            "_thrs_logistic_regression": 0.5,
            "_thrs_random_forest": 0.955
        },
        {
            "expression": "\u22a2 ( \ud835\udf11 \u2192 ( \ud835\udf03 \u2192 \ud835\udf12 ) )",
            "prop_expression": "( ( \ud835\udf11 \u2227 \ud835\udf13 ) \u2192 \ud835\udf12 ) \u22a2 ( \ud835\udf11 \u2192 ( \ud835\udf13 \u2192 \ud835\udf12 ) )",
            "step": 5,
            "theorem": "ex",
            "ground_truth": "ex \u22a2 ( \ud835\udf11 \u2192 ( \ud835\udf03 \u2192 \ud835\udf12 ) )",
            "ground_truth_display": false,
            "statement_depth": 0,
            "_thrs_random_uniform": 0.03179,
            "_thrs_reconstruct": 0.11004,
            "_thrs_obviousness": 0.08143,
            "_thrs_weight": 1.0,
            "_thrs_complexity": 1.0,
            "_thrs_surprisingness": 0.0,
            "_thrs_intensity": 0.0,
            "_thrs_interestingness": 0.41629,
            "_thrs_logistic_regression": 0.49826,
            "_thrs_random_forest": 0.455
        },
        {
            "expression": "\u22a2 ( ( \ud835\udf11 \u2227 \ud835\udf03 ) \u2192 \ud835\udf12 )",
            "prop_expression": " \u22a2 ( ( \ud835\udf11 \u2227 \ud835\udf03 ) \u2192 \ud835\udf12 )",
            "step": 6,
            "theorem": "3jaodan.2",
            "ground_truth": "3jaodan.2 \u22a2 ( ( \ud835\udf11 \u2227 \ud835\udf03 ) \u2192 \ud835\udf12 )",
            "ground_truth_display": false,
            "statement_depth": 0,
            "_thrs_random_uniform": 0.50434,
            "_thrs_reconstruct": 0.0,
            "_thrs_obviousness": 0.0,
            "_thrs_weight": 1.0,
            "_thrs_complexity": 1.0,
            "_thrs_surprisingness": 0.0,
            "_thrs_intensity": 0.0,
            "_thrs_interestingness": 0.4,
            "_thrs_logistic_regression": 0.5,
            "_thrs_random_forest": 0.955
        },
        {
            "expression": "\u22a2 ( \ud835\udf11 \u2192 ( \ud835\udf0f \u2192 \ud835\udf12 ) )",
            "prop_expression": "( ( \ud835\udf11 \u2227 \ud835\udf13 ) \u2192 \ud835\udf12 ) \u22a2 ( \ud835\udf11 \u2192 ( \ud835\udf13 \u2192 \ud835\udf12 ) )",
            "step": 7,
            "theorem": "ex",
            "ground_truth": "ex \u22a2 ( \ud835\udf11 \u2192 ( \ud835\udf0f \u2192 \ud835\udf12 ) )",
            "ground_truth_display": false,
            "statement_depth": 0,
            "_thrs_random_uniform": 0.53415,
            "_thrs_reconstruct": 0.11004,
            "_thrs_obviousness": 0.08143,
            "_thrs_weight": 1.0,
            "_thrs_complexity": 1.0,
            "_thrs_surprisingness": 0.0,
            "_thrs_intensity": 0.0,
            "_thrs_interestingness": 0.41629,
            "_thrs_logistic_regression": 0.49826,
            "_thrs_random_forest": 0.455
        },
        {
            "expression": "\u22a2 ( ( \ud835\udf11 \u2227 \ud835\udf0f ) \u2192 \ud835\udf12 )",
            "prop_expression": " \u22a2 ( ( \ud835\udf11 \u2227 \ud835\udf0f ) \u2192 \ud835\udf12 )",
            "step": 8,
            "theorem": "3jaodan.3",
            "ground_truth": "3jaodan.3 \u22a2 ( ( \ud835\udf11 \u2227 \ud835\udf0f ) \u2192 \ud835\udf12 )",
            "ground_truth_display": false,
            "statement_depth": 0,
            "_thrs_random_uniform": 0.28588,
            "_thrs_reconstruct": 0.0,
            "_thrs_obviousness": 0.0,
            "_thrs_weight": 1.0,
            "_thrs_complexity": 1.0,
            "_thrs_surprisingness": 0.0,
            "_thrs_intensity": 0.0,
            "_thrs_interestingness": 0.4,