{
    "theorem": "3mix2",
    "hyps": [
        [
            1,
            2
        ],
        [
            1,
            3
        ]
    ],
    "expression": "( \ud835\udf11 \u2192 ( \ud835\udf13 \u2228 \ud835\udf11 \u2228 \ud835\udf12 ) )",
    "steps": [
        {
            "number": 1080,
            "expression": "\u22a2 ( \ud835\udf11 \u2192 ( \ud835\udf13 \u2228 \ud835\udf11 \u2228 \ud835\udf12 ) )",
            "prop_expression": "( \ud835\udf11 \u2192 \ud835\udf13 ), ( \ud835\udf12 \u2194 \ud835\udf13 ) \u22a2 ( \ud835\udf11 \u2192 \ud835\udf12 )",
            "step": 1,
            "theorem": "sylibr",
            "ground_truth": "sylibr \u22a2 ( \ud835\udf11 \u2192 ( \ud835\udf13 \u2228 \ud835\udf11 \u2228 \ud835\udf12 ) )",
            "ground_truth_display": false,
            "statement_depth": 0,
            "_thrs_random_uniform": 0.86955,
            "_thrs_reconstruct": 0.0,
            "_thrs_obviousness": 1.0,
            "_thrs_weight": 1.0,
            "_thrs_complexity": 0.5,
            "_thrs_surprisingness": 0.5,
            "_thrs_intensity": 1.0,
            "_thrs_interestingness": 0.8,
            "_thrs_logistic_regression": 0.99923,
            "_thrs_random_forest": 0.805
        },
        {
            "number": 1080,
            "expression": "\u22a2 ( \ud835\udf11 \u2192 ( \ud835\udf11 \u2228 \ud835\udf12 \u2228 \ud835\udf13 ) )",
            "prop_expression": " \u22a2 ( \ud835\udf11 \u2192 ( \ud835\udf11 \u2228 \ud835\udf13 \u2228 \ud835\udf12 ) )",
            "step": 2,
            "theorem": "3mix1",
            "ground_truth": "3mix1 \u22a2 ( \ud835\udf11 \u2192 ( \ud835\udf11 \u2228 \ud835\udf12 \u2228 \ud835\udf13 ) )",
            "ground_truth_display": false,
            "statement_depth": 0,
            "_thrs_random_uniform": 0.04984,
            "_thrs_reconstruct": 0.88323,
            "_thrs_obviousness": 0.0,
            "_thrs_weight": 1.0,
            "_thrs_complexity": 0.5,
            "_thrs_surprisingness": 0.5,
            "_thrs_intensity": 0.125,
            "_thrs_interestingness": 0.425,
            "_thrs_logistic_regression": 0.92675,
            "_thrs_random_forest": 0.94
        },
        {
            "number": 1080,
            "expression": "\u22a2 ( ( \ud835\udf13 \u2228 \ud835\udf11 \u2228 \ud835\udf12 ) \u2194 ( \ud835\udf11 \u2228 \ud835\udf12 \u2228 \ud835\udf13 ) )",
            "prop_expression": " \u22a2 ( ( \ud835\udf11 \u2228 \ud835\udf13 \u2228 \ud835\udf12 ) \u2194 ( \ud835\udf13 \u2228 \ud835\udf12 \u2228 \ud835\udf11 ) )",
            "step": 3,
            "theorem": "3orrot",
            "ground_truth": "3orrot \u22a2 ( ( \ud835\udf13 \u2228 \ud835\udf11 \u2228 \ud835\udf12 ) \u2194 ( \ud835\udf11 \u2228 \ud835\udf12 \u2228 \ud835\udf13 ) )",
            "ground_truth_display": false,
            "statement_depth": 0,
            "_thrs_random_uniform": 0.11064,
            "_thrs_reconstruct": 1.0,
            "_thrs_obviousness": 0.11347,
            "_thrs_weight": 0.0,
            "_thrs_complexity": 0.5,
            "_thrs_surprisingness": 0.5,
            "_thrs_intensity": 0.0,
            "_thrs_interestingness": 0.22269,
            "_thrs_logistic_regression": 0.71094,
            "_thrs_random_forest": 0.965
        }
    ],
    "is_train": false
}