{
    "theorem": "4exbidv",
    "hyps": [
        [
            1,
            2
        ],
        [
            2,
            3
        ]
    ],
    "expression": "( \ud835\udf11 \u2192 ( \u2203 x \u2203 y \u2203 z \u2203 w \ud835\udf13 \u2194 \u2203 x \u2203 y \u2203 z \u2203 w \ud835\udf12 ) )",
    "steps": [
        {
            "number": 1850,
            "expression": "\u22a2 ( \ud835\udf11 \u2192 ( \u2203 x \u2203 y \u2203 z \u2203 w \ud835\udf13 \u2194 \u2203 x \u2203 y \u2203 z \u2203 w \ud835\udf12 ) )",
            "prop_expression": "( \ud835\udf11 \u2192 ( \ud835\udf13 \u2194 \ud835\udf12 ) ) \u22a2 ( \ud835\udf11 \u2192 ( \u2203 x \u2203 y \ud835\udf13 \u2194 \u2203 x \u2203 y \ud835\udf12 ) )",
            "step": 1,
            "theorem": "2exbidv",
            "ground_truth": "2exbidv \u22a2 ( \ud835\udf11 \u2192 ( \u2203 x \u2203 y \u2203 z \u2203 w \ud835\udf13 \u2194 \u2203 x \u2203 y \u2203 z \u2203 w \ud835\udf12 ) )",
            "ground_truth_display": false,
            "statement_depth": 0,
            "_thrs_random_uniform": 0.27946,
            "_thrs_reconstruct": 1.0,
            "_thrs_obviousness": 1.0,
            "_thrs_weight": 0.0,
            "_thrs_complexity": 0.0,
            "_thrs_surprisingness": 0.5,
            "_thrs_intensity": 0.61818,
            "_thrs_interestingness": 0.42364,
            "_thrs_logistic_regression": 0.99877,
            "_thrs_random_forest": 0.88
        },
        {
            "number": 1850,
            "expression": "\u22a2 ( \ud835\udf11 \u2192 ( \u2203 z \u2203 w \ud835\udf13 \u2194 \u2203 z \u2203 w \ud835\udf12 ) )",
            "prop_expression": "( \ud835\udf11 \u2192 ( \ud835\udf13 \u2194 \ud835\udf12 ) ) \u22a2 ( \ud835\udf11 \u2192 ( \u2203 x \u2203 y \ud835\udf13 \u2194 \u2203 x \u2203 y \ud835\udf12 ) )",
            "step": 2,
            "theorem": "2exbidv",
            "ground_truth": "2exbidv \u22a2 ( \ud835\udf11 \u2192 ( \u2203 z \u2203 w \ud835\udf13 \u2194 \u2203 z \u2203 w \ud835\udf12 ) )",
            "ground_truth_display": false,
            "statement_depth": 0,
            "_thrs_random_uniform": 0.80333,
            "_thrs_reconstruct": 1.0,
            "_thrs_obviousness": 0.5,
            "_thrs_weight": 0.5,
            "_thrs_complexity": 0.5,
            "_thrs_surprisingness": 0.5,
            "_thrs_intensity": 0.0,
            "_thrs_interestingness": 0.4,
            "_thrs_logistic_regression": 0.7931,
            "_thrs_random_forest": 0.87
        },
        {
            "number": 1850,
            "expression": "\u22a2 ( \ud835\udf11 \u2192 ( \ud835\udf13 \u2194 \ud835\udf12 ) )",
            "prop_expression": " \u22a2 ( \ud835\udf11 \u2192 ( \ud835\udf13 \u2194 \ud835\udf12 ) )",
            "step": 3,
            "theorem": "4exbidv.1",
            "ground_truth": "4exbidv.1 \u22a2 ( \ud835\udf11 \u2192 ( \ud835\udf13 \u2194 \ud835\udf12 ) )",
            "ground_truth_display": false,
            "statement_depth": 0,
            "_thrs_random_uniform": 0.10662,
            "_thrs_reconstruct": 0.0,
            "_thrs_obviousness": 0.0,
            "_thrs_weight": 1.0,
            "_thrs_complexity": 1.0,
            "_thrs_surprisingness": 0.5,
            "_thrs_intensity": 1.0,
            "_thrs_interestingness": 0.7,
            "_thrs_logistic_regression": 0.99115,
            "_thrs_random_forest": 0.92
        }
    ],
    "is_train": false
}