{
    "theorem": "a16g",
    "hyps": [
        [
            1,
            2
        ],
        [
            1,
            3
        ],
        [
            1,
            4
        ],
        [
            4,
            5
        ],
        [
            5,
            6
        ]
    ],
    "expression": "( \u2200 x x = y \u2192 ( \ud835\udf11 \u2192 \u2200 z \ud835\udf11 ) )",
    "steps": [
        {
            "expression": "\u22a2 ( \u2200 x x = y \u2192 ( \ud835\udf11 \u2192 \u2200 z \ud835\udf11 ) )",
            "prop_expression": "( \ud835\udf11 \u2192 \ud835\udf13 ), ( \ud835\udf11 \u2192 ( \ud835\udf12 \u2192 \ud835\udf03 ) ), ( \ud835\udf13 \u2192 ( \ud835\udf03 \u2192 \ud835\udf0f ) ) \u22a2 ( \ud835\udf11 \u2192 ( \ud835\udf12 \u2192 \ud835\udf0f ) )",
            "step": 1,
            "theorem": "sylsyld",
            "ground_truth": "sylsyld \u22a2 ( \u2200 x x = y \u2192 ( \ud835\udf11 \u2192 \u2200 z \ud835\udf11 ) )",
            "ground_truth_display": false,
            "statement_depth": 0,
            "_thrs_random_uniform": 0.2514675141492896,
            "_thrs_reconstruct": 8.29833474259439e-06,
            "_thrs_obviousness": 1.0,
            "_thrs_weight": 0.5,
            "_thrs_complexity": 0.0,
            "_thrs_surprisingness": 0.5,
            "_thrs_intensity": 1.0,
            "_thrs_interestingness": 0.6,
            "_thrs_logistic_regression": 0.9999026613318693,
            "_thrs_random_forest": 0.915
        },
        {
            "expression": "\u22a2 ( \u2200 x x = y \u2192 \u2200 z z = x )",
            "prop_expression": " \u22a2 ( \u2200 x x = y \u2192 \u2200 z w = v )",
            "step": 2,
            "theorem": "aev",
            "ground_truth": "aev \u22a2 ( \u2200 x x = y \u2192 \u2200 z z = x )",
            "ground_truth_display": false,
            "statement_depth": 0,
            "_thrs_random_uniform": 0.47064601995611044,
            "_thrs_reconstruct": 1.0,
            "_thrs_obviousness": 0.5538606083667298,
            "_thrs_weight": 0.5,
            "_thrs_complexity": 1.0,
            "_thrs_surprisingness": 0.5,
            "_thrs_intensity": 0.0,
            "_thrs_interestingness": 0.510772121673346,
            "_thrs_logistic_regression": 0.23120727295411025,
            "_thrs_random_forest": 0.985
        },
        {
            "expression": "\u22a2 ( \u2200 x x = y \u2192 ( \ud835\udf11 \u2192 \u2200 x \ud835\udf11 ) )",
            "prop_expression": " \u22a2 ( \u2200 x x = y \u2192 ( \ud835\udf11 \u2192 \u2200 x \ud835\udf11 ) )",
            "step": 3,
            "theorem": "ax-16",
            "ground_truth": "ax-16 \u22a2 ( \u2200 x x = y \u2192 ( \ud835\udf11 \u2192 \u2200 x \ud835\udf11 ) )",
            "ground_truth_display": false,
            "statement_depth": 0,
            "_thrs_random_uniform": 0.0963407008639856,
            "_thrs_reconstruct": 0.0,
            "_thrs_obviousness": 0.0,
            "_thrs_weight": 0.5,
            "_thrs_complexity": 1.0,
            "_thrs_surprisingness": 0.5,
            "_thrs_intensity": 0.0,
            "_thrs_interestingness": 0.4,
            "_thrs_logistic_regression": 0.23974133906382833,
            "_thrs_random_forest": 0.98
        },
        {
            "expression": "\u22a2 ( \u2200 z z = x \u2192 ( \u2200 x \ud835\udf11 \u2192 \u2200 z \ud835\udf11 ) )",
            "prop_expression": "( \ud835\udf11 \u2192 ( \ud835\udf13 \u2194 \ud835\udf12 ) ) \u22a2 ( \ud835\udf11 \u2192 ( \ud835\udf12 \u2192 \ud835\udf13 ) )",
            "step": 4,
            "theorem": "biimprd",
            "ground_truth": "biimprd \u22a2 ( \u2200 z z = x \u2192 ( \u2200 x \ud835\udf11 \u2192 \u2200 z \ud835\udf11 ) )",
            "ground_truth_display": false,
            "statement_depth": 0,
            "_thrs_random_uniform": 0.41274886807291,
            "_thrs_reconstruct": 0.0031267251801175393,
            "_thrs_obviousness": 0.44613406980926823,
            "_thrs_weight": 0.0,
            "_thrs_complexity": 1.0,
            "_thrs_surprisingness": 0.5,
            "_thrs_intensity": 0.1875,
            "_thrs_interestingness": 0.4267268139618537,
            "_thrs_logistic_regression": 0.3413088145242799,
            "_thrs_random_forest": 0.95
        },
        {
            "expression": "\u22a2 ( \u2200 z z = x \u2192 ( \u2200 z \ud835\udf11 \u2194 \u2200 x \ud835\udf11 ) )",
            "prop_expression": "( \u2200 x x = y \u2192 ( \ud835\udf11 \u2194 \ud835\udf13 ) ) \u22a2 ( \u2200 x x = y \u2192 ( \u2200 x \ud835\udf11 \u2194 \u2200 y \ud835\udf13 ) )",
            "step": 5,
            "theorem": "dral1",
            "ground_truth": "dral1 \u22a2 ( \u2200 z z = x \u2192 ( \u2200 z \ud835\udf11 \u2194 \u2200 x \ud835\udf11 ) )",
            "ground_truth_display": false,
            "statement_depth": 0,
            "_thrs_random_uniform": 0.33126961907416974,
            "_thrs_reconstruct": 0.802149356049224,
            "_thrs_obviousness": 0.44440205799772176,
            "_thrs_weight": 0.0,
            "_thrs_complexity": 1.0,
            "_thrs_surprisingness": 0.5,
            "_thrs_intensity": 0.08035714285714286,
            "_thrs_interestingness": 0.40495184017097297,
            "_thrs_logistic_regression": 0.2252330561752561,
            "_thrs_random_forest": 0.625
        },
        {
            "expression": "\u22a2 ( \u2200 z z = x \u2192 ( \ud835\udf11 \u2194 \ud835\udf11 ) )",
            "prop_expression": " \u22a2 ( \ud835\udf11 \u2192 ( \ud835\udf13 \u2194 \ud835\udf13 ) )",
            "step": 6,
            "theorem": "biidd",
            "ground_truth": "biidd \u22a2 ( \u2200 z z = x \u2192 ( \ud835\udf11 \u2194 \ud835\udf11 ) )",
            "ground_truth_display": false,
            "statement_depth": 0,
            "_thrs_random_uniform": 0.3317493315444666,
            "_thrs_reconstruct": 0.00022187126574936582,
            "_thrs_obviousness": 0.00012288575422704013,
            "_thrs_weight": 1.0,
            "_thrs_complexity": 1.0,
            "_thrs_surprisingness": 0.5,
            "_thrs_intensity": 0.03749999999999999,
            "_thrs_interestingness": 0.5075245771508454,
            "_thrs_logistic_regression": 0.38345688378721,
            "_thrs_random_forest": 0.64375
        }
    ]
}