{
    "theorem": "a2d",
    "hyps": [
        [
            1,
            2
        ],
        [
            1,
            3
        ]
    ],
    "expression": "( \ud835\udf11 \u2192 ( ( \ud835\udf13 \u2192 \ud835\udf12 ) \u2192 ( \ud835\udf13 \u2192 \ud835\udf03 ) ) )",
    "steps": [
        {
            "number": 22,
            "expression": "\u22a2 ( \ud835\udf11 \u2192 ( ( \ud835\udf13 \u2192 \ud835\udf12 ) \u2192 ( \ud835\udf13 \u2192 \ud835\udf03 ) ) )",
            "prop_expression": "( \ud835\udf11 \u2192 \ud835\udf13 ), ( \ud835\udf13 \u2192 \ud835\udf12 ) \u22a2 ( \ud835\udf11 \u2192 \ud835\udf12 )",
            "step": 1,
            "theorem": "syl",
            "ground_truth": "syl \u22a2 ( \ud835\udf11 \u2192 ( ( \ud835\udf13 \u2192 \ud835\udf12 ) \u2192 ( \ud835\udf13 \u2192 \ud835\udf03 ) ) )",
            "ground_truth_display": false,
            "statement_depth": 0,
            "_thrs_random_uniform": 0.6791,
            "_thrs_reconstruct": 1.0,
            "_thrs_obviousness": 1.0,
            "_thrs_weight": 0.66667,
            "_thrs_complexity": 0.0,
            "_thrs_surprisingness": 1.0,
            "_thrs_intensity": 1.0,
            "_thrs_interestingness": 0.73333,
            "_thrs_logistic_regression": 0.99984,
            "_thrs_random_forest": 0.735
        },
        {
            "number": 22,
            "expression": "\u22a2 ( \ud835\udf11 \u2192 ( \ud835\udf13 \u2192 ( \ud835\udf12 \u2192 \ud835\udf03 ) ) )",
            "prop_expression": " \u22a2 ( \ud835\udf11 \u2192 ( \ud835\udf13 \u2192 ( \ud835\udf12 \u2192 \ud835\udf03 ) ) )",
            "step": 2,
            "theorem": "a2d.1",
            "ground_truth": "a2d.1 \u22a2 ( \ud835\udf11 \u2192 ( \ud835\udf13 \u2192 ( \ud835\udf12 \u2192 \ud835\udf03 ) ) )",
            "ground_truth_display": false,
            "statement_depth": 0,
            "_thrs_random_uniform": 0.85963,
            "_thrs_reconstruct": 0.0,
            "_thrs_obviousness": 0.0,
            "_thrs_weight": 1.0,
            "_thrs_complexity": 0.0,
            "_thrs_surprisingness": 1.0,
            "_thrs_intensity": 0.32258,
            "_thrs_interestingness": 0.46452,
            "_thrs_logistic_regression": 0.9958,
            "_thrs_random_forest": 1.0
        },
        {
            "number": 22,
            "expression": "\u22a2 ( ( \ud835\udf13 \u2192 ( \ud835\udf12 \u2192 \ud835\udf03 ) ) \u2192 ( ( \ud835\udf13 \u2192 \ud835\udf12 ) \u2192 ( \ud835\udf13 \u2192 \ud835\udf03 ) ) )",
            "prop_expression": " \u22a2 ( ( \ud835\udf11 \u2192 ( \ud835\udf13 \u2192 \ud835\udf12 ) ) \u2192 ( ( \ud835\udf11 \u2192 \ud835\udf13 ) \u2192 ( \ud835\udf11 \u2192 \ud835\udf12 ) ) )",
            "step": 3,
            "theorem": "ax-2",
            "ground_truth": "ax-2 \u22a2 ( ( \ud835\udf13 \u2192 ( \ud835\udf12 \u2192 \ud835\udf03 ) ) \u2192 ( ( \ud835\udf13 \u2192 \ud835\udf12 ) \u2192 ( \ud835\udf13 \u2192 \ud835\udf03 ) ) )",
            "ground_truth_display": false,
            "statement_depth": 0,
            "_thrs_random_uniform": 0.99361,
            "_thrs_reconstruct": 0.0,
            "_thrs_obviousness": 0.0,
            "_thrs_weight": 0.0,
            "_thrs_complexity": 1.0,
            "_thrs_surprisingness": 0.0,
            "_thrs_intensity": 0.0,
            "_thrs_interestingness": 0.2,
            "_thrs_logistic_regression": 0.27813,
            "_thrs_random_forest": 0.965
        }
    ],
    "is_train": false
}