{
    "theorem": "alanimi",
    "hyps": [
        [
            1,
            2
        ],
        [
            2,
            3
        ],
        [
            3,
            4
        ]
    ],
    "expression": "( ( \u2200 x \ud835\udf11 \u2227 \u2200 x \ud835\udf13 ) \u2192 \u2200 x \ud835\udf12 )",
    "steps": [
        {
            "expression": "\u22a2 ( ( \u2200 x \ud835\udf11 \u2227 \u2200 x \ud835\udf13 ) \u2192 \u2200 x \ud835\udf12 )",
            "prop_expression": "( \ud835\udf11 \u2192 ( \ud835\udf13 \u2192 \ud835\udf12 ) ) \u22a2 ( ( \ud835\udf11 \u2227 \ud835\udf13 ) \u2192 \ud835\udf12 )",
            "step": 1,
            "theorem": "imp",
            "ground_truth": "imp \u22a2 ( ( \u2200 x \ud835\udf11 \u2227 \u2200 x \ud835\udf13 ) \u2192 \u2200 x \ud835\udf12 )",
            "ground_truth_display": false,
            "statement_depth": 0,
            "_thrs_random_uniform": 0.20684,
            "_thrs_reconstruct": 0.19453,
            "_thrs_obviousness": 1.0,
            "_thrs_weight": 0.0,
            "_thrs_complexity": 0.0,
            "_thrs_surprisingness": 0.5,
            "_thrs_intensity": 1.0,
            "_thrs_interestingness": 0.5,
            "_thrs_logistic_regression": 0.99984,
            "_thrs_random_forest": 0.77
        },
        {
            "expression": "\u22a2 ( \u2200 x \ud835\udf11 \u2192 ( \u2200 x \ud835\udf13 \u2192 \u2200 x \ud835\udf12 ) )",
            "prop_expression": "( \ud835\udf11 \u2192 ( \ud835\udf13 \u2192 \ud835\udf12 ) ) \u22a2 ( \u2200 x \ud835\udf11 \u2192 ( \u2200 x \ud835\udf13 \u2192 \u2200 x \ud835\udf12 ) )",
            "step": 2,
            "theorem": "al2imi",
            "ground_truth": "al2imi \u22a2 ( \u2200 x \ud835\udf11 \u2192 ( \u2200 x \ud835\udf13 \u2192 \u2200 x \ud835\udf12 ) )",
            "ground_truth_display": false,
            "statement_depth": 0,
            "_thrs_random_uniform": 0.40389,
            "_thrs_reconstruct": 0.00233,
            "_thrs_obviousness": 0.83734,
            "_thrs_weight": 0.0,
            "_thrs_complexity": 0.0,
            "_thrs_surprisingness": 0.5,
            "_thrs_intensity": 0.0,
            "_thrs_interestingness": 0.26747,
            "_thrs_logistic_regression": 0.96703,
            "_thrs_random_forest": 0.855
        },
        {
            "expression": "\u22a2 ( \ud835\udf11 \u2192 ( \ud835\udf13 \u2192 \ud835\udf12 ) )",
            "prop_expression": "( ( \ud835\udf11 \u2227 \ud835\udf13 ) \u2192 \ud835\udf12 ) \u22a2 ( \ud835\udf11 \u2192 ( \ud835\udf13 \u2192 \ud835\udf12 ) )",
            "step": 3,
            "theorem": "ex",
            "ground_truth": "ex \u22a2 ( \ud835\udf11 \u2192 ( \ud835\udf13 \u2192 \ud835\udf12 ) )",
            "ground_truth_display": false,
            "statement_depth": 0,
            "_thrs_random_uniform": 0.5473,
            "_thrs_reconstruct": 1.0,
            "_thrs_obviousness": 0.83515,
            "_thrs_weight": 1.0,
            "_thrs_complexity": 1.0,
            "_thrs_surprisingness": 0.5,
            "_thrs_intensity": 1.0,
            "_thrs_interestingness": 0.86703,
            "_thrs_logistic_regression": 0.9905,
            "_thrs_random_forest": 0.825
        },
        {
            "expression": "\u22a2 ( ( \ud835\udf11 \u2227 \ud835\udf13 ) \u2192 \ud835\udf12 )",
            "prop_expression": " \u22a2 ( ( \ud835\udf11 \u2227 \ud835\udf13 ) \u2192 \ud835\udf12 )",
            "step": 4,
            "theorem": "alanimi.1",
            "ground_truth": "alanimi.1 \u22a2 ( ( \ud835\udf11 \u2227 \ud835\udf13 ) \u2192 \ud835\udf12 )",
            "ground_truth_display": false,
            "statement_depth": 0,
            "_thrs_random_uniform": 0.93345,
            "_thrs_reconstruct": 0.0,
            "_thrs_obviousness": 0.0,
            "_thrs_weight": 1.0,
            "_thrs_complexity": 1.0,
            "_thrs_surprisingness": 0.5,
            "_thrs_intensity": 1.0,
            "_thrs_interestingness": 0.7,
            "_thrs_logistic_regression": 0.99115,
            "_thrs_random_forest": 0.875
        }
    ]
}