{
    "theorem": "alrple",
    "hyps": [
        [
            1,
            2
        ],
        [
            1,
            3
        ]
    ],
    "expression": "( ( A \u2208 \u211d \u2227 B \u2208 \u211d ) \u2192 ( A \u2264 B \u2194 \u2200 x \u2208 \u211d+ A \u2264 ( B + x ) ) )",
    "steps": [
        {
            "number": 9554,
            "expression": "\u22a2 ( ( A \u2208 \u211d \u2227 B \u2208 \u211d ) \u2192 ( A \u2264 B \u2194 \u2200 x \u2208 \u211d+ A \u2264 ( B + x ) ) )",
            "prop_expression": "( \ud835\udf11 \u2192 \ud835\udf13 ), ( ( \ud835\udf13 \u2227 \ud835\udf12 ) \u2192 \ud835\udf03 ) \u22a2 ( ( \ud835\udf11 \u2227 \ud835\udf12 ) \u2192 \ud835\udf03 )",
            "step": 1,
            "theorem": "sylan",
            "ground_truth": "sylan \u22a2 ( ( A \u2208 \u211d \u2227 B \u2208 \u211d ) \u2192 ( A \u2264 B \u2194 \u2200 x \u2208 \u211d+ A \u2264 ( B + x ) ) )",
            "ground_truth_display": false,
            "statement_depth": 0,
            "_thrs_random_uniform": 0.68157,
            "_thrs_reconstruct": 0.0,
            "_thrs_obviousness": 1.0,
            "_thrs_weight": 0.0,
            "_thrs_complexity": 0.2,
            "_thrs_surprisingness": 0.75,
            "_thrs_intensity": 1.0,
            "_thrs_interestingness": 0.59,
            "_thrs_logistic_regression": 0.99939,
            "_thrs_random_forest": 0.77
        },
        {
            "number": 9554,
            "expression": "\u22a2 ( A \u2208 \u211d \u2192 A \u2208 \u211d* )",
            "prop_expression": " \u22a2 ( A \u2208 \u211d \u2192 A \u2208 \u211d* )",
            "step": 2,
            "theorem": "rexr",
            "ground_truth": "rexr \u22a2 ( A \u2208 \u211d \u2192 A \u2208 \u211d* )",
            "ground_truth_display": false,
            "statement_depth": 0,
            "_thrs_random_uniform": 0.90851,
            "_thrs_reconstruct": 0.0,
            "_thrs_obviousness": 0.0,
            "_thrs_weight": 1.0,
            "_thrs_complexity": 1.0,
            "_thrs_surprisingness": 0.0,
            "_thrs_intensity": 0.20388,
            "_thrs_interestingness": 0.44078,
            "_thrs_logistic_regression": 0.75028,
            "_thrs_random_forest": 0.775
        },
        {
            "number": 9554,
            "expression": "\u22a2 ( ( A \u2208 \u211d* \u2227 B \u2208 \u211d ) \u2192 ( A \u2264 B \u2194 \u2200 x \u2208 \u211d+ A \u2264 ( B + x ) ) )",
            "prop_expression": " \u22a2 ( ( A \u2208 \u211d* \u2227 B \u2208 \u211d ) \u2192 ( A \u2264 B \u2194 \u2200 x \u2208 \u211d+ A \u2264 ( B + x ) ) )",
            "step": 3,
            "theorem": "xralrple",
            "ground_truth": "xralrple \u22a2 ( ( A \u2208 \u211d* \u2227 B \u2208 \u211d ) \u2192 ( A \u2264 B \u2194 \u2200 x \u2208 \u211d+ A \u2264 ( B + x ) ) )",
            "ground_truth_display": false,
            "statement_depth": 0,
            "_thrs_random_uniform": 0.67925,
            "_thrs_reconstruct": 1.0,
            "_thrs_obviousness": 1.0,
            "_thrs_weight": 0.0,
            "_thrs_complexity": 0.0,
            "_thrs_surprisingness": 1.0,
            "_thrs_intensity": 0.0,
            "_thrs_interestingness": 0.4,
            "_thrs_logistic_regression": 0.93628,
            "_thrs_random_forest": 0.8
        }
    ],
    "is_train": false
}