{
    "theorem": "anabss7",
    "hyps": [
        [
            1,
            2
        ],
        [
            2,
            3
        ]
    ],
    "expression": "( ( \ud835\udf11 \u2227 \ud835\udf13 ) \u2192 \ud835\udf12 )",
    "steps": [
        {
            "expression": "\u22a2 ( ( \ud835\udf11 \u2227 \ud835\udf13 ) \u2192 \ud835\udf12 )",
            "prop_expression": "( ( ( \ud835\udf13 \u2227 \ud835\udf11 ) \u2227 \ud835\udf13 ) \u2192 \ud835\udf12 ) \u22a2 ( ( \ud835\udf11 \u2227 \ud835\udf13 ) \u2192 \ud835\udf12 )",
            "step": 1,
            "theorem": "anabss4",
            "ground_truth": "anabss4 \u22a2 ( ( \ud835\udf11 \u2227 \ud835\udf13 ) \u2192 \ud835\udf12 )",
            "ground_truth_display": false,
            "statement_depth": 0,
            "_thrs_random_uniform": 0.22115483398427915,
            "_thrs_reconstruct": 1.0,
            "_thrs_obviousness": 1.0,
            "_thrs_weight": 1.0,
            "_thrs_complexity": 0.5,
            "_thrs_surprisingness": 0.5,
            "_thrs_intensity": 1.0,
            "_thrs_interestingness": 0.8,
            "_thrs_logistic_regression": 0.9992339271291688,
            "_thrs_random_forest": 0.925
        },
        {
            "expression": "\u22a2 ( ( ( \ud835\udf13 \u2227 \ud835\udf11 ) \u2227 \ud835\udf13 ) \u2192 \ud835\udf12 )",
            "prop_expression": "( ( \ud835\udf11 \u2227 ( \ud835\udf13 \u2227 \ud835\udf12 ) ) \u2192 \ud835\udf03 ) \u22a2 ( ( ( \ud835\udf11 \u2227 \ud835\udf13 ) \u2227 \ud835\udf12 ) \u2192 \ud835\udf03 )",
            "step": 2,
            "theorem": "anassrs",
            "ground_truth": "anassrs \u22a2 ( ( ( \ud835\udf13 \u2227 \ud835\udf11 ) \u2227 \ud835\udf13 ) \u2192 \ud835\udf12 )",
            "ground_truth_display": false,
            "statement_depth": 0,
            "_thrs_random_uniform": 0.11802696981977401,
            "_thrs_reconstruct": 0.014458103470744103,
            "_thrs_obviousness": 0.014253709869692112,
            "_thrs_weight": 0.0,
            "_thrs_complexity": 0.5,
            "_thrs_surprisingness": 0.5,
            "_thrs_intensity": 0.4285714285714286,
            "_thrs_interestingness": 0.2885650276882241,
            "_thrs_logistic_regression": 0.9616118721041049,
            "_thrs_random_forest": 0.945
        },
        {
            "expression": "\u22a2 ( ( \ud835\udf13 \u2227 ( \ud835\udf11 \u2227 \ud835\udf13 ) ) \u2192 \ud835\udf12 )",
            "prop_expression": " \u22a2 ( ( \ud835\udf13 \u2227 ( \ud835\udf11 \u2227 \ud835\udf13 ) ) \u2192 \ud835\udf12 )",
            "step": 3,
            "theorem": "anabss7.1",
            "ground_truth": "anabss7.1 \u22a2 ( ( \ud835\udf13 \u2227 ( \ud835\udf11 \u2227 \ud835\udf13 ) ) \u2192 \ud835\udf12 )",
            "ground_truth_display": false,
            "statement_depth": 0,
            "_thrs_random_uniform": 0.6335897281659668,
            "_thrs_reconstruct": 0.0,
            "_thrs_obviousness": 0.0,
            "_thrs_weight": 0.0,
            "_thrs_complexity": 0.5,
            "_thrs_surprisingness": 0.5,
            "_thrs_intensity": 0.0,
            "_thrs_interestingness": 0.2,
            "_thrs_logistic_regression": 0.7129289188481559,
            "_thrs_random_forest": 0.67
        }
    ]
}