{
    "theorem": "anabs1",
    "hyps": [
        [
            1,
            2
        ],
        [
            2,
            3
        ]
    ],
    "expression": "( ( ( \ud835\udf11 \u2227 \ud835\udf13 ) \u2227 \ud835\udf11 ) \u2194 ( \ud835\udf11 \u2227 \ud835\udf13 ) )",
    "steps": [
        {
            "expression": "\u22a2 ( ( ( \ud835\udf11 \u2227 \ud835\udf13 ) \u2227 \ud835\udf11 ) \u2194 ( \ud835\udf11 \u2227 \ud835\udf13 ) )",
            "prop_expression": "( \ud835\udf11 \u2194 \ud835\udf13 ) \u22a2 ( \ud835\udf13 \u2194 \ud835\udf11 )",
            "step": 1,
            "theorem": "bicomi",
            "ground_truth": "bicomi \u22a2 ( ( ( \ud835\udf11 \u2227 \ud835\udf13 ) \u2227 \ud835\udf11 ) \u2194 ( \ud835\udf11 \u2227 \ud835\udf13 ) )",
            "ground_truth_display": false,
            "statement_depth": 0,
            "_thrs_random_uniform": 0.32466,
            "_thrs_reconstruct": 0.04927,
            "_thrs_obviousness": 1.0,
            "_thrs_weight": 0.0,
            "_thrs_complexity": 0.5,
            "_thrs_surprisingness": 0.5,
            "_thrs_intensity": 1.0,
            "_thrs_interestingness": 0.6,
            "_thrs_logistic_regression": 0.99801,
            "_thrs_random_forest": 0.94
        },
        {
            "expression": "\u22a2 ( ( \ud835\udf11 \u2227 \ud835\udf13 ) \u2194 ( ( \ud835\udf11 \u2227 \ud835\udf13 ) \u2227 \ud835\udf11 ) )",
            "prop_expression": "( \ud835\udf11 \u2192 \ud835\udf13 ) \u22a2 ( \ud835\udf11 \u2194 ( \ud835\udf11 \u2227 \ud835\udf13 ) )",
            "step": 2,
            "theorem": "pm4.71i",
            "ground_truth": "pm4.71i \u22a2 ( ( \ud835\udf11 \u2227 \ud835\udf13 ) \u2194 ( ( \ud835\udf11 \u2227 \ud835\udf13 ) \u2227 \ud835\udf11 ) )",
            "ground_truth_display": false,
            "statement_depth": 0,
            "_thrs_random_uniform": 0.58867,
            "_thrs_reconstruct": 1.0,
            "_thrs_obviousness": 0.94113,
            "_thrs_weight": 0.0,
            "_thrs_complexity": 0.5,
            "_thrs_surprisingness": 0.5,
            "_thrs_intensity": 0.0,
            "_thrs_interestingness": 0.38823,
            "_thrs_logistic_regression": 0.69616,
            "_thrs_random_forest": 0.895
        },
        {
            "expression": "\u22a2 ( ( \ud835\udf11 \u2227 \ud835\udf13 ) \u2192 \ud835\udf11 )",
            "prop_expression": " \u22a2 ( ( \ud835\udf11 \u2227 \ud835\udf13 ) \u2192 \ud835\udf11 )",
            "step": 3,
            "theorem": "simpl",
            "ground_truth": "simpl \u22a2 ( ( \ud835\udf11 \u2227 \ud835\udf13 ) \u2192 \ud835\udf11 )",
            "ground_truth_display": false,
            "statement_depth": 0,
            "_thrs_random_uniform": 0.87521,
            "_thrs_reconstruct": 0.0,
            "_thrs_obviousness": 0.0,
            "_thrs_weight": 1.0,
            "_thrs_complexity": 0.5,
            "_thrs_surprisingness": 0.5,
            "_thrs_intensity": 0.16667,
            "_thrs_interestingness": 0.43333,
            "_thrs_logistic_regression": 0.94062,
            "_thrs_random_forest": 0.61
        }
    ]
}