{
    "theorem": "anandirs",
    "hyps": [
        [
            1,
            2
        ],
        [
            2,
            3
        ]
    ],
    "expression": "( ( ( \ud835\udf11 \u2227 \ud835\udf13 ) \u2227 \ud835\udf12 ) \u2192 \ud835\udf0f )",
    "steps": [
        {
            "number": 760,
            "expression": "\u22a2 ( ( ( \ud835\udf11 \u2227 \ud835\udf13 ) \u2227 \ud835\udf12 ) \u2192 \ud835\udf0f )",
            "prop_expression": "( ( \ud835\udf11 \u2227 ( \ud835\udf13 \u2227 \ud835\udf13 ) ) \u2192 \ud835\udf12 ) \u22a2 ( ( \ud835\udf11 \u2227 \ud835\udf13 ) \u2192 \ud835\udf12 )",
            "step": 1,
            "theorem": "anabsan2",
            "ground_truth": "anabsan2 \u22a2 ( ( ( \ud835\udf11 \u2227 \ud835\udf13 ) \u2227 \ud835\udf12 ) \u2192 \ud835\udf0f )",
            "ground_truth_display": false,
            "statement_depth": 0,
            "_thrs_random_uniform": 0.08007,
            "_thrs_reconstruct": 1.0,
            "_thrs_obviousness": 1.0,
            "_thrs_weight": 1.0,
            "_thrs_complexity": 0.5,
            "_thrs_surprisingness": 0.5,
            "_thrs_intensity": 1.0,
            "_thrs_interestingness": 0.8,
            "_thrs_logistic_regression": 0.99923,
            "_thrs_random_forest": 0.905
        },
        {
            "number": 760,
            "expression": "\u22a2 ( ( ( \ud835\udf11 \u2227 \ud835\udf13 ) \u2227 ( \ud835\udf12 \u2227 \ud835\udf12 ) ) \u2192 \ud835\udf0f )",
            "prop_expression": "( ( ( \ud835\udf11 \u2227 \ud835\udf13 ) \u2227 ( \ud835\udf12 \u2227 \ud835\udf03 ) ) \u2192 \ud835\udf0f ) \u22a2 ( ( ( \ud835\udf11 \u2227 \ud835\udf12 ) \u2227 ( \ud835\udf13 \u2227 \ud835\udf03 ) ) \u2192 \ud835\udf0f )",
            "step": 2,
            "theorem": "an4s",
            "ground_truth": "an4s \u22a2 ( ( ( \ud835\udf11 \u2227 \ud835\udf13 ) \u2227 ( \ud835\udf12 \u2227 \ud835\udf12 ) ) \u2192 \ud835\udf0f )",
            "ground_truth_display": false,
            "statement_depth": 0,
            "_thrs_random_uniform": 0.45995,
            "_thrs_reconstruct": 0.85723,
            "_thrs_obviousness": 0.46156,
            "_thrs_weight": 0.0,
            "_thrs_complexity": 0.5,
            "_thrs_surprisingness": 0.5,
            "_thrs_intensity": 0.44444,
            "_thrs_interestingness": 0.3812,
            "_thrs_logistic_regression": 0.96332,
            "_thrs_random_forest": 0.87
        },
        {
            "number": 760,
            "expression": "\u22a2 ( ( ( \ud835\udf11 \u2227 \ud835\udf12 ) \u2227 ( \ud835\udf13 \u2227 \ud835\udf12 ) ) \u2192 \ud835\udf0f )",
            "prop_expression": " \u22a2 ( ( ( \ud835\udf11 \u2227 \ud835\udf12 ) \u2227 ( \ud835\udf13 \u2227 \ud835\udf12 ) ) \u2192 \ud835\udf0f )",
            "step": 3,
            "theorem": "anandirs.1",
            "ground_truth": "anandirs.1 \u22a2 ( ( ( \ud835\udf11 \u2227 \ud835\udf12 ) \u2227 ( \ud835\udf13 \u2227 \ud835\udf12 ) ) \u2192 \ud835\udf0f )",
            "ground_truth_display": false,
            "statement_depth": 0,
            "_thrs_random_uniform": 0.60037,
            "_thrs_reconstruct": 0.0,
            "_thrs_obviousness": 0.0,
            "_thrs_weight": 0.0,
            "_thrs_complexity": 0.5,
            "_thrs_surprisingness": 0.5,
            "_thrs_intensity": 0.0,
            "_thrs_interestingness": 0.2,
            "_thrs_logistic_regression": 0.71293,
            "_thrs_random_forest": 0.9
        }
    ],
    "is_train": false
}