{
    "theorem": "anassrs",
    "hyps": [
        [
            1,
            2
        ],
        [
            2,
            3
        ]
    ],
    "expression": "( ( ( \ud835\udf11 \u2227 \ud835\udf13 ) \u2227 \ud835\udf12 ) \u2192 \ud835\udf03 )",
    "steps": [
        {
            "number": 619,
            "expression": "\u22a2 ( ( ( \ud835\udf11 \u2227 \ud835\udf13 ) \u2227 \ud835\udf12 ) \u2192 \ud835\udf03 )",
            "prop_expression": "( \ud835\udf11 \u2192 ( \ud835\udf13 \u2192 ( \ud835\udf12 \u2192 \ud835\udf03 ) ) ) \u22a2 ( ( ( \ud835\udf11 \u2227 \ud835\udf13 ) \u2227 \ud835\udf12 ) \u2192 \ud835\udf03 )",
            "step": 1,
            "theorem": "imp31",
            "ground_truth": "imp31 \u22a2 ( ( ( \ud835\udf11 \u2227 \ud835\udf13 ) \u2227 \ud835\udf12 ) \u2192 \ud835\udf03 )",
            "ground_truth_display": false,
            "statement_depth": 0,
            "_thrs_random_uniform": 0.18037,
            "_thrs_reconstruct": 0.19181,
            "_thrs_obviousness": 1.0,
            "_thrs_weight": 0.5,
            "_thrs_complexity": 0.5,
            "_thrs_surprisingness": 0.5,
            "_thrs_intensity": 0.5,
            "_thrs_interestingness": 0.6,
            "_thrs_logistic_regression": 0.98199,
            "_thrs_random_forest": 0.96
        },
        {
            "number": 619,
            "expression": "\u22a2 ( \ud835\udf11 \u2192 ( \ud835\udf13 \u2192 ( \ud835\udf12 \u2192 \ud835\udf03 ) ) )",
            "prop_expression": "( ( \ud835\udf11 \u2227 ( \ud835\udf13 \u2227 \ud835\udf12 ) ) \u2192 \ud835\udf03 ) \u22a2 ( \ud835\udf11 \u2192 ( \ud835\udf13 \u2192 ( \ud835\udf12 \u2192 \ud835\udf03 ) ) )",
            "step": 2,
            "theorem": "exp32",
            "ground_truth": "exp32 \u22a2 ( \ud835\udf11 \u2192 ( \ud835\udf13 \u2192 ( \ud835\udf12 \u2192 \ud835\udf03 ) ) )",
            "ground_truth_display": false,
            "statement_depth": 0,
            "_thrs_random_uniform": 0.21285,
            "_thrs_reconstruct": 1.0,
            "_thrs_obviousness": 0.83898,
            "_thrs_weight": 0.5,
            "_thrs_complexity": 0.5,
            "_thrs_surprisingness": 0.5,
            "_thrs_intensity": 0.5,
            "_thrs_interestingness": 0.5678,
            "_thrs_logistic_regression": 0.98223,
            "_thrs_random_forest": 0.855
        },
        {
            "number": 619,
            "expression": "\u22a2 ( ( \ud835\udf11 \u2227 ( \ud835\udf13 \u2227 \ud835\udf12 ) ) \u2192 \ud835\udf03 )",
            "prop_expression": " \u22a2 ( ( \ud835\udf11 \u2227 ( \ud835\udf13 \u2227 \ud835\udf12 ) ) \u2192 \ud835\udf03 )",
            "step": 3,
            "theorem": "anassrs.1",
            "ground_truth": "anassrs.1 \u22a2 ( ( \ud835\udf11 \u2227 ( \ud835\udf13 \u2227 \ud835\udf12 ) ) \u2192 \ud835\udf03 )",
            "ground_truth_display": false,
            "statement_depth": 0,
            "_thrs_random_uniform": 0.65348,
            "_thrs_reconstruct": 0.0,
            "_thrs_obviousness": 0.0,
            "_thrs_weight": 0.5,
            "_thrs_complexity": 0.5,
            "_thrs_surprisingness": 0.5,
            "_thrs_intensity": 0.5,
            "_thrs_interestingness": 0.4,
            "_thrs_logistic_regression": 0.98344,
            "_thrs_random_forest": 0.99
        }
    ],
    "is_train": false
}