{
    "theorem": "ax12o10lem5",
    "hyps": [
        [
            1,
            2
        ],
        [
            1,
            4
        ],
        [
            1,
            5
        ],
        [
            2,
            3
        ],
        [
            5,
            6
        ],
        [
            6,
            7
        ]
    ],
    "expression": "( \u2200 x \ud835\udf11 \u2192 \u2200 x \u2200 x \ud835\udf11 )",
    "steps": [
        {
            "expression": "\u22a2 ( \u2200 x \ud835\udf11 \u2192 \u2200 x \u2200 x \ud835\udf11 )",
            "prop_expression": "( \ud835\udf11 \u2192 \ud835\udf13 ), ( \ud835\udf13 \u2192 \ud835\udf12 ), ( \ud835\udf12 \u2192 \ud835\udf03 ) \u22a2 ( \ud835\udf11 \u2192 \ud835\udf03 )",
            "step": 1,
            "theorem": "3syl",
            "ground_truth": "3syl \u22a2 ( \u2200 x \ud835\udf11 \u2192 \u2200 x \u2200 x \ud835\udf11 )",
            "ground_truth_display": false,
            "statement_depth": 0,
            "_thrs_random_uniform": 0.7934435647199872,
            "_thrs_reconstruct": 0.0034522439585730723,
            "_thrs_obviousness": 1.0,
            "_thrs_weight": 1.0,
            "_thrs_complexity": 0.5,
            "_thrs_surprisingness": 0.5,
            "_thrs_intensity": 1.0,
            "_thrs_interestingness": 0.8,
            "_thrs_logistic_regression": 0.9992339271291688,
            "_thrs_random_forest": 0.975
        },
        {
            "expression": "\u22a2 ( \u2200 x \ud835\udf11 \u2192 \u00ac \u2200 x \u00ac \u2200 x \ud835\udf11 )",
            "prop_expression": "( \ud835\udf11 \u2192 \u00ac \ud835\udf13 ) \u22a2 ( \ud835\udf13 \u2192 \u00ac \ud835\udf11 )",
            "step": 2,
            "theorem": "con2i",
            "ground_truth": "con2i \u22a2 ( \u2200 x \ud835\udf11 \u2192 \u00ac \u2200 x \u00ac \u2200 x \ud835\udf11 )",
            "ground_truth_display": false,
            "statement_depth": 0,
            "_thrs_random_uniform": 0.1584265189429891,
            "_thrs_reconstruct": 0.03874184886843115,
            "_thrs_obviousness": 0.9485294117647058,
            "_thrs_weight": 1.0,
            "_thrs_complexity": 0.5,
            "_thrs_surprisingness": 0.5,
            "_thrs_intensity": 0.2032520325203252,
            "_thrs_interestingness": 0.6303562888570061,
            "_thrs_logistic_regression": 0.9467925651249075,
            "_thrs_random_forest": 0.985
        },
        {
            "expression": "\u22a2 ( \u2200 x \u00ac \u2200 x \ud835\udf11 \u2192 \u00ac \u2200 x \ud835\udf11 )",
            "prop_expression": " \u22a2 ( \u2200 x \ud835\udf11 \u2192 \ud835\udf11 )",
            "step": 3,
            "theorem": "ax12o10lem3",
            "ground_truth": "ax12o10lem3 \u22a2 ( \u2200 x \u00ac \u2200 x \ud835\udf11 \u2192 \u00ac \u2200 x \ud835\udf11 )",
            "ground_truth_display": false,
            "statement_depth": 0,
            "_thrs_random_uniform": 0.012518453869860502,
            "_thrs_reconstruct": 1.0,
            "_thrs_obviousness": 0.9128151260504201,
            "_thrs_weight": 1.0,
            "_thrs_complexity": 0.5,
            "_thrs_surprisingness": 0.5,
            "_thrs_intensity": 0.03252032520325204,
            "_thrs_interestingness": 0.5890670902507344,
            "_thrs_logistic_regression": 0.8766115672212317,
            "_thrs_random_forest": 0.88
        },
        {
            "expression": "\u22a2 ( \u00ac \u2200 x \u00ac \u2200 x \ud835\udf11 \u2192 \u2200 x \u00ac \u2200 x \u00ac \u2200 x \ud835\udf11 )",
            "prop_expression": " \u22a2 ( \u00ac \u2200 x \ud835\udf11 \u2192 \u2200 x \u00ac \u2200 x \ud835\udf11 )",
            "step": 4,
            "theorem": "ax-6",
            "ground_truth": "ax-6 \u22a2 ( \u00ac \u2200 x \u00ac \u2200 x \ud835\udf11 \u2192 \u2200 x \u00ac \u2200 x \u00ac \u2200 x \ud835\udf11 )",
            "ground_truth_display": false,
            "statement_depth": 0,
            "_thrs_random_uniform": 0.51332242607203,
            "_thrs_reconstruct": 0.0,
            "_thrs_obviousness": 0.0,
            "_thrs_weight": 0.0,
            "_thrs_complexity": 0.5,
            "_thrs_surprisingness": 0.5,
            "_thrs_intensity": 0.0,
            "_thrs_interestingness": 0.2,
            "_thrs_logistic_regression": 0.7129289188481559,
            "_thrs_random_forest": 0.995
        },
        {
            "expression": "\u22a2 ( \u2200 x \u00ac \u2200 x \u00ac \u2200 x \ud835\udf11 \u2192 \u2200 x \u2200 x \ud835\udf11 )",
            "prop_expression": "( \ud835\udf11 \u2192 \ud835\udf13 ) \u22a2 ( \u2200 x \ud835\udf11 \u2192 \u2200 x \ud835\udf13 )",
            "step": 5,
            "theorem": "alimi",
            "ground_truth": "alimi \u22a2 ( \u2200 x \u00ac \u2200 x \u00ac \u2200 x \ud835\udf11 \u2192 \u2200 x \u2200 x \ud835\udf11 )",
            "ground_truth_display": false,
            "statement_depth": 0,
            "_thrs_random_uniform": 0.061977980963553336,
            "_thrs_reconstruct": 0.0007671653241273494,
            "_thrs_obviousness": 0.04726890756302521,
            "_thrs_weight": 0.0,
            "_thrs_complexity": 0.5,
            "_thrs_surprisingness": 0.5,
            "_thrs_intensity": 0.12195121951219513,
            "_thrs_interestingness": 0.2338440254150441,
            "_thrs_logistic_regression": 0.8268714109868067,
            "_thrs_random_forest": 0.955
        },
        {
            "expression": "\u22a2 ( \u00ac \u2200 x \u00ac \u2200 x \ud835\udf11 \u2192 \u2200 x \ud835\udf11 )",
            "prop_expression": "( \u00ac \ud835\udf11 \u2192 \ud835\udf13 ) \u22a2 ( \u00ac \ud835\udf13 \u2192 \ud835\udf11 )",
            "step": 6,
            "theorem": "con1i",
            "ground_truth": "con1i \u22a2 ( \u00ac \u2200 x \u00ac \u2200 x \ud835\udf11 \u2192 \u2200 x \ud835\udf11 )",
            "ground_truth_display": false,
            "statement_depth": 0,
            "_thrs_random_uniform": 0.42846372924355436,
            "_thrs_reconstruct": 0.05024932873034139,
            "_thrs_obviousness": 0.046218487394957986,
            "_thrs_weight": 1.0,
            "_thrs_complexity": 0.5,
            "_thrs_surprisingness": 0.5,
            "_thrs_intensity": 0.2032520325203252,
            "_thrs_interestingness": 0.44989410398305657,
            "_thrs_logistic_regression": 0.9505517894341456,
            "_thrs_random_forest": 0.42
        },
        {
            "expression": "\u22a2 ( \u00ac \u2200 x \ud835\udf11 \u2192 \u2200 x \u00ac \u2200 x \ud835\udf11 )",
            "prop_expression": " \u22a2 ( \u00ac \u2200 x \ud835\udf11 \u2192 \u2200 x \u00ac \u2200 x \ud835\udf11 )",
            "step": 7,
            "theorem": "ax-6",
            "ground_truth": "ax-6 \u22a2 ( \u00ac \u2200 x \ud835\udf11 \u2192 \u2200 x \u00ac \u2200 x \ud835\udf11 )",
            "ground_truth_display": false,
            "statement_depth": 0,
            "_thrs_random_uniform": 0.4635935750986886,
            "_thrs_reconstruct": 0.0,
            "_thrs_obviousness": 0.0,
            "_thrs_weight": 1.0,
            "_thrs_complexity": 0.5,
            "_thrs_surprisingness": 0.5,
            "_thrs_intensity": 0.03252032520325204,
            "_thrs_interestingness": 0.40650406504065045,
            "_thrs_logistic_regression": 0.8848171992205162,
            "_thrs_random_forest": 0.295
        }
    ]
}