{
    "theorem": "ax12o10lem12",
    "hyps": [
        [
            1,
            2
        ],
        [
            1,
            3
        ],
        [
            3,
            4
        ]
    ],
    "expression": "( \u2200 x ( \ud835\udf11 \u2192 \u2200 x \ud835\udf11 ) \u2192 ( \u2203 x \ud835\udf11 \u2192 \ud835\udf11 ) )",
    "steps": [
        {
            "expression": "\u22a2 ( \u2200 x ( \ud835\udf11 \u2192 \u2200 x \ud835\udf11 ) \u2192 ( \u2203 x \ud835\udf11 \u2192 \ud835\udf11 ) )",
            "prop_expression": "( \ud835\udf11 \u2194 \ud835\udf13 ), ( \ud835\udf12 \u2192 ( \ud835\udf13 \u2192 \ud835\udf03 ) ) \u22a2 ( \ud835\udf12 \u2192 ( \ud835\udf11 \u2192 \ud835\udf03 ) )",
            "step": 1,
            "theorem": "syl5bi",
            "ground_truth": "syl5bi \u22a2 ( \u2200 x ( \ud835\udf11 \u2192 \u2200 x \ud835\udf11 ) \u2192 ( \u2203 x \ud835\udf11 \u2192 \ud835\udf11 ) )",
            "ground_truth_display": false,
            "statement_depth": 0,
            "_thrs_random_uniform": 0.3024065399960303,
            "_thrs_reconstruct": 0.1073482428115016,
            "_thrs_obviousness": 1.0,
            "_thrs_weight": 0.0,
            "_thrs_complexity": 0.5,
            "_thrs_surprisingness": 0.5,
            "_thrs_intensity": 1.0,
            "_thrs_interestingness": 0.6,
            "_thrs_logistic_regression": 0.9980141633190189,
            "_thrs_random_forest": 0.945
        },
        {
            "expression": "\u22a2 ( \u2203 x \ud835\udf11 \u2194 \u00ac \u2200 x \u00ac \ud835\udf11 )",
            "prop_expression": " \u22a2 ( \u2203 x \ud835\udf11 \u2194 \u00ac \u2200 x \u00ac \ud835\udf11 )",
            "step": 2,
            "theorem": "df-ex",
            "ground_truth": "df-ex \u22a2 ( \u2203 x \ud835\udf11 \u2194 \u00ac \u2200 x \u00ac \ud835\udf11 )",
            "ground_truth_display": false,
            "statement_depth": 0,
            "_thrs_random_uniform": 0.009879112861007622,
            "_thrs_reconstruct": 0.0,
            "_thrs_obviousness": 0.0,
            "_thrs_weight": 1.0,
            "_thrs_complexity": 0.5,
            "_thrs_surprisingness": 0.5,
            "_thrs_intensity": 0.16666666666666669,
            "_thrs_interestingness": 0.4333333333333333,
            "_thrs_logistic_regression": 0.9406249446035329,
            "_thrs_random_forest": 0.955
        },
        {
            "expression": "\u22a2 ( \u2200 x ( \ud835\udf11 \u2192 \u2200 x \ud835\udf11 ) \u2192 ( \u00ac \u2200 x \u00ac \ud835\udf11 \u2192 \ud835\udf11 ) )",
            "prop_expression": "( \ud835\udf11 \u2192 ( \u00ac \ud835\udf13 \u2192 \ud835\udf12 ) ) \u22a2 ( \ud835\udf11 \u2192 ( \u00ac \ud835\udf12 \u2192 \ud835\udf13 ) )",
            "step": 3,
            "theorem": "con1d",
            "ground_truth": "con1d \u22a2 ( \u2200 x ( \ud835\udf11 \u2192 \u2200 x \ud835\udf11 ) \u2192 ( \u00ac \u2200 x \u00ac \ud835\udf11 \u2192 \ud835\udf11 ) )",
            "ground_truth_display": false,
            "statement_depth": 0,
            "_thrs_random_uniform": 0.8286999332199241,
            "_thrs_reconstruct": 0.03865814696485623,
            "_thrs_obviousness": 0.905849582172702,
            "_thrs_weight": 0.0,
            "_thrs_complexity": 0.5,
            "_thrs_surprisingness": 0.5,
            "_thrs_intensity": 0.5555555555555556,
            "_thrs_interestingness": 0.49228102754565145,
            "_thrs_logistic_regression": 0.9787456381433235,
            "_thrs_random_forest": 0.945
        },
        {
            "expression": "\u22a2 ( \u2200 x ( \ud835\udf11 \u2192 \u2200 x \ud835\udf11 ) \u2192 ( \u00ac \ud835\udf11 \u2192 \u2200 x \u00ac \ud835\udf11 ) )",
            "prop_expression": " \u22a2 ( \u2200 x ( \ud835\udf11 \u2192 \u2200 x \ud835\udf11 ) \u2192 ( \u00ac \ud835\udf11 \u2192 \u2200 x \u00ac \ud835\udf11 ) )",
            "step": 4,
            "theorem": "ax12o10lem10",
            "ground_truth": "ax12o10lem10 \u22a2 ( \u2200 x ( \ud835\udf11 \u2192 \u2200 x \ud835\udf11 ) \u2192 ( \u00ac \ud835\udf11 \u2192 \u2200 x \u00ac \ud835\udf11 ) )",
            "ground_truth_display": false,
            "statement_depth": 0,
            "_thrs_random_uniform": 0.4035584623232421,
            "_thrs_reconstruct": 1.0,
            "_thrs_obviousness": 0.871866295264624,
            "_thrs_weight": 0.0,
            "_thrs_complexity": 0.5,
            "_thrs_surprisingness": 0.5,
            "_thrs_intensity": 0.0,
            "_thrs_interestingness": 0.37437325905292484,
            "_thrs_logistic_regression": 0.6974159549922462,
            "_thrs_random_forest": 0.43
        }
    ]
}