{
    "theorem": "ax467to4",
    "hyps": [
        [
            1,
            2
        ],
        [
            1,
            3
        ]
    ],
    "expression": "( \u2200 x \ud835\udf11 \u2192 \ud835\udf11 )",
    "steps": [
        {
            "number": 1616,
            "expression": "\u22a2 ( \u2200 x \ud835\udf11 \u2192 \ud835\udf11 )",
            "prop_expression": "( \ud835\udf11 \u2192 \ud835\udf13 ), ( \ud835\udf13 \u2192 \ud835\udf12 ) \u22a2 ( \ud835\udf11 \u2192 \ud835\udf12 )",
            "step": 1,
            "theorem": "syl",
            "ground_truth": "syl \u22a2 ( \u2200 x \ud835\udf11 \u2192 \ud835\udf11 )",
            "ground_truth_display": false,
            "statement_depth": 0,
            "_thrs_random_uniform": 0.48782,
            "_thrs_reconstruct": 0.00857,
            "_thrs_obviousness": 1.0,
            "_thrs_weight": 1.0,
            "_thrs_complexity": 0.5,
            "_thrs_surprisingness": 0.5,
            "_thrs_intensity": 1.0,
            "_thrs_interestingness": 0.8,
            "_thrs_logistic_regression": 0.99923,
            "_thrs_random_forest": 0.89
        },
        {
            "number": 1616,
            "expression": "\u22a2 ( \u2200 x \ud835\udf11 \u2192 ( \u2200 x \u2200 x \u00ac \u2200 x \u2200 x \ud835\udf11 \u2192 \u2200 x \ud835\udf11 ) )",
            "prop_expression": " \u22a2 ( \ud835\udf11 \u2192 ( \ud835\udf13 \u2192 \ud835\udf11 ) )",
            "step": 2,
            "theorem": "ax-1",
            "ground_truth": "ax-1 \u22a2 ( \u2200 x \ud835\udf11 \u2192 ( \u2200 x \u2200 x \u00ac \u2200 x \u2200 x \ud835\udf11 \u2192 \u2200 x \ud835\udf11 ) )",
            "ground_truth_display": false,
            "statement_depth": 0,
            "_thrs_random_uniform": 0.50614,
            "_thrs_reconstruct": 0.0,
            "_thrs_obviousness": 0.0,
            "_thrs_weight": 0.0,
            "_thrs_complexity": 0.5,
            "_thrs_surprisingness": 0.5,
            "_thrs_intensity": 0.0,
            "_thrs_interestingness": 0.2,
            "_thrs_logistic_regression": 0.71293,
            "_thrs_random_forest": 0.99
        },
        {
            "number": 1616,
            "expression": "\u22a2 ( ( \u2200 x \u2200 x \u00ac \u2200 x \u2200 x \ud835\udf11 \u2192 \u2200 x \ud835\udf11 ) \u2192 \ud835\udf11 )",
            "prop_expression": " \u22a2 ( ( \u2200 x \u2200 y \u00ac \u2200 x \u2200 y \ud835\udf11 \u2192 \u2200 x \ud835\udf11 ) \u2192 \ud835\udf11 )",
            "step": 3,
            "theorem": "ax467",
            "ground_truth": "ax467 \u22a2 ( ( \u2200 x \u2200 x \u00ac \u2200 x \u2200 x \ud835\udf11 \u2192 \u2200 x \ud835\udf11 ) \u2192 \ud835\udf11 )",
            "ground_truth_display": false,
            "statement_depth": 0,
            "_thrs_random_uniform": 0.57995,
            "_thrs_reconstruct": 1.0,
            "_thrs_obviousness": 0.98732,
            "_thrs_weight": 0.16667,
            "_thrs_complexity": 0.5,
            "_thrs_surprisingness": 0.5,
            "_thrs_intensity": 0.0051,
            "_thrs_interestingness": 0.43182,
            "_thrs_logistic_regression": 0.73334,
            "_thrs_random_forest": 0.985
        }
    ],
    "is_train": false
}