{
    "theorem": "ax6",
    "hyps": [
        [
            1,
            2
        ],
        [
            1,
            11
        ],
        [
            2,
            3
        ],
        [
            2,
            10
        ],
        [
            3,
            4
        ],
        [
            4,
            5
        ],
        [
            4,
            6
        ],
        [
            6,
            7
        ],
        [
            6,
            9
        ],
        [
            7,
            8
        ]
    ],
    "expression": "( \u00ac \u2200 x \ud835\udf11 \u2192 \u2200 x \u00ac \u2200 x \ud835\udf11 )",
    "steps": [
        {
            "expression": "\u22a2 ( \u00ac \u2200 x \ud835\udf11 \u2192 \u2200 x \u00ac \u2200 x \ud835\udf11 )",
            "prop_expression": "( \ud835\udf11 \u2192 \ud835\udf13 ), ( \u00ac \ud835\udf11 \u2192 \ud835\udf12 ) \u22a2 ( \u00ac \ud835\udf12 \u2192 \ud835\udf13 )",
            "step": 1,
            "theorem": "nsyl4",
            "ground_truth": "nsyl4 \u22a2 ( \u00ac \u2200 x \ud835\udf11 \u2192 \u2200 x \u00ac \u2200 x \ud835\udf11 )",
            "ground_truth_display": false,
            "statement_depth": 0,
            "_thrs_random_uniform": 0.6080643798807501,
            "_thrs_reconstruct": 0.6868686868686869,
            "_thrs_obviousness": 1.0,
            "_thrs_weight": 0.9,
            "_thrs_complexity": 0.5,
            "_thrs_surprisingness": 0.5,
            "_thrs_intensity": 0.86,
            "_thrs_interestingness": 0.752,
            "_thrs_logistic_regression": 0.9982081242768811,
            "_thrs_random_forest": 0.91
        },
        {
            "expression": "\u22a2 ( \u2200 x \u00ac \u2200 x \u2200 x \ud835\udf11 \u2192 \u2200 x \u00ac \u2200 x \ud835\udf11 )",
            "prop_expression": "\ud835\udf11, ( \ud835\udf11 \u2192 \ud835\udf13 ) \u22a2 \ud835\udf13",
            "step": 2,
            "theorem": "ax-mp",
            "ground_truth": "ax-mp \u22a2 ( \u2200 x \u00ac \u2200 x \u2200 x \ud835\udf11 \u2192 \u2200 x \u00ac \u2200 x \ud835\udf11 )",
            "ground_truth_display": false,
            "statement_depth": 0,
            "_thrs_random_uniform": 0.6220662127944651,
            "_thrs_reconstruct": 0.0,
            "_thrs_obviousness": 0.603448275862069,
            "_thrs_weight": 0.7,
            "_thrs_complexity": 0.5,
            "_thrs_surprisingness": 0.5,
            "_thrs_intensity": 1.0,
            "_thrs_interestingness": 0.6606896551724137,
            "_thrs_logistic_regression": 0.9990144144068891,
            "_thrs_random_forest": 0.975
        },
        {
            "expression": "\u22a2 \u2200 x ( \u2200 x \u00ac \u2200 x \u2200 x \ud835\udf11 \u2192 \u00ac \u2200 x \ud835\udf11 )",
            "prop_expression": "\ud835\udf11 \u22a2 \u2200 x \ud835\udf11",
            "step": 3,
            "theorem": "ax-gen",
            "ground_truth": "ax-gen \u22a2 \u2200 x ( \u2200 x \u00ac \u2200 x \u2200 x \ud835\udf11 \u2192 \u00ac \u2200 x \ud835\udf11 )",
            "ground_truth_display": false,
            "statement_depth": 0,
            "_thrs_random_uniform": 0.27519675791500464,
            "_thrs_reconstruct": 0.0,
            "_thrs_obviousness": 0.5977011494252874,
            "_thrs_weight": 0.7,
            "_thrs_complexity": 0.5,
            "_thrs_surprisingness": 0.5,
            "_thrs_intensity": 0.24999999999999997,
            "_thrs_interestingness": 0.5095402298850574,
            "_thrs_logistic_regression": 0.9465980058566295,
            "_thrs_random_forest": 0.77
        },
        {
            "expression": "\u22a2 ( \u2200 x \u00ac \u2200 x \u2200 x \ud835\udf11 \u2192 \u00ac \u2200 x \ud835\udf11 )",
            "prop_expression": "( \ud835\udf11 \u2192 \u00ac \ud835\udf13 ), ( \ud835\udf12 \u2192 \ud835\udf13 ) \u22a2 ( \ud835\udf11 \u2192 \u00ac \ud835\udf12 )",
            "step": 4,
            "theorem": "nsyl",
            "ground_truth": "nsyl \u22a2 ( \u2200 x \u00ac \u2200 x \u2200 x \ud835\udf11 \u2192 \u00ac \u2200 x \ud835\udf11 )",
            "ground_truth_display": false,
            "statement_depth": 0,
            "_thrs_random_uniform": 0.24497368783404927,
            "_thrs_reconstruct": 1.0,
            "_thrs_obviousness": 0.5948275862068966,
            "_thrs_weight": 0.8,
            "_thrs_complexity": 0.5,
            "_thrs_surprisingness": 0.5,
            "_thrs_intensity": 0.65,
            "_thrs_interestingness": 0.6089655172413793,
            "_thrs_logistic_regression": 0.9941118927848425,
            "_thrs_random_forest": 0.815
        },
        {
            "expression": "\u22a2 ( \u2200 x \u00ac \u2200 x \u2200 x \ud835\udf11 \u2192 \u00ac \u2200 x \u2200 x \ud835\udf11 )",
            "prop_expression": " \u22a2 ( \u2200 x \ud835\udf11 \u2192 \ud835\udf11 )",
            "step": 5,
            "theorem": "ax-4",
            "ground_truth": "ax-4 \u22a2 ( \u2200 x \u00ac \u2200 x \u2200 x \ud835\udf11 \u2192 \u00ac \u2200 x \u2200 x \ud835\udf11 )",
            "ground_truth_display": false,
            "statement_depth": 0,
            "_thrs_random_uniform": 0.12764490359193326,
            "_thrs_reconstruct": 0.0,
            "_thrs_obviousness": 0.0,
            "_thrs_weight": 0.7,
            "_thrs_complexity": 0.5,
            "_thrs_surprisingness": 0.5,
            "_thrs_intensity": 0.049999999999999996,
            "_thrs_interestingness": 0.35,
            "_thrs_logistic_regression": 0.8637807549481771,
            "_thrs_random_forest": 0.52125
        },
        {
            "expression": "\u22a2 ( \u2200 x \ud835\udf11 \u2192 \u2200 x \u2200 x \ud835\udf11 )",
            "prop_expression": "\ud835\udf11, ( \ud835\udf11 \u2192 \ud835\udf13 ) \u22a2 \ud835\udf13",
            "step": 6,
            "theorem": "ax-mp",
            "ground_truth": "ax-mp \u22a2 ( \u2200 x \ud835\udf11 \u2192 \u2200 x \u2200 x \ud835\udf11 )",
            "ground_truth_display": false,
            "statement_depth": 0,
            "_thrs_random_uniform": 0.6757412931198713,
            "_thrs_reconstruct": 0.0,
            "_thrs_obviousness": 0.020114942528735632,
            "_thrs_weight": 0.9,
            "_thrs_complexity": 0.5,
            "_thrs_surprisingness": 0.5,
            "_thrs_intensity": 1.0,
            "_thrs_interestingness": 0.5840229885057472,
            "_thrs_logistic_regression": 0.999225074088463,
            "_thrs_random_forest": 0.71
        },
        {
            "expression": "\u22a2 \u2200 x ( \u2200 x \ud835\udf11 \u2192 \u2200 x \ud835\udf11 )",
            "prop_expression": "\ud835\udf11 \u22a2 \u2200 x \ud835\udf11",
            "step": 7,
            "theorem": "ax-gen",
            "ground_truth": "ax-gen \u22a2 \u2200 x ( \u2200 x \ud835\udf11 \u2192 \u2200 x \ud835\udf11 )",
            "ground_truth_display": false,
            "statement_depth": 0,
            "_thrs_random_uniform": 0.14438042891546277,
            "_thrs_reconstruct": 0.0,
            "_thrs_obviousness": 0.014367816091954023,
            "_thrs_weight": 0.9,
            "_thrs_complexity": 0.5,
            "_thrs_surprisingness": 0.5,
            "_thrs_intensity": 0.23000000000000004,
            "_thrs_interestingness": 0.42887356321839076,
            "_thrs_logistic_regression": 0.9529249214089213,
            "_thrs_random_forest": 0.565
        },
        {
            "expression": "\u22a2 ( \u2200 x \ud835\udf11 \u2192 \u2200 x \ud835\udf11 )",
            "prop_expression": " \u22a2 ( \ud835\udf11 \u2192 \ud835\udf11 )",
            "step": 8,
            "theorem": "id",
            "ground_truth": "id \u22a2 ( \u2200 x \ud835\udf11 \u2192 \u2200 x \ud835\udf11 )",
            "ground_truth_display": false,
            "statement_depth": 0,
            "_thrs_random_uniform": 0.8094279731236017,
            "_thrs_reconstruct": 0.020202020202020204,
            "_thrs_obviousness": 0.011494252873563218,