{
    "theorem": "ax67to7",
    "hyps": [
        [
            1,
            2
        ],
        [
            1,
            4
        ],
        [
            2,
            3
        ],
        [
            4,
            5
        ]
    ],
    "expression": "( \u2200 x \u2200 y \ud835\udf11 \u2192 \u2200 y \u2200 x \ud835\udf11 )",
    "steps": [
        {
            "expression": "\u22a2 ( \u2200 x \u2200 y \ud835\udf11 \u2192 \u2200 y \u2200 x \ud835\udf11 )",
            "prop_expression": "( \ud835\udf11 \u2192 \ud835\udf13 ), ( \ud835\udf13 \u2192 \ud835\udf12 ) \u22a2 ( \ud835\udf11 \u2192 \ud835\udf12 )",
            "step": 1,
            "theorem": "syl",
            "ground_truth": "syl \u22a2 ( \u2200 x \u2200 y \ud835\udf11 \u2192 \u2200 y \u2200 x \ud835\udf11 )",
            "ground_truth_display": false,
            "statement_depth": 0,
            "_thrs_random_uniform": 0.9453544969733173,
            "_thrs_reconstruct": 0.0018399264029438822,
            "_thrs_obviousness": 1.0,
            "_thrs_weight": 1.0,
            "_thrs_complexity": 0.5,
            "_thrs_surprisingness": 0.5,
            "_thrs_intensity": 1.0,
            "_thrs_interestingness": 0.8,
            "_thrs_logistic_regression": 0.9992339271291688,
            "_thrs_random_forest": 0.89
        },
        {
            "expression": "\u22a2 ( \u2200 x \u2200 y \ud835\udf11 \u2192 \u2200 y \u00ac \u2200 y \u00ac \u2200 x \u2200 y \ud835\udf11 )",
            "prop_expression": "( \u00ac \ud835\udf11 \u2192 \u00ac \ud835\udf13 ) \u22a2 ( \ud835\udf13 \u2192 \ud835\udf11 )",
            "step": 2,
            "theorem": "con4i",
            "ground_truth": "con4i \u22a2 ( \u2200 x \u2200 y \ud835\udf11 \u2192 \u2200 y \u00ac \u2200 y \u00ac \u2200 x \u2200 y \ud835\udf11 )",
            "ground_truth_display": false,
            "statement_depth": 0,
            "_thrs_random_uniform": 0.36866349995489944,
            "_thrs_reconstruct": 0.2125114995400184,
            "_thrs_obviousness": 0.6801801801801802,
            "_thrs_weight": 0.0,
            "_thrs_complexity": 0.5,
            "_thrs_surprisingness": 0.5,
            "_thrs_intensity": 0.27272727272727276,
            "_thrs_interestingness": 0.39058149058149055,
            "_thrs_logistic_regression": 0.9107622367140171,
            "_thrs_random_forest": 0.99
        },
        {
            "expression": "\u22a2 ( \u00ac \u2200 y \u00ac \u2200 y \u00ac \u2200 x \u2200 y \ud835\udf11 \u2192 \u00ac \u2200 x \u2200 y \ud835\udf11 )",
            "prop_expression": " \u22a2 ( \u00ac \u2200 x \u00ac \u2200 x \ud835\udf11 \u2192 \ud835\udf11 )",
            "step": 3,
            "theorem": "ax67to6",
            "ground_truth": "ax67to6 \u22a2 ( \u00ac \u2200 y \u00ac \u2200 y \u00ac \u2200 x \u2200 y \ud835\udf11 \u2192 \u00ac \u2200 x \u2200 y \ud835\udf11 )",
            "ground_truth_display": false,
            "statement_depth": 0,
            "_thrs_random_uniform": 0.8229360073854034,
            "_thrs_reconstruct": 1.0,
            "_thrs_obviousness": 0.5045045045045045,
            "_thrs_weight": 0.0,
            "_thrs_complexity": 0.5,
            "_thrs_surprisingness": 0.5,
            "_thrs_intensity": 0.0,
            "_thrs_interestingness": 0.3009009009009009,
            "_thrs_logistic_regression": 0.7040102138813671,
            "_thrs_random_forest": 0.33
        },
        {
            "expression": "\u22a2 ( \u2200 y \u00ac \u2200 y \u00ac \u2200 x \u2200 y \ud835\udf11 \u2192 \u2200 y \u2200 x \ud835\udf11 )",
            "prop_expression": "( \ud835\udf11 \u2192 \ud835\udf13 ) \u22a2 ( \u2200 x \ud835\udf11 \u2192 \u2200 x \ud835\udf13 )",
            "step": 4,
            "theorem": "alimi",
            "ground_truth": "alimi \u22a2 ( \u2200 y \u00ac \u2200 y \u00ac \u2200 x \u2200 y \ud835\udf11 \u2192 \u2200 y \u2200 x \ud835\udf11 )",
            "ground_truth_display": false,
            "statement_depth": 0,
            "_thrs_random_uniform": 0.7488905473497686,
            "_thrs_reconstruct": 0.0,
            "_thrs_obviousness": 0.0022522522522522522,
            "_thrs_weight": 0.0,
            "_thrs_complexity": 0.5,
            "_thrs_surprisingness": 0.5,
            "_thrs_intensity": 0.16363636363636364,
            "_thrs_interestingness": 0.23317772317772317,
            "_thrs_logistic_regression": 0.8572197089504876,
            "_thrs_random_forest": 0.88
        },
        {
            "expression": "\u22a2 ( \u00ac \u2200 y \u00ac \u2200 x \u2200 y \ud835\udf11 \u2192 \u2200 x \ud835\udf11 )",
            "prop_expression": " \u22a2 ( \u00ac \u2200 x \u00ac \u2200 y \u2200 x \ud835\udf11 \u2192 \u2200 y \ud835\udf11 )",
            "step": 5,
            "theorem": "ax67",
            "ground_truth": "ax67 \u22a2 ( \u00ac \u2200 y \u00ac \u2200 x \u2200 y \ud835\udf11 \u2192 \u2200 x \ud835\udf11 )",
            "ground_truth_display": false,
            "statement_depth": 0,
            "_thrs_random_uniform": 0.6248923211842368,
            "_thrs_reconstruct": 0.38178472861085555,
            "_thrs_obviousness": 0.0,
            "_thrs_weight": 1.0,
            "_thrs_complexity": 0.5,
            "_thrs_surprisingness": 0.5,
            "_thrs_intensity": 0.05454545454545455,
            "_thrs_interestingness": 0.41090909090909095,
            "_thrs_logistic_regression": 0.8963862170793793,
            "_thrs_random_forest": 0.47
        }
    ]
}