{
    "theorem": "biimp3ar",
    "hyps": [
        [
            1,
            2
        ],
        [
            2,
            3
        ]
    ],
    "expression": "( ( \ud835\udf11 \u2227 \ud835\udf13 \u2227 \ud835\udf03 ) \u2192 \ud835\udf12 )",
    "steps": [
        {
            "number": 1235,
            "expression": "\u22a2 ( ( \ud835\udf11 \u2227 \ud835\udf13 \u2227 \ud835\udf03 ) \u2192 \ud835\udf12 )",
            "prop_expression": "( \ud835\udf11 \u2192 ( \ud835\udf13 \u2192 ( \ud835\udf12 \u2192 \ud835\udf03 ) ) ) \u22a2 ( ( \ud835\udf11 \u2227 \ud835\udf13 \u2227 \ud835\udf12 ) \u2192 \ud835\udf03 )",
            "step": 1,
            "theorem": "3imp",
            "ground_truth": "3imp \u22a2 ( ( \ud835\udf11 \u2227 \ud835\udf13 \u2227 \ud835\udf03 ) \u2192 \ud835\udf12 )",
            "ground_truth_display": false,
            "statement_depth": 0,
            "_thrs_random_uniform": 0.25822,
            "_thrs_reconstruct": 0.11224,
            "_thrs_obviousness": 1.0,
            "_thrs_weight": 0.5,
            "_thrs_complexity": 0.5,
            "_thrs_surprisingness": 0.5,
            "_thrs_intensity": 0.5,
            "_thrs_interestingness": 0.6,
            "_thrs_logistic_regression": 0.98199,
            "_thrs_random_forest": 0.955
        },
        {
            "number": 1235,
            "expression": "\u22a2 ( \ud835\udf11 \u2192 ( \ud835\udf13 \u2192 ( \ud835\udf03 \u2192 \ud835\udf12 ) ) )",
            "prop_expression": "( ( \ud835\udf11 \u2227 \ud835\udf13 ) \u2192 ( \ud835\udf12 \u2194 \ud835\udf03 ) ) \u22a2 ( \ud835\udf11 \u2192 ( \ud835\udf13 \u2192 ( \ud835\udf03 \u2192 \ud835\udf12 ) ) )",
            "step": 2,
            "theorem": "exbiri",
            "ground_truth": "exbiri \u22a2 ( \ud835\udf11 \u2192 ( \ud835\udf13 \u2192 ( \ud835\udf03 \u2192 \ud835\udf12 ) ) )",
            "ground_truth_display": false,
            "statement_depth": 0,
            "_thrs_random_uniform": 0.3716,
            "_thrs_reconstruct": 1.0,
            "_thrs_obviousness": 0.89903,
            "_thrs_weight": 0.5,
            "_thrs_complexity": 0.5,
            "_thrs_surprisingness": 0.5,
            "_thrs_intensity": 0.5,
            "_thrs_interestingness": 0.57981,
            "_thrs_logistic_regression": 0.98214,
            "_thrs_random_forest": 0.875
        },
        {
            "number": 1235,
            "expression": "\u22a2 ( ( \ud835\udf11 \u2227 \ud835\udf13 ) \u2192 ( \ud835\udf12 \u2194 \ud835\udf03 ) )",
            "prop_expression": " \u22a2 ( ( \ud835\udf11 \u2227 \ud835\udf13 ) \u2192 ( \ud835\udf12 \u2194 \ud835\udf03 ) )",
            "step": 3,
            "theorem": "biimp3a.1",
            "ground_truth": "biimp3a.1 \u22a2 ( ( \ud835\udf11 \u2227 \ud835\udf13 ) \u2192 ( \ud835\udf12 \u2194 \ud835\udf03 ) )",
            "ground_truth_display": false,
            "statement_depth": 0,
            "_thrs_random_uniform": 0.83871,
            "_thrs_reconstruct": 0.0,
            "_thrs_obviousness": 0.0,
            "_thrs_weight": 0.5,
            "_thrs_complexity": 0.5,
            "_thrs_surprisingness": 0.5,
            "_thrs_intensity": 0.5,
            "_thrs_interestingness": 0.4,
            "_thrs_logistic_regression": 0.98344,
            "_thrs_random_forest": 0.98
        }
    ],
    "is_train": false
}