{
    "theorem": "bija",
    "hyps": [
        [
            1,
            2
        ],
        [
            1,
            5
        ],
        [
            2,
            3
        ],
        [
            2,
            4
        ],
        [
            5,
            6
        ],
        [
            5,
            8
        ],
        [
            6,
            7
        ]
    ],
    "expression": "( ( \ud835\udf11 \u2194 \ud835\udf13 ) \u2192 \ud835\udf12 )",
    "steps": [
        {
            "expression": "\u22a2 ( ( \ud835\udf11 \u2194 \ud835\udf13 ) \u2192 \ud835\udf12 )",
            "prop_expression": "( \ud835\udf11 \u2192 ( \ud835\udf13 \u2192 \ud835\udf12 ) ), ( \ud835\udf11 \u2192 ( \u00ac \ud835\udf13 \u2192 \ud835\udf12 ) ) \u22a2 ( \ud835\udf11 \u2192 \ud835\udf12 )",
            "step": 1,
            "theorem": "pm2.61d",
            "ground_truth": "pm2.61d \u22a2 ( ( \ud835\udf11 \u2194 \ud835\udf13 ) \u2192 \ud835\udf12 )",
            "ground_truth_display": false,
            "statement_depth": 0,
            "_thrs_random_uniform": 0.6167378414797252,
            "_thrs_reconstruct": 0.08011049723756906,
            "_thrs_obviousness": 1.0,
            "_thrs_weight": 1.0,
            "_thrs_complexity": 0.0,
            "_thrs_surprisingness": 1.0,
            "_thrs_intensity": 1.0,
            "_thrs_interestingness": 0.8,
            "_thrs_logistic_regression": 0.9998810702354666,
            "_thrs_random_forest": 0.985
        },
        {
            "expression": "\u22a2 ( ( \ud835\udf11 \u2194 \ud835\udf13 ) \u2192 ( \ud835\udf13 \u2192 \ud835\udf12 ) )",
            "prop_expression": "( \ud835\udf13 \u2192 ( \ud835\udf11 \u2192 \ud835\udf12 ) ), ( \ud835\udf12 \u2192 ( \ud835\udf11 \u2192 \ud835\udf03 ) ) \u22a2 ( \ud835\udf13 \u2192 ( \ud835\udf11 \u2192 \ud835\udf03 ) )",
            "step": 2,
            "theorem": "syli",
            "ground_truth": "syli \u22a2 ( ( \ud835\udf11 \u2194 \ud835\udf13 ) \u2192 ( \ud835\udf13 \u2192 \ud835\udf12 ) )",
            "ground_truth_display": false,
            "statement_depth": 0,
            "_thrs_random_uniform": 0.5988469995977442,
            "_thrs_reconstruct": 0.011049723756906077,
            "_thrs_obviousness": 0.7548076923076923,
            "_thrs_weight": 0.0,
            "_thrs_complexity": 0.0,
            "_thrs_surprisingness": 1.0,
            "_thrs_intensity": 0.5769230769230771,
            "_thrs_interestingness": 0.46634615384615385,
            "_thrs_logistic_regression": 0.9970450732270174,
            "_thrs_random_forest": 0.975
        },
        {
            "expression": "\u22a2 ( ( \ud835\udf11 \u2194 \ud835\udf13 ) \u2192 ( \ud835\udf13 \u2192 \ud835\udf11 ) )",
            "prop_expression": " \u22a2 ( ( \ud835\udf11 \u2194 \ud835\udf13 ) \u2192 ( \ud835\udf13 \u2192 \ud835\udf11 ) )",
            "step": 3,
            "theorem": "bi2",
            "ground_truth": "bi2 \u22a2 ( ( \ud835\udf11 \u2194 \ud835\udf13 ) \u2192 ( \ud835\udf13 \u2192 \ud835\udf11 ) )",
            "ground_truth_display": false,
            "statement_depth": 0,
            "_thrs_random_uniform": 0.8738462968510754,
            "_thrs_reconstruct": 1.0,
            "_thrs_obviousness": 0.7458791208791209,
            "_thrs_weight": 0.0,
            "_thrs_complexity": 1.0,
            "_thrs_surprisingness": 0.0,
            "_thrs_intensity": 0.0,
            "_thrs_interestingness": 0.34917582417582416,
            "_thrs_logistic_regression": 0.26549816016028865,
            "_thrs_random_forest": 0.455
        },
        {
            "expression": "\u22a2 ( \ud835\udf11 \u2192 ( \ud835\udf13 \u2192 \ud835\udf12 ) )",
            "prop_expression": " \u22a2 ( \ud835\udf11 \u2192 ( \ud835\udf13 \u2192 \ud835\udf12 ) )",
            "step": 4,
            "theorem": "bija.1",
            "ground_truth": "bija.1 \u22a2 ( \ud835\udf11 \u2192 ( \ud835\udf13 \u2192 \ud835\udf12 ) )",
            "ground_truth_display": false,
            "statement_depth": 0,
            "_thrs_random_uniform": 0.8556508717556964,
            "_thrs_reconstruct": 0.0,
            "_thrs_obviousness": 0.0,
            "_thrs_weight": 1.0,
            "_thrs_complexity": 0.0,
            "_thrs_surprisingness": 1.0,
            "_thrs_intensity": 0.23076923076923078,
            "_thrs_interestingness": 0.4461538461538462,
            "_thrs_logistic_regression": 0.9931179873300136,
            "_thrs_random_forest": 0.96
        },
        {
            "expression": "\u22a2 ( ( \ud835\udf11 \u2194 \ud835\udf13 ) \u2192 ( \u00ac \ud835\udf13 \u2192 \ud835\udf12 ) )",
            "prop_expression": "( \ud835\udf13 \u2192 ( \ud835\udf11 \u2192 \ud835\udf12 ) ), ( \ud835\udf12 \u2192 ( \ud835\udf11 \u2192 \ud835\udf03 ) ) \u22a2 ( \ud835\udf13 \u2192 ( \ud835\udf11 \u2192 \ud835\udf03 ) )",
            "step": 5,
            "theorem": "syli",
            "ground_truth": "syli \u22a2 ( ( \ud835\udf11 \u2194 \ud835\udf13 ) \u2192 ( \u00ac \ud835\udf13 \u2192 \ud835\udf12 ) )",
            "ground_truth_display": false,
            "statement_depth": 0,
            "_thrs_random_uniform": 0.9066736937794176,
            "_thrs_reconstruct": 0.011049723756906077,
            "_thrs_obviousness": 0.18475274725274726,
            "_thrs_weight": 0.0,
            "_thrs_complexity": 0.0,
            "_thrs_surprisingness": 1.0,
            "_thrs_intensity": 0.5769230769230771,
            "_thrs_interestingness": 0.35233516483516486,
            "_thrs_logistic_regression": 0.9971854011479974,
            "_thrs_random_forest": 0.985
        },
        {
            "expression": "\u22a2 ( ( \ud835\udf11 \u2194 \ud835\udf13 ) \u2192 ( \u00ac \ud835\udf13 \u2192 \u00ac \ud835\udf11 ) )",
            "prop_expression": "( \ud835\udf11 \u2192 ( \ud835\udf13 \u2192 \ud835\udf12 ) ) \u22a2 ( \ud835\udf11 \u2192 ( \u00ac \ud835\udf12 \u2192 \u00ac \ud835\udf13 ) )",
            "step": 6,
            "theorem": "con3d",
            "ground_truth": "con3d \u22a2 ( ( \ud835\udf11 \u2194 \ud835\udf13 ) \u2192 ( \u00ac \ud835\udf13 \u2192 \u00ac \ud835\udf11 ) )",
            "ground_truth_display": false,
            "statement_depth": 0,
            "_thrs_random_uniform": 0.5201624712690309,
            "_thrs_reconstruct": 0.09530386740331492,
            "_thrs_obviousness": 0.17582417582417584,
            "_thrs_weight": 0.0,
            "_thrs_complexity": 1.0,
            "_thrs_surprisingness": 0.0,
            "_thrs_intensity": 0.23076923076923078,
            "_thrs_interestingness": 0.2813186813186813,
            "_thrs_logistic_regression": 0.5686549169715576,
            "_thrs_random_forest": 0.39
        },
        {
            "expression": "\u22a2 ( ( \ud835\udf11 \u2194 \ud835\udf13 ) \u2192 ( \ud835\udf11 \u2192 \ud835\udf13 ) )",
            "prop_expression": " \u22a2 ( ( \ud835\udf11 \u2194 \ud835\udf13 ) \u2192 ( \ud835\udf11 \u2192 \ud835\udf13 ) )",
            "step": 7,
            "theorem": "bi1",
            "ground_truth": "bi1 \u22a2 ( ( \ud835\udf11 \u2194 \ud835\udf13 ) \u2192 ( \ud835\udf11 \u2192 \ud835\udf13 ) )",
            "ground_truth_display": false,
            "statement_depth": 0,
            "_thrs_random_uniform": 0.07830116217077587,
            "_thrs_reconstruct": 0.13996316758747698,
            "_thrs_obviousness": 0.1043956043956044,
            "_thrs_weight": 0.0,
            "_thrs_complexity": 1.0,
            "_thrs_surprisingness": 0.0,
            "_thrs_intensity": 0.0,
            "_thrs_interestingness": 0.2208791208791209,
            "_thrs_logistic_regression": 0.27634279925960387,
            "_thrs_random_forest": 0.255
        },
        {
            "expression": "\u22a2 ( \u00ac \ud835\udf11 \u2192 ( \u00ac \ud835\udf13 \u2192 \ud835\udf12 ) )",
            "prop_expression": " \u22a2 ( \u00ac \ud835\udf11 \u2192 ( \u00ac \ud835\udf13 \u2192 \ud835\udf12 ) )",
            "step": 8,