{
    "theorem": "biluk",
    "hyps": [
        [
            1,
            2
        ],
        [
            1,
            8
        ],
        [
            2,
            3
        ],
        [
            2,
            7
        ],
        [
            3,
            4
        ],
        [
            3,
            6
        ],
        [
            4,
            5
        ]
    ],
    "expression": "( ( \ud835\udf11 \u2194 \ud835\udf13 ) \u2194 ( ( \ud835\udf12 \u2194 \ud835\udf13 ) \u2194 ( \ud835\udf11 \u2194 \ud835\udf12 ) ) )",
    "steps": [
        {
            "expression": "\u22a2 ( ( \ud835\udf11 \u2194 \ud835\udf13 ) \u2194 ( ( \ud835\udf12 \u2194 \ud835\udf13 ) \u2194 ( \ud835\udf11 \u2194 \ud835\udf12 ) ) )",
            "prop_expression": "( \ud835\udf11 \u2194 \ud835\udf13 ), ( \ud835\udf12 \u2194 \ud835\udf13 ) \u22a2 ( \ud835\udf11 \u2194 \ud835\udf12 )",
            "step": 1,
            "theorem": "bitr4i",
            "ground_truth": "bitr4i \u22a2 ( ( \ud835\udf11 \u2194 \ud835\udf13 ) \u2194 ( ( \ud835\udf12 \u2194 \ud835\udf13 ) \u2194 ( \ud835\udf11 \u2194 \ud835\udf12 ) ) )",
            "ground_truth_display": false,
            "statement_depth": 0,
            "_thrs_random_uniform": 0.35026,
            "_thrs_reconstruct": 0.00591,
            "_thrs_obviousness": 1.0,
            "_thrs_weight": 0.75,
            "_thrs_complexity": 0.0,
            "_thrs_surprisingness": 1.0,
            "_thrs_intensity": 0.75758,
            "_thrs_interestingness": 0.70152,
            "_thrs_logistic_regression": 0.99944,
            "_thrs_random_forest": 0.995
        },
        {
            "expression": "\u22a2 ( ( \ud835\udf11 \u2194 \ud835\udf13 ) \u2194 ( \ud835\udf12 \u2194 ( \ud835\udf13 \u2194 ( \ud835\udf11 \u2194 \ud835\udf12 ) ) ) )",
            "prop_expression": "\ud835\udf11, ( \ud835\udf11 \u2194 \ud835\udf13 ) \u22a2 \ud835\udf13",
            "step": 2,
            "theorem": "mpbi",
            "ground_truth": "mpbi \u22a2 ( ( \ud835\udf11 \u2194 \ud835\udf13 ) \u2194 ( \ud835\udf12 \u2194 ( \ud835\udf13 \u2194 ( \ud835\udf11 \u2194 \ud835\udf12 ) ) ) )",
            "ground_truth_display": false,
            "statement_depth": 0,
            "_thrs_random_uniform": 0.02471,
            "_thrs_reconstruct": 0.0,
            "_thrs_obviousness": 0.67172,
            "_thrs_weight": 0.75,
            "_thrs_complexity": 0.0,
            "_thrs_surprisingness": 1.0,
            "_thrs_intensity": 1.0,
            "_thrs_interestingness": 0.68434,
            "_thrs_logistic_regression": 0.99985,
            "_thrs_random_forest": 0.99
        },
        {
            "expression": "\u22a2 ( ( ( \ud835\udf11 \u2194 \ud835\udf13 ) \u2194 \ud835\udf12 ) \u2194 ( \ud835\udf13 \u2194 ( \ud835\udf11 \u2194 \ud835\udf12 ) ) )",
            "prop_expression": "( \ud835\udf11 \u2194 \ud835\udf13 ), ( \ud835\udf13 \u2194 \ud835\udf12 ) \u22a2 ( \ud835\udf11 \u2194 \ud835\udf12 )",
            "step": 3,
            "theorem": "bitri",
            "ground_truth": "bitri \u22a2 ( ( ( \ud835\udf11 \u2194 \ud835\udf13 ) \u2194 \ud835\udf12 ) \u2194 ( \ud835\udf13 \u2194 ( \ud835\udf11 \u2194 \ud835\udf12 ) ) )",
            "ground_truth_display": false,
            "statement_depth": 0,
            "_thrs_random_uniform": 0.57602,
            "_thrs_reconstruct": 0.00421,
            "_thrs_obviousness": 0.34537,
            "_thrs_weight": 0.75,
            "_thrs_complexity": 0.0,
            "_thrs_surprisingness": 1.0,
            "_thrs_intensity": 0.63636,
            "_thrs_interestingness": 0.54635,
            "_thrs_logistic_regression": 0.99899,
            "_thrs_random_forest": 0.845
        },
        {
            "expression": "\u22a2 ( ( ( \ud835\udf11 \u2194 \ud835\udf13 ) \u2194 \ud835\udf12 ) \u2194 ( ( \ud835\udf13 \u2194 \ud835\udf11 ) \u2194 \ud835\udf12 ) )",
            "prop_expression": "( \ud835\udf11 \u2194 \ud835\udf13 ) \u22a2 ( ( \ud835\udf11 \u2194 \ud835\udf12 ) \u2194 ( \ud835\udf13 \u2194 \ud835\udf12 ) )",
            "step": 4,
            "theorem": "bibi1i",
            "ground_truth": "bibi1i \u22a2 ( ( ( \ud835\udf11 \u2194 \ud835\udf13 ) \u2194 \ud835\udf12 ) \u2194 ( ( \ud835\udf13 \u2194 \ud835\udf11 ) \u2194 \ud835\udf12 ) )",
            "ground_truth_display": false,
            "statement_depth": 0,
            "_thrs_random_uniform": 0.43333,
            "_thrs_reconstruct": 0.05392,
            "_thrs_obviousness": 0.01765,
            "_thrs_weight": 0.75,
            "_thrs_complexity": 0.0,
            "_thrs_surprisingness": 1.0,
            "_thrs_intensity": 0.27273,
            "_thrs_interestingness": 0.40808,
            "_thrs_logistic_regression": 0.99302,
            "_thrs_random_forest": 0.615
        },
        {
            "expression": "\u22a2 ( ( \ud835\udf11 \u2194 \ud835\udf13 ) \u2194 ( \ud835\udf13 \u2194 \ud835\udf11 ) )",
            "prop_expression": " \u22a2 ( ( \ud835\udf11 \u2194 \ud835\udf13 ) \u2194 ( \ud835\udf13 \u2194 \ud835\udf11 ) )",
            "step": 5,
            "theorem": "bicom",
            "ground_truth": "bicom \u22a2 ( ( \ud835\udf11 \u2194 \ud835\udf13 ) \u2194 ( \ud835\udf13 \u2194 \ud835\udf11 ) )",
            "ground_truth_display": false,
            "statement_depth": 0,
            "_thrs_random_uniform": 0.21451,
            "_thrs_reconstruct": 0.00351,
            "_thrs_obviousness": 0.0,
            "_thrs_weight": 1.0,
            "_thrs_complexity": 1.0,
            "_thrs_surprisingness": 0.0,
            "_thrs_intensity": 0.09091,
            "_thrs_interestingness": 0.41818,
            "_thrs_logistic_regression": 0.62023,
            "_thrs_random_forest": 0.785
        },
        {
            "expression": "\u22a2 ( ( ( \ud835\udf13 \u2194 \ud835\udf11 ) \u2194 \ud835\udf12 ) \u2194 ( \ud835\udf13 \u2194 ( \ud835\udf11 \u2194 \ud835\udf12 ) ) )",
            "prop_expression": " \u22a2 ( ( ( \ud835\udf11 \u2194 \ud835\udf13 ) \u2194 \ud835\udf12 ) \u2194 ( \ud835\udf11 \u2194 ( \ud835\udf13 \u2194 \ud835\udf12 ) ) )",
            "step": 6,
            "theorem": "biass",
            "ground_truth": "biass \u22a2 ( ( ( \ud835\udf13 \u2194 \ud835\udf11 ) \u2194 \ud835\udf12 ) \u2194 ( \ud835\udf13 \u2194 ( \ud835\udf11 \u2194 \ud835\udf12 ) ) )",
            "ground_truth_display": false,
            "statement_depth": 0,
            "_thrs_random_uniform": 0.55729,
            "_thrs_reconstruct": 1.0,
            "_thrs_obviousness": 0.32509,
            "_thrs_weight": 0.75,
            "_thrs_complexity": 0.0,
            "_thrs_surprisingness": 1.0,
            "_thrs_intensity": 0.09091,
            "_thrs_interestingness": 0.4332,
            "_thrs_logistic_regression": 0.98113,
            "_thrs_random_forest": 0.695
        },
        {
            "expression": "\u22a2 ( ( ( ( \ud835\udf11 \u2194 \ud835\udf13 ) \u2194 \ud835\udf12 ) \u2194 ( \ud835\udf13 \u2194 ( \ud835\udf11 \u2194 \ud835\udf12 ) ) ) \u2194 ( ( \ud835\udf11 \u2194 \ud835\udf13 ) \u2194 ( \ud835\udf12 \u2194 ( \ud835\udf13 \u2194 ( \ud835\udf11 \u2194 \ud835\udf12 ) ) ) ) )",
            "prop_expression": " \u22a2 ( ( ( \ud835\udf11 \u2194 \ud835\udf13 ) \u2194 \ud835\udf12 ) \u2194 ( \ud835\udf11 \u2194 ( \ud835\udf13 \u2194 \ud835\udf12 ) ) )",
            "step": 7,
            "theorem": "biass",
            "ground_truth": "biass \u22a2 ( ( ( ( \ud835\udf11 \u2194 \ud835\udf13 ) \u2194 \ud835\udf12 ) \u2194 ( \ud835\udf13 \u2194 ( \ud835\udf11 \u2194 \ud835\udf12 ) ) ) \u2194 ( ( \ud835\udf11 \u2194 \ud835\udf13 ) \u2194 ( \ud835\udf12 \u2194 ( \ud835\udf13 \u2194 ( \ud835\udf11 \u2194 \ud835\udf12 ) ) ) ) )",
            "ground_truth_display": false,
            "statement_depth": 0,
            "_thrs_random_uniform": 0.67323,
            "_thrs_reconstruct": 1.0,
            "_thrs_obviousness": 0.32509,
            "_thrs_weight": 0.0,
            "_thrs_complexity": 0.0,