{
    "theorem": "bitr2d",
    "hyps": [
        [
            1,
            2
        ],
        [
            2,
            3
        ],
        [
            2,
            4
        ]
    ],
    "expression": "( \ud835\udf11 \u2192 ( \ud835\udf03 \u2194 \ud835\udf13 ) )",
    "steps": [
        {
            "expression": "\u22a2 ( \ud835\udf11 \u2192 ( \ud835\udf03 \u2194 \ud835\udf13 ) )",
            "prop_expression": "( \ud835\udf11 \u2192 ( \ud835\udf13 \u2194 \ud835\udf12 ) ) \u22a2 ( \ud835\udf11 \u2192 ( \ud835\udf12 \u2194 \ud835\udf13 ) )",
            "step": 1,
            "theorem": "bicomd",
            "ground_truth": "bicomd \u22a2 ( \ud835\udf11 \u2192 ( \ud835\udf03 \u2194 \ud835\udf13 ) )",
            "ground_truth_display": false,
            "statement_depth": 0,
            "_thrs_random_uniform": 0.14655872044308538,
            "_thrs_reconstruct": 0.214434092911998,
            "_thrs_obviousness": 1.0,
            "_thrs_weight": 0.5,
            "_thrs_complexity": 0.5,
            "_thrs_surprisingness": 0.5,
            "_thrs_intensity": 0.0,
            "_thrs_interestingness": 0.5,
            "_thrs_logistic_regression": 0.7859906153763356,
            "_thrs_random_forest": 0.845
        },
        {
            "expression": "\u22a2 ( \ud835\udf11 \u2192 ( \ud835\udf13 \u2194 \ud835\udf03 ) )",
            "prop_expression": "( \ud835\udf11 \u2192 ( \ud835\udf13 \u2194 \ud835\udf12 ) ), ( \ud835\udf11 \u2192 ( \ud835\udf12 \u2194 \ud835\udf03 ) ) \u22a2 ( \ud835\udf11 \u2192 ( \ud835\udf13 \u2194 \ud835\udf03 ) )",
            "step": 2,
            "theorem": "bitrd",
            "ground_truth": "bitrd \u22a2 ( \ud835\udf11 \u2192 ( \ud835\udf13 \u2194 \ud835\udf03 ) )",
            "ground_truth_display": false,
            "statement_depth": 0,
            "_thrs_random_uniform": 0.5818176548043386,
            "_thrs_reconstruct": 1.0,
            "_thrs_obviousness": 0.8234166061988183,
            "_thrs_weight": 0.5,
            "_thrs_complexity": 0.5,
            "_thrs_surprisingness": 0.5,
            "_thrs_intensity": 1.0,
            "_thrs_interestingness": 0.6646833212397636,
            "_thrs_logistic_regression": 0.9987848986914909,
            "_thrs_random_forest": 0.905
        },
        {
            "expression": "\u22a2 ( \ud835\udf11 \u2192 ( \ud835\udf13 \u2194 \ud835\udf12 ) )",
            "prop_expression": " \u22a2 ( \ud835\udf11 \u2192 ( \ud835\udf13 \u2194 \ud835\udf12 ) )",
            "step": 3,
            "theorem": "bitr2d.1",
            "ground_truth": "bitr2d.1 \u22a2 ( \ud835\udf11 \u2192 ( \ud835\udf13 \u2194 \ud835\udf12 ) )",
            "ground_truth_display": false,
            "statement_depth": 0,
            "_thrs_random_uniform": 0.7513635610457249,
            "_thrs_reconstruct": 0.0,
            "_thrs_obviousness": 0.0,
            "_thrs_weight": 0.5,
            "_thrs_complexity": 0.5,
            "_thrs_surprisingness": 0.5,
            "_thrs_intensity": 0.0,
            "_thrs_interestingness": 0.3,
            "_thrs_logistic_regression": 0.800036378889129,
            "_thrs_random_forest": 0.885
        },
        {
            "expression": "\u22a2 ( \ud835\udf11 \u2192 ( \ud835\udf12 \u2194 \ud835\udf03 ) )",
            "prop_expression": " \u22a2 ( \ud835\udf11 \u2192 ( \ud835\udf12 \u2194 \ud835\udf03 ) )",
            "step": 4,
            "theorem": "bitr2d.2",
            "ground_truth": "bitr2d.2 \u22a2 ( \ud835\udf11 \u2192 ( \ud835\udf12 \u2194 \ud835\udf03 ) )",
            "ground_truth_display": false,
            "statement_depth": 0,
            "_thrs_random_uniform": 0.9854538600420714,
            "_thrs_reconstruct": 0.0,
            "_thrs_obviousness": 0.0,
            "_thrs_weight": 0.5,
            "_thrs_complexity": 0.5,
            "_thrs_surprisingness": 0.5,
            "_thrs_intensity": 0.0,
            "_thrs_interestingness": 0.3,
            "_thrs_logistic_regression": 0.800036378889129,
            "_thrs_random_forest": 0.885
        }
    ]
}