{
    "theorem": "bitri",
    "hyps": [
        [
            1,
            2
        ],
        [
            1,
            6
        ],
        [
            2,
            3
        ],
        [
            2,
            5
        ],
        [
            3,
            4
        ],
        [
            6,
            7
        ],
        [
            6,
            9
        ],
        [
            7,
            8
        ]
    ],
    "expression": "( \ud835\udf11 \u2194 \ud835\udf12 )",
    "steps": [
        {
            "expression": "\u22a2 ( \ud835\udf11 \u2194 \ud835\udf12 )",
            "prop_expression": "( \ud835\udf11 \u2192 \ud835\udf13 ), ( \ud835\udf13 \u2192 \ud835\udf11 ) \u22a2 ( \ud835\udf11 \u2194 \ud835\udf13 )",
            "step": 1,
            "theorem": "impbii",
            "ground_truth": "impbii \u22a2 ( \ud835\udf11 \u2194 \ud835\udf12 )",
            "ground_truth_display": false,
            "statement_depth": 0,
            "_thrs_random_uniform": 0.7594152092268879,
            "_thrs_reconstruct": 0.1496680748340374,
            "_thrs_obviousness": 1.0,
            "_thrs_weight": 0.5,
            "_thrs_complexity": 0.5,
            "_thrs_surprisingness": 0.0,
            "_thrs_intensity": 1.0,
            "_thrs_interestingness": 0.6,
            "_thrs_logistic_regression": 0.9993729300984916,
            "_thrs_random_forest": 0.9
        },
        {
            "expression": "\u22a2 ( \ud835\udf11 \u2192 \ud835\udf12 )",
            "prop_expression": "( \ud835\udf11 \u2192 \ud835\udf13 ), ( \ud835\udf13 \u2194 \ud835\udf12 ) \u22a2 ( \ud835\udf11 \u2192 \ud835\udf12 )",
            "step": 2,
            "theorem": "sylib",
            "ground_truth": "sylib \u22a2 ( \ud835\udf11 \u2192 \ud835\udf12 )",
            "ground_truth_display": false,
            "statement_depth": 0,
            "_thrs_random_uniform": 0.6473648865160877,
            "_thrs_reconstruct": 0.09354254677127338,
            "_thrs_obviousness": 0.07982433479721002,
            "_thrs_weight": 0.5,
            "_thrs_complexity": 0.5,
            "_thrs_surprisingness": 0.0,
            "_thrs_intensity": 0.33333333333333326,
            "_thrs_interestingness": 0.28263153362610866,
            "_thrs_logistic_regression": 0.9792750575800883,
            "_thrs_random_forest": 0.94
        },
        {
            "expression": "\u22a2 ( \ud835\udf11 \u2192 \ud835\udf13 )",
            "prop_expression": "( \ud835\udf11 \u2194 \ud835\udf13 ) \u22a2 ( \ud835\udf11 \u2192 \ud835\udf13 )",
            "step": 3,
            "theorem": "biimpi",
            "ground_truth": "biimpi \u22a2 ( \ud835\udf11 \u2192 \ud835\udf13 )",
            "ground_truth_display": false,
            "statement_depth": 0,
            "_thrs_random_uniform": 0.9711628682372625,
            "_thrs_reconstruct": 0.09203379601689801,
            "_thrs_obviousness": 0.03952467062774477,
            "_thrs_weight": 0.5,
            "_thrs_complexity": 0.5,
            "_thrs_surprisingness": 1.0,
            "_thrs_intensity": 0.0,
            "_thrs_interestingness": 0.4079049341255489,
            "_thrs_logistic_regression": 0.6694968583098537,
            "_thrs_random_forest": 0.32
        },
        {
            "expression": "\u22a2 ( \ud835\udf11 \u2194 \ud835\udf13 )",
            "prop_expression": " \u22a2 ( \ud835\udf11 \u2194 \ud835\udf13 )",
            "step": 4,
            "theorem": "bitri.1",
            "ground_truth": "bitri.1 \u22a2 ( \ud835\udf11 \u2194 \ud835\udf13 )",
            "ground_truth_display": false,
            "statement_depth": 0,
            "_thrs_random_uniform": 0.3535467457584953,
            "_thrs_reconstruct": 0.0,
            "_thrs_obviousness": 0.0,
            "_thrs_weight": 0.5,
            "_thrs_complexity": 0.5,
            "_thrs_surprisingness": 1.0,
            "_thrs_intensity": 0.0,
            "_thrs_interestingness": 0.4,
            "_thrs_logistic_regression": 0.6702450283867224,
            "_thrs_random_forest": 0.905
        },
        {
            "expression": "\u22a2 ( \ud835\udf13 \u2194 \ud835\udf12 )",
            "prop_expression": " \u22a2 ( \ud835\udf13 \u2194 \ud835\udf12 )",
            "step": 5,
            "theorem": "bitri.2",
            "ground_truth": "bitri.2 \u22a2 ( \ud835\udf13 \u2194 \ud835\udf12 )",
            "ground_truth_display": false,
            "statement_depth": 0,
            "_thrs_random_uniform": 0.17405645728954877,
            "_thrs_reconstruct": 0.0,
            "_thrs_obviousness": 0.0,
            "_thrs_weight": 0.5,
            "_thrs_complexity": 0.5,
            "_thrs_surprisingness": 1.0,
            "_thrs_intensity": 0.0,
            "_thrs_interestingness": 0.4,
            "_thrs_logistic_regression": 0.6702450283867224,
            "_thrs_random_forest": 0.775
        },
        {
            "expression": "\u22a2 ( \ud835\udf12 \u2192 \ud835\udf11 )",
            "prop_expression": "( \ud835\udf11 \u2192 \ud835\udf13 ), ( \ud835\udf12 \u2194 \ud835\udf13 ) \u22a2 ( \ud835\udf11 \u2192 \ud835\udf12 )",
            "step": 6,
            "theorem": "sylibr",
            "ground_truth": "sylibr \u22a2 ( \ud835\udf12 \u2192 \ud835\udf11 )",
            "ground_truth_display": false,
            "statement_depth": 0,
            "_thrs_random_uniform": 0.036225965911974245,
            "_thrs_reconstruct": 1.0,
            "_thrs_obviousness": 0.8558512012399897,
            "_thrs_weight": 0.5,
            "_thrs_complexity": 0.5,
            "_thrs_surprisingness": 0.0,
            "_thrs_intensity": 0.33333333333333326,
            "_thrs_interestingness": 0.4378369069146646,
            "_thrs_logistic_regression": 0.9778831246970128,
            "_thrs_random_forest": 0.985
        },
        {
            "expression": "\u22a2 ( \ud835\udf12 \u2192 \ud835\udf13 )",
            "prop_expression": "( \ud835\udf11 \u2194 \ud835\udf13 ) \u22a2 ( \ud835\udf13 \u2192 \ud835\udf11 )",
            "step": 7,
            "theorem": "biimpri",
            "ground_truth": "biimpri \u22a2 ( \ud835\udf12 \u2192 \ud835\udf13 )",
            "ground_truth_display": false,
            "statement_depth": 0,
            "_thrs_random_uniform": 0.2705711874330341,
            "_thrs_reconstruct": 0.9984912492456246,
            "_thrs_obviousness": 0.4275381038491346,
            "_thrs_weight": 0.5,
            "_thrs_complexity": 0.5,
            "_thrs_surprisingness": 1.0,
            "_thrs_intensity": 0.0,
            "_thrs_interestingness": 0.48550762076982695,
            "_thrs_logistic_regression": 0.6621069368900354,
            "_thrs_random_forest": 0.35
        },
        {
            "expression": "\u22a2 ( \ud835\udf13 \u2194 \ud835\udf12 )",
            "prop_expression": " \u22a2 ( \ud835\udf13 \u2194 \ud835\udf12 )",
            "step": 8,
            "theorem": "bitri.2",
            "ground_truth": "bitri.2 \u22a2 ( \ud835\udf13 \u2194 \ud835\udf12 )",
            "ground_truth_display": false,
            "statement_depth": 0,
            "_thrs_random_uniform": 0.7931288118850887,
            "_thrs_reconstruct": 0.0,
            "_thrs_obviousness": 0.0,
            "_thrs_weight": 0.5,
            "_thrs_complexity": 0.5,
            "_thrs_surprisingness": 1.0,
            "_thrs_intensity": 0.0,
            "_thrs_interestingness": 0.4,
            "_thrs_logistic_regression": 0.6702450283867224,
            "_thrs_random_forest": 0.975
        },
        {
            "expression": "\u22a2 ( \ud835\udf11 \u2194 \ud835\udf13 )",
            "prop_expression": " \u22a2 ( \ud835\udf11 \u2194 \ud835\udf13 )",
            "step": 9,
            "theorem": "bitri.1",
            "ground_truth": "bitri.1 \u22a2 ( \ud835\udf11 \u2194 \ud835\udf13 )",
            "ground_truth_display": false,
            "statement_depth": 0,
            "_thrs_random_uniform": 0.49383860048671635,
            "_thrs_reconstruct": 0.0,