{
    "theorem": "brab2ga",
    "hyps": [
        [
            1,
            2
        ],
        [
            1,
            6
        ],
        [
            2,
            3
        ],
        [
            3,
            4
        ],
        [
            3,
            5
        ],
        [
            6,
            7
        ],
        [
            6,
            11
        ],
        [
            7,
            8
        ],
        [
            7,
            9
        ],
        [
            9,
            10
        ],
        [
            11,
            12
        ]
    ],
    "expression": "( A R B \u2194 ( ( A \u2208 C \u2227 B \u2208 D ) \u2227 \ud835\udf13 ) )",
    "steps": [
        {
            "expression": "\u22a2 ( A R B \u2194 ( ( A \u2208 C \u2227 B \u2208 D ) \u2227 \ud835\udf13 ) )",
            "prop_expression": "( \ud835\udf11 \u2192 \ud835\udf13 ), ( \ud835\udf13 \u2192 ( \ud835\udf11 \u2194 \ud835\udf12 ) ) \u22a2 ( \ud835\udf11 \u2194 ( \ud835\udf13 \u2227 \ud835\udf12 ) )",
            "step": 1,
            "theorem": "biadan2",
            "ground_truth": "biadan2 \u22a2 ( A R B \u2194 ( ( A \u2208 C \u2227 B \u2208 D ) \u2227 \ud835\udf13 ) )",
            "ground_truth_display": false,
            "statement_depth": 0,
            "_thrs_random_uniform": 0.17342321336066846,
            "_thrs_reconstruct": 5.0029570138490774e-08,
            "_thrs_obviousness": 1.0,
            "_thrs_weight": 0.6428571428571428,
            "_thrs_complexity": 0.4,
            "_thrs_surprisingness": 0.553191489361702,
            "_thrs_intensity": 0.685112359550562,
            "_thrs_interestingness": 0.6562321983538814,
            "_thrs_logistic_regression": 0.9962035815820103,
            "_thrs_random_forest": 0.945
        },
        {
            "expression": "\u22a2 ( A R B \u2192 ( A \u2208 C \u2227 B \u2208 D ) )",
            "prop_expression": "R \u2286 ( C \u00d7 D ) \u22a2 ( A R B \u2192 ( A \u2208 C \u2227 B \u2208 D ) )",
            "step": 2,
            "theorem": "brel",
            "ground_truth": "brel \u22a2 ( A R B \u2192 ( A \u2208 C \u2227 B \u2208 D ) )",
            "ground_truth_display": false,
            "statement_depth": 0,
            "_thrs_random_uniform": 0.8864511226505519,
            "_thrs_reconstruct": 0.4109435765935667,
            "_thrs_obviousness": 0.29135064042124365,
            "_thrs_weight": 0.7142857142857143,
            "_thrs_complexity": 0.6,
            "_thrs_surprisingness": 0.34042553191489355,
            "_thrs_intensity": 0.09269662921348315,
            "_thrs_interestingness": 0.407751703167067,
            "_thrs_logistic_regression": 0.8549704249033987,
            "_thrs_random_forest": 0.94
        },
        {
            "expression": "\u22a2 R \u2286 ( C \u00d7 D )",
            "prop_expression": "A = B, B \u2286 C \u22a2 A \u2286 C",
            "step": 3,
            "theorem": "eqsstri",
            "ground_truth": "eqsstri \u22a2 R \u2286 ( C \u00d7 D )",
            "ground_truth_display": false,
            "statement_depth": 0,
            "_thrs_random_uniform": 0.8902459616470078,
            "_thrs_reconstruct": 8.422432834120272e-06,
            "_thrs_obviousness": 0.00013577803496372194,
            "_thrs_weight": 1.0,
            "_thrs_complexity": 0.8,
            "_thrs_surprisingness": 0.0886524822695036,
            "_thrs_intensity": 1.0,
            "_thrs_interestingness": 0.5777576520608936,
            "_thrs_logistic_regression": 0.9981520568729729,
            "_thrs_random_forest": 0.89
        },
        {
            "expression": "\u22a2 R = { \u27e8 x , y \u27e9 | ( ( x \u2208 C \u2227 y \u2208 D ) \u2227 \ud835\udf11 ) }",
            "prop_expression": " \u22a2 R = { \u27e8 x , y \u27e9 | ( ( x \u2208 C \u2227 y \u2208 D ) \u2227 \ud835\udf11 ) }",
            "step": 4,
            "theorem": "brab2ga.2",
            "ground_truth": "brab2ga.2 \u22a2 R = { \u27e8 x , y \u27e9 | ( ( x \u2208 C \u2227 y \u2208 D ) \u2227 \ud835\udf11 ) }",
            "ground_truth_display": false,
            "statement_depth": 0,
            "_thrs_random_uniform": 0.133672951830065,
            "_thrs_reconstruct": 0.0,
            "_thrs_obviousness": 0.0,
            "_thrs_weight": 0.6428571428571428,
            "_thrs_complexity": 0.4,
            "_thrs_surprisingness": 0.0,
            "_thrs_intensity": 0.10870786516853934,
            "_thrs_interestingness": 0.2303130016051364,
            "_thrs_logistic_regression": 0.9642456621217136,
            "_thrs_random_forest": 0.5345833333333333
        },
        {
            "expression": "\u22a2 { \u27e8 x , y \u27e9 | ( ( x \u2208 C \u2227 y \u2208 D ) \u2227 \ud835\udf11 ) } \u2286 ( C \u00d7 D )",
            "prop_expression": " \u22a2 { \u27e8 x , y \u27e9 | ( ( x \u2208 A \u2227 y \u2208 B ) \u2227 \ud835\udf11 ) } \u2286 ( A \u00d7 B )",
            "step": 5,
            "theorem": "opabssxp",
            "ground_truth": "opabssxp \u22a2 { \u27e8 x , y \u27e9 | ( ( x \u2208 C \u2227 y \u2208 D ) \u2227 \ud835\udf11 ) } \u2286 ( C \u00d7 D )",
            "ground_truth_display": false,
            "statement_depth": 0,
            "_thrs_random_uniform": 0.30812472138741565,
            "_thrs_reconstruct": 0.0001831787471244188,
            "_thrs_obviousness": 0.00012980948401263167,
            "_thrs_weight": 0.4285714285714286,
            "_thrs_complexity": 0.19999999999999996,
            "_thrs_surprisingness": 0.8120567375886526,
            "_thrs_intensity": 0.06806395851339675,
            "_thrs_interestingness": 0.30176438683149814,
            "_thrs_logistic_regression": 0.941987954042123,
            "_thrs_random_forest": 0.56
        },
        {
            "expression": "\u22a2 ( ( A \u2208 C \u2227 B \u2208 D ) \u2192 ( A R B \u2194 \ud835\udf13 ) )",
            "prop_expression": "( \ud835\udf11 \u2194 \ud835\udf13 ), ( \ud835\udf12 \u2192 ( \ud835\udf13 \u2194 \ud835\udf03 ) ) \u22a2 ( \ud835\udf12 \u2192 ( \ud835\udf11 \u2194 \ud835\udf03 ) )",
            "step": 6,
            "theorem": "syl5bb",
            "ground_truth": "syl5bb \u22a2 ( ( A \u2208 C \u2227 B \u2208 D ) \u2192 ( A R B \u2194 \ud835\udf13 ) )",
            "ground_truth_display": false,
            "statement_depth": 0,
            "_thrs_random_uniform": 0.7264843352718081,
            "_thrs_reconstruct": 3.064666717268408e-09,
            "_thrs_obviousness": 0.7086493241252017,
            "_thrs_weight": 0.6428571428571428,
            "_thrs_complexity": 0.4,
            "_thrs_surprisingness": 0.553191489361702,
            "_thrs_intensity": 0.9156741573033709,
            "_thrs_interestingness": 0.6440744227294835,
            "_thrs_logistic_regression": 0.9989298311024182,
            "_thrs_random_forest": 0.97
        },
        {
            "expression": "\u22a2 ( A R B \u2194 \u27e8 A , B \u27e9 \u2208 { \u27e8 x , y \u27e9 | ( ( x \u2208 C \u2227 y \u2208 D ) \u2227 \ud835\udf11 ) } )",
            "prop_expression": "( \ud835\udf11 \u2194 \ud835\udf13 ), ( \ud835\udf13 \u2194 \ud835\udf12 ) \u22a2 ( \ud835\udf11 \u2194 \ud835\udf12 )",
            "step": 7,
            "theorem": "bitri",
            "ground_truth": "bitri \u22a2 ( A R B \u2194 \u27e8 A , B \u27e9 \u2208 { \u27e8 x , y \u27e9 | ( ( x \u2208 C \u2227 y \u2208 D ) \u2227 \ud835\udf11 ) } )",
            "ground_truth_display": false,
            "statement_depth": 0,
            "_thrs_random_uniform": 0.03453775248514912,
            "_thrs_reconstruct": 7.463457876950633e-10,
            "_thrs_obviousness": 5.968666532053009e-08,
            "_thrs_weight": 0.2857142857142857,
            "_thrs_complexity": 0.0,
            "_thrs_surprisingness": 1.0,
            "_thrs_intensity": 0.5089887640449439,
            "_thrs_interestingness": 0.35894062188917897,
            "_thrs_logistic_regression": 0.9969570401273282,