{
    "theorem": "brsdom",
    "hyps": [
        [
            1,
            2
        ],
        [
            1,
            4
        ],
        [
            1,
            5
        ],
        [
            2,
            3
        ],
        [
            5,
            6
        ],
        [
            5,
            10
        ],
        [
            6,
            7
        ],
        [
            6,
            8
        ],
        [
            8,
            9
        ]
    ],
    "expression": "( A \u227a B \u2194 ( A \u227a_ B \u2227 \u00ac A \u2248 B ) )",
    "steps": [
        {
            "expression": "\u22a2 ( A \u227a B \u2194 ( A \u227a_ B \u2227 \u00ac A \u2248 B ) )",
            "prop_expression": "( \ud835\udf11 \u2194 \ud835\udf13 ), ( \ud835\udf12 \u2194 \ud835\udf11 ), ( \ud835\udf03 \u2194 \ud835\udf13 ) \u22a2 ( \ud835\udf12 \u2194 \ud835\udf03 )",
            "step": 1,
            "theorem": "3bitr4i",
            "ground_truth": "3bitr4i \u22a2 ( A \u227a B \u2194 ( A \u227a_ B \u2227 \u00ac A \u2248 B ) )",
            "ground_truth_display": false,
            "statement_depth": 0,
            "_thrs_random_uniform": 0.430070745568784,
            "_thrs_reconstruct": 3.812416928477401e-06,
            "_thrs_obviousness": 1.0,
            "_thrs_weight": 0.5,
            "_thrs_complexity": 0.6666666666666667,
            "_thrs_surprisingness": 0.4228187919463087,
            "_thrs_intensity": 0.9833333333333334,
            "_thrs_interestingness": 0.7145637583892619,
            "_thrs_logistic_regression": 0.9971691247458265,
            "_thrs_random_forest": 0.965
        },
        {
            "expression": "\u22a2 ( \u27e8 A , B \u27e9 \u2208 \u227a \u2194 \u27e8 A , B \u27e9 \u2208 ( \u227a_ \u2216 \u2248 ) )",
            "prop_expression": "A = B \u22a2 ( C \u2208 A \u2194 C \u2208 B )",
            "step": 2,
            "theorem": "eleq2i",
            "ground_truth": "eleq2i \u22a2 ( \u27e8 A , B \u27e9 \u2208 \u227a \u2194 \u27e8 A , B \u27e9 \u2208 ( \u227a_ \u2216 \u2248 ) )",
            "ground_truth_display": false,
            "statement_depth": 0,
            "_thrs_random_uniform": 0.09739444348711512,
            "_thrs_reconstruct": 0.00017854286369861581,
            "_thrs_obviousness": 0.0001784774630261338,
            "_thrs_weight": 0.4,
            "_thrs_complexity": 0.0,
            "_thrs_surprisingness": 1.0,
            "_thrs_intensity": 0.1425,
            "_thrs_interestingness": 0.30853569549260523,
            "_thrs_logistic_regression": 0.9806098102525261,
            "_thrs_random_forest": 0.8997857142857143
        },
        {
            "expression": "\u22a2 \u227a = ( \u227a_ \u2216 \u2248 )",
            "prop_expression": " \u22a2 \u227a = ( \u227a_ \u2216 \u2248 )",
            "step": 3,
            "theorem": "df-sdom",
            "ground_truth": "df-sdom \u22a2 \u227a = ( \u227a_ \u2216 \u2248 )",
            "ground_truth_display": false,
            "statement_depth": 0,
            "_thrs_random_uniform": 0.5158616439402987,
            "_thrs_reconstruct": 0.0,
            "_thrs_obviousness": 0.0,
            "_thrs_weight": 1.0,
            "_thrs_complexity": 1.0,
            "_thrs_surprisingness": 0.15436241610738258,
            "_thrs_intensity": 0.3,
            "_thrs_interestingness": 0.4908724832214765,
            "_thrs_logistic_regression": 0.8037066997567149,
            "_thrs_random_forest": 0.9475
        },
        {
            "expression": "\u22a2 ( A \u227a B \u2194 \u27e8 A , B \u27e9 \u2208 \u227a )",
            "prop_expression": " \u22a2 ( A R B \u2194 \u27e8 A , B \u27e9 \u2208 R )",
            "step": 4,
            "theorem": "df-br",
            "ground_truth": "df-br \u22a2 ( A \u227a B \u2194 \u27e8 A , B \u27e9 \u2208 \u227a )",
            "ground_truth_display": false,
            "statement_depth": 0,
            "_thrs_random_uniform": 0.22612504088863317,
            "_thrs_reconstruct": 0.0,
            "_thrs_obviousness": 0.0,
            "_thrs_weight": 0.7,
            "_thrs_complexity": 1.0,
            "_thrs_surprisingness": 0.06040268456375844,
            "_thrs_intensity": 0.075,
            "_thrs_interestingness": 0.36708053691275166,
            "_thrs_logistic_regression": 0.5091841336870749,
            "_thrs_random_forest": 0.92
        },
        {
            "expression": "\u22a2 ( ( A \u227a_ B \u2227 \u00ac A \u2248 B ) \u2194 \u27e8 A , B \u27e9 \u2208 ( \u227a_ \u2216 \u2248 ) )",
            "prop_expression": "( \ud835\udf11 \u2194 \ud835\udf13 ), ( \ud835\udf12 \u2194 \ud835\udf13 ) \u22a2 ( \ud835\udf11 \u2194 \ud835\udf12 )",
            "step": 5,
            "theorem": "bitr4i",
            "ground_truth": "bitr4i \u22a2 ( ( A \u227a_ B \u2227 \u00ac A \u2248 B ) \u2194 \u27e8 A , B \u27e9 \u2208 ( \u227a_ \u2216 \u2248 ) )",
            "ground_truth_display": false,
            "statement_depth": 0,
            "_thrs_random_uniform": 0.43254815401124014,
            "_thrs_reconstruct": 2.2159505787405572e-06,
            "_thrs_obviousness": 0.999817710902308,
            "_thrs_weight": 0.19999999999999996,
            "_thrs_complexity": 0.33333333333333337,
            "_thrs_surprisingness": 0.5402684563758388,
            "_thrs_intensity": 1.0,
            "_thrs_interestingness": 0.614683900122296,
            "_thrs_logistic_regression": 0.9992560720124463,
            "_thrs_random_forest": 0.89
        },
        {
            "expression": "\u22a2 ( ( A \u227a_ B \u2227 \u00ac A \u2248 B ) \u2194 ( \u27e8 A , B \u27e9 \u2208 \u227a_ \u2227 \u00ac \u27e8 A , B \u27e9 \u2208 \u2248 ) )",
            "prop_expression": "( \ud835\udf11 \u2194 \ud835\udf13 ), ( \ud835\udf12 \u2194 \ud835\udf03 ) \u22a2 ( ( \ud835\udf11 \u2227 \ud835\udf12 ) \u2194 ( \ud835\udf13 \u2227 \ud835\udf03 ) )",
            "step": 6,
            "theorem": "anbi12i",
            "ground_truth": "anbi12i \u22a2 ( ( A \u227a_ B \u2227 \u00ac A \u2248 B ) \u2194 ( \u27e8 A , B \u27e9 \u2208 \u227a_ \u2227 \u00ac \u27e8 A , B \u27e9 \u2208 \u2248 ) )",
            "ground_truth_display": false,
            "statement_depth": 0,
            "_thrs_random_uniform": 0.06910188500913017,
            "_thrs_reconstruct": 0.0001655468973506288,
            "_thrs_obviousness": 0.0001829526900072305,
            "_thrs_weight": 0.0,
            "_thrs_complexity": 0.6666666666666667,
            "_thrs_surprisingness": 0.2315436241610738,
            "_thrs_intensity": 0.3,
            "_thrs_interestingness": 0.23967864870354955,
            "_thrs_logistic_regression": 0.8854492321179768,
            "_thrs_random_forest": 0.6
        },
        {
            "expression": "\u22a2 ( A \u227a_ B \u2194 \u27e8 A , B \u27e9 \u2208 \u227a_ )",
            "prop_expression": " \u22a2 ( A R B \u2194 \u27e8 A , B \u27e9 \u2208 R )",
            "step": 7,
            "theorem": "df-br",
            "ground_truth": "df-br \u22a2 ( A \u227a_ B \u2194 \u27e8 A , B \u27e9 \u2208 \u227a_ )",
            "ground_truth_display": false,
            "statement_depth": 0,
            "_thrs_random_uniform": 0.22776238502492696,
            "_thrs_reconstruct": 0.0,
            "_thrs_obviousness": 0.0,
            "_thrs_weight": 0.7,
            "_thrs_complexity": 1.0,
            "_thrs_surprisingness": 0.0,
            "_thrs_intensity": 0.075,
            "_thrs_interestingness": 0.355,
            "_thrs_logistic_regression": 0.5296037040346843,
            "_thrs_random_forest": 0.545
        },
        {
            "expression": "\u22a2 ( \u00ac A \u2248 B \u2194 \u00ac \u27e8 A , B \u27e9 \u2208 \u2248 )",
            "prop_expression": "( \ud835\udf11 \u2194 \ud835\udf13 ) \u22a2 ( \u00ac \ud835\udf11 \u2194 \u00ac \ud835\udf13 )",
            "step": 8,
            "theorem": "notbii",
            "ground_truth": "notbii \u22a2 ( \u00ac A \u2248 B \u2194 \u00ac \u27e8 A , B \u27e9 \u2208 \u2248 )",