{
    "theorem": "brwdomi",
    "hyps": [
        [
            1,
            2
        ],
        [
            2,
            3
        ],
        [
            2,
            5
        ],
        [
            3,
            4
        ]
    ],
    "expression": "( X \u227a_* Y \u2192 ( X = \u2205 \u2228 \u2203 z z : Y -onto\u2192 X ) )",
    "steps": [
        {
            "expression": "\u22a2 ( X \u227a_* Y \u2192 ( X = \u2205 \u2228 \u2203 z z : Y -onto\u2192 X ) )",
            "prop_expression": "( \ud835\udf11 \u2192 ( \ud835\udf11 \u2194 \ud835\udf13 ) ) \u22a2 ( \ud835\udf11 \u2192 \ud835\udf13 )",
            "step": 1,
            "theorem": "ibi",
            "ground_truth": "ibi \u22a2 ( X \u227a_* Y \u2192 ( X = \u2205 \u2228 \u2203 z z : Y -onto\u2192 X ) )",
            "ground_truth_display": false,
            "statement_depth": 0,
            "_thrs_random_uniform": 0.5618018393164259,
            "_thrs_reconstruct": 9.51086231447827e-12,
            "_thrs_obviousness": 1.0,
            "_thrs_weight": 0.2727272727272727,
            "_thrs_complexity": 0.33333333333333337,
            "_thrs_surprisingness": 0.6,
            "_thrs_intensity": 1.0,
            "_thrs_interestingness": 0.6412121212121212,
            "_thrs_logistic_regression": 0.9992474314549009,
            "_thrs_random_forest": 0.95
        },
        {
            "expression": "\u22a2 ( X \u227a_* Y \u2192 ( X \u227a_* Y \u2194 ( X = \u2205 \u2228 \u2203 z z : Y -onto\u2192 X ) ) )",
            "prop_expression": "( \ud835\udf11 \u2192 \ud835\udf13 ), ( \ud835\udf13 \u2192 \ud835\udf12 ) \u22a2 ( \ud835\udf11 \u2192 \ud835\udf12 )",
            "step": 2,
            "theorem": "syl",
            "ground_truth": "syl \u22a2 ( X \u227a_* Y \u2192 ( X \u227a_* Y \u2194 ( X = \u2205 \u2228 \u2203 z z : Y -onto\u2192 X ) ) )",
            "ground_truth_display": false,
            "statement_depth": 0,
            "_thrs_random_uniform": 0.7180321455615639,
            "_thrs_reconstruct": 0.0,
            "_thrs_obviousness": 0.9999999999914448,
            "_thrs_weight": 0.0,
            "_thrs_complexity": 0.33333333333333337,
            "_thrs_surprisingness": 0.6,
            "_thrs_intensity": 0.7022471910112362,
            "_thrs_interestingness": 0.527116104867203,
            "_thrs_logistic_regression": 0.9951532013311414,
            "_thrs_random_forest": 0.925
        },
        {
            "expression": "\u22a2 ( X \u227a_* Y \u2192 Y \u2208 V )",
            "prop_expression": "Rel R \u22a2 ( A R B \u2192 B \u2208 V )",
            "step": 3,
            "theorem": "brrelex2i",
            "ground_truth": "brrelex2i \u22a2 ( X \u227a_* Y \u2192 Y \u2208 V )",
            "ground_truth_display": false,
            "statement_depth": 0,
            "_thrs_random_uniform": 0.7008796775221127,
            "_thrs_reconstruct": 0.12946321681565928,
            "_thrs_obviousness": 0.11462366802847479,
            "_thrs_weight": 0.6363636363636364,
            "_thrs_complexity": 0.5,
            "_thrs_surprisingness": 0.6,
            "_thrs_intensity": 0.31835205992509374,
            "_thrs_interestingness": 0.433867872863441,
            "_thrs_logistic_regression": 0.9564385270602648,
            "_thrs_random_forest": 0.935
        },
        {
            "expression": "\u22a2 Rel \u227a_*",
            "prop_expression": " \u22a2 Rel \u227a_*",
            "step": 4,
            "theorem": "relwdom",
            "ground_truth": "relwdom \u22a2 Rel \u227a_*",
            "ground_truth_display": false,
            "statement_depth": 0,
            "_thrs_random_uniform": 0.17119100613584337,
            "_thrs_reconstruct": 0.12951835518899396,
            "_thrs_obviousness": 0.0,
            "_thrs_weight": 1.0,
            "_thrs_complexity": 1.0,
            "_thrs_surprisingness": 0.0,
            "_thrs_intensity": 0.5617977528089889,
            "_thrs_interestingness": 0.5123595505617977,
            "_thrs_logistic_regression": 0.9539672579375723,
            "_thrs_random_forest": 0.93
        },
        {
            "expression": "\u22a2 ( Y \u2208 V \u2192 ( X \u227a_* Y \u2194 ( X = \u2205 \u2228 \u2203 z z : Y -onto\u2192 X ) ) )",
            "prop_expression": " \u22a2 ( Y \u2208 V \u2192 ( X \u227a_* Y \u2194 ( X = \u2205 \u2228 \u2203 z z : Y -onto\u2192 X ) ) )",
            "step": 5,
            "theorem": "brwdom",
            "ground_truth": "brwdom \u22a2 ( Y \u2208 V \u2192 ( X \u227a_* Y \u2194 ( X = \u2205 \u2228 \u2203 z z : Y -onto\u2192 X ) ) )",
            "ground_truth_display": false,
            "statement_depth": 0,
            "_thrs_random_uniform": 0.5714462674874371,
            "_thrs_reconstruct": 1.0,
            "_thrs_obviousness": 0.7707038457236273,
            "_thrs_weight": 0.0,
            "_thrs_complexity": 0.0,
            "_thrs_surprisingness": 1.0,
            "_thrs_intensity": 0.0,
            "_thrs_interestingness": 0.3541407691447255,
            "_thrs_logistic_regression": 0.9374427608964527,
            "_thrs_random_forest": 0.8833333333333334
        }
    ]
}