{
    "theorem": "caovclg",
    "hyps": [
        [
            1,
            2
        ],
        [
            1,
            4
        ],
        [
            2,
            3
        ],
        [
            4,
            5
        ],
        [
            4,
            7
        ],
        [
            5,
            6
        ],
        [
            7,
            8
        ]
    ],
    "expression": "( ( \ud835\udf11 \u2227 ( A \u2208 C \u2227 B \u2208 D ) ) \u2192 ( A F B ) \u2208 E )",
    "steps": [
        {
            "expression": "\u22a2 ( ( \ud835\udf11 \u2227 ( A \u2208 C \u2227 B \u2208 D ) ) \u2192 ( A F B ) \u2208 E )",
            "prop_expression": "( \ud835\udf11 \u2192 \ud835\udf13 ), ( \ud835\udf12 \u2192 ( \ud835\udf13 \u2192 \ud835\udf03 ) ) \u22a2 ( ( \ud835\udf11 \u2227 \ud835\udf12 ) \u2192 \ud835\udf03 )",
            "step": 1,
            "theorem": "mpan9",
            "ground_truth": "mpan9 \u22a2 ( ( \ud835\udf11 \u2227 ( A \u2208 C \u2227 B \u2208 D ) ) \u2192 ( A F B ) \u2208 E )",
            "ground_truth_display": false,
            "statement_depth": 0,
            "_thrs_random_uniform": 0.76091,
            "_thrs_reconstruct": 0.0,
            "_thrs_obviousness": 1.0,
            "_thrs_weight": 0.71429,
            "_thrs_complexity": 0.2,
            "_thrs_surprisingness": 1.0,
            "_thrs_intensity": 1.0,
            "_thrs_interestingness": 0.78286,
            "_thrs_logistic_regression": 0.99957,
            "_thrs_random_forest": 0.965
        },
        {
            "expression": "\u22a2 ( \ud835\udf11 \u2192 \u2200 x \u2208 C \u2200 y \u2208 D ( x F y ) \u2208 E )",
            "prop_expression": "( ( \ud835\udf11 \u2227 ( x \u2208 A \u2227 y \u2208 B ) ) \u2192 \ud835\udf13 ) \u22a2 ( \ud835\udf11 \u2192 \u2200 x \u2208 A \u2200 y \u2208 B \ud835\udf13 )",
            "step": 2,
            "theorem": "ralrimivva",
            "ground_truth": "ralrimivva \u22a2 ( \ud835\udf11 \u2192 \u2200 x \u2208 C \u2200 y \u2208 D ( x F y ) \u2208 E )",
            "ground_truth_display": false,
            "statement_depth": 0,
            "_thrs_random_uniform": 0.34839,
            "_thrs_reconstruct": 0.0,
            "_thrs_obviousness": 0.0,
            "_thrs_weight": 0.71429,
            "_thrs_complexity": 0.2,
            "_thrs_surprisingness": 0.66667,
            "_thrs_intensity": 0.28302,
            "_thrs_interestingness": 0.37279,
            "_thrs_logistic_regression": 0.98807,
            "_thrs_random_forest": 0.91167
        },
        {
            "expression": "\u22a2 ( ( \ud835\udf11 \u2227 ( x \u2208 C \u2227 y \u2208 D ) ) \u2192 ( x F y ) \u2208 E )",
            "prop_expression": " \u22a2 ( ( \ud835\udf11 \u2227 ( x \u2208 C \u2227 y \u2208 D ) ) \u2192 ( x F y ) \u2208 E )",
            "step": 3,
            "theorem": "caovclg.1",
            "ground_truth": "caovclg.1 \u22a2 ( ( \ud835\udf11 \u2227 ( x \u2208 C \u2227 y \u2208 D ) ) \u2192 ( x F y ) \u2208 E )",
            "ground_truth_display": false,
            "statement_depth": 0,
            "_thrs_random_uniform": 0.0099,
            "_thrs_reconstruct": 0.0,
            "_thrs_obviousness": 0.0,
            "_thrs_weight": 0.71429,
            "_thrs_complexity": 0.2,
            "_thrs_surprisingness": 0.66667,
            "_thrs_intensity": 0.09434,
            "_thrs_interestingness": 0.33506,
            "_thrs_logistic_regression": 0.96766,
            "_thrs_random_forest": 0.8
        },
        {
            "expression": "\u22a2 ( ( A \u2208 C \u2227 B \u2208 D ) \u2192 ( \u2200 x \u2208 C \u2200 y \u2208 D ( x F y ) \u2208 E \u2192 ( A F B ) \u2208 E ) )",
            "prop_expression": "( x = A \u2192 ( \ud835\udf11 \u2194 \ud835\udf12 ) ), ( y = B \u2192 ( \ud835\udf12 \u2194 \ud835\udf13 ) ) \u22a2 ( ( A \u2208 C \u2227 B \u2208 D ) \u2192 ( \u2200 x \u2208 C \u2200 y \u2208 D \ud835\udf11 \u2192 \ud835\udf13 ) )",
            "step": 4,
            "theorem": "rcla42v",
            "ground_truth": "rcla42v \u22a2 ( ( A \u2208 C \u2227 B \u2208 D ) \u2192 ( \u2200 x \u2208 C \u2200 y \u2208 D ( x F y ) \u2208 E \u2192 ( A F B ) \u2208 E ) )",
            "ground_truth_display": false,
            "statement_depth": 0,
            "_thrs_random_uniform": 0.3927,
            "_thrs_reconstruct": 0.00321,
            "_thrs_obviousness": 1.0,
            "_thrs_weight": 0.0,
            "_thrs_complexity": 0.0,
            "_thrs_surprisingness": 0.85185,
            "_thrs_intensity": 0.5109,
            "_thrs_interestingness": 0.47255,
            "_thrs_logistic_regression": 0.99648,
            "_thrs_random_forest": 0.9
        },
        {
            "expression": "\u22a2 ( x = A \u2192 ( ( x F y ) \u2208 E \u2194 ( A F y ) \u2208 E ) )",
            "prop_expression": "( \ud835\udf11 \u2192 A = B ) \u22a2 ( \ud835\udf11 \u2192 ( A \u2208 C \u2194 B \u2208 C ) )",
            "step": 5,
            "theorem": "eleq1d",
            "ground_truth": "eleq1d \u22a2 ( x = A \u2192 ( ( x F y ) \u2208 E \u2194 ( A F y ) \u2208 E ) )",
            "ground_truth_display": false,
            "statement_depth": 0,
            "_thrs_random_uniform": 0.25025,
            "_thrs_reconstruct": 0.0,
            "_thrs_obviousness": 0.49759,
            "_thrs_weight": 0.71429,
            "_thrs_complexity": 0.6,
            "_thrs_surprisingness": 0.2963,
            "_thrs_intensity": 0.28302,
            "_thrs_interestingness": 0.47824,
            "_thrs_logistic_regression": 0.94496,
            "_thrs_random_forest": 0.84923
        },
        {
            "expression": "\u22a2 ( x = A \u2192 ( x F y ) = ( A F y ) )",
            "prop_expression": " \u22a2 ( A = B \u2192 ( A F C ) = ( B F C ) )",
            "step": 6,
            "theorem": "oveq1",
            "ground_truth": "oveq1 \u22a2 ( x = A \u2192 ( x F y ) = ( A F y ) )",
            "ground_truth_display": false,
            "statement_depth": 0,
            "_thrs_random_uniform": 0.14708,
            "_thrs_reconstruct": 0.99359,
            "_thrs_obviousness": 0.49759,
            "_thrs_weight": 1.0,
            "_thrs_complexity": 1.0,
            "_thrs_surprisingness": 0.0,
            "_thrs_intensity": 0.0,
            "_thrs_interestingness": 0.49952,
            "_thrs_logistic_regression": 0.48935,
            "_thrs_random_forest": 0.81
        },
        {
            "expression": "\u22a2 ( y = B \u2192 ( ( A F y ) \u2208 E \u2194 ( A F B ) \u2208 E ) )",
            "prop_expression": "( \ud835\udf11 \u2192 A = B ) \u22a2 ( \ud835\udf11 \u2192 ( A \u2208 C \u2194 B \u2208 C ) )",
            "step": 7,
            "theorem": "eleq1d",
            "ground_truth": "eleq1d \u22a2 ( y = B \u2192 ( ( A F y ) \u2208 E \u2194 ( A F B ) \u2208 E ) )",
            "ground_truth_display": false,
            "statement_depth": 0,
            "_thrs_random_uniform": 0.0118,
            "_thrs_reconstruct": 0.0,
            "_thrs_obviousness": 0.5008,
            "_thrs_weight": 0.71429,
            "_thrs_complexity": 0.6,
            "_thrs_surprisingness": 0.55556,
            "_thrs_intensity": 0.28302,
            "_thrs_interestingness": 0.53073,
            "_thrs_logistic_regression": 0.92356,
            "_thrs_random_forest": 0.845
        },
        {
            "expression": "\u22a2 ( y = B \u2192 ( A F y ) = ( A F B ) )",
            "prop_expression": " \u22a2 ( A = B \u2192 ( C F A ) = ( C F B ) )",
            "step": 8,
            "theorem": "oveq2",
            "ground_truth": "oveq2 \u22a2 ( y = B \u2192 ( A F y ) = ( A F B ) )",
            "ground_truth_display": false,
            "statement_depth": 0,
            "_thrs_random_uniform": 0.61734,
            "_thrs_reconstruct": 1.0,
            "_thrs_obviousness": 0.5008,
            "_thrs_weight": 1.0,
            "_thrs_complexity": 1.0,
            "_thrs_surprisingness": 0.25926,
            "_thrs_intensity": 0.0,