{
    "theorem": "cbvab",
    "hyps": [
        [
            1,
            2
        ],
        [
            2,
            3
        ],
        [
            2,
            13
        ],
        [
            2,
            14
        ],
        [
            3,
            4
        ],
        [
            3,
            6
        ],
        [
            4,
            5
        ],
        [
            6,
            7
        ],
        [
            6,
            12
        ],
        [
            7,
            8
        ],
        [
            7,
            9
        ],
        [
            9,
            10
        ],
        [
            10,
            11
        ]
    ],
    "expression": "{ x | \ud835\udf11 } = { y | \ud835\udf13 }",
    "steps": [
        {
            "expression": "\u22a2 { x | \ud835\udf11 } = { y | \ud835\udf13 }",
            "prop_expression": "( x \u2208 A \u2194 x \u2208 B ) \u22a2 A = B",
            "step": 1,
            "theorem": "eqriv",
            "ground_truth": "eqriv \u22a2 { x | \ud835\udf11 } = { y | \ud835\udf13 }",
            "ground_truth_display": false,
            "statement_depth": 0,
            "_thrs_random_uniform": 0.2016144037464479,
            "_thrs_reconstruct": 5.9754464522441526e-05,
            "_thrs_obviousness": 1.0,
            "_thrs_weight": 0.8,
            "_thrs_complexity": 0.5,
            "_thrs_surprisingness": 0.3496503496503497,
            "_thrs_intensity": 0.4166666666666665,
            "_thrs_interestingness": 0.6132634032634032,
            "_thrs_logistic_regression": 0.9826878959261759,
            "_thrs_random_forest": 0.955
        },
        {
            "expression": "\u22a2 ( z \u2208 { x | \ud835\udf11 } \u2194 z \u2208 { y | \ud835\udf13 } )",
            "prop_expression": "( \ud835\udf11 \u2194 \ud835\udf13 ), ( \ud835\udf12 \u2194 \ud835\udf11 ), ( \ud835\udf03 \u2194 \ud835\udf13 ) \u22a2 ( \ud835\udf12 \u2194 \ud835\udf03 )",
            "step": 2,
            "theorem": "3bitr4i",
            "ground_truth": "3bitr4i \u22a2 ( z \u2208 { x | \ud835\udf11 } \u2194 z \u2208 { y | \ud835\udf13 } )",
            "ground_truth_display": false,
            "statement_depth": 0,
            "_thrs_random_uniform": 0.8024201061343885,
            "_thrs_reconstruct": 0.0003333299905943984,
            "_thrs_obviousness": 0.9999567213986004,
            "_thrs_weight": 0.0,
            "_thrs_complexity": 0.0,
            "_thrs_surprisingness": 1.0,
            "_thrs_intensity": 1.0,
            "_thrs_interestingness": 0.5999913442797201,
            "_thrs_logistic_regression": 0.9996913896638471,
            "_thrs_random_forest": 0.925
        },
        {
            "expression": "\u22a2 ( [. z / x ]. \ud835\udf11 \u2194 [. z / y ]. \ud835\udf13 )",
            "prop_expression": "( \ud835\udf13 \u2192 \u2200 x \ud835\udf13 ), ( x = y \u2192 ( \ud835\udf11 \u2194 \ud835\udf13 ) ) \u22a2 ( [. y / x ]. \ud835\udf11 \u2194 \ud835\udf13 )",
            "step": 3,
            "theorem": "sbie",
            "ground_truth": "sbie \u22a2 ( [. z / x ]. \ud835\udf11 \u2194 [. z / y ]. \ud835\udf13 )",
            "ground_truth_display": false,
            "statement_depth": 0,
            "_thrs_random_uniform": 0.11150834092364037,
            "_thrs_reconstruct": 0.011927193125924319,
            "_thrs_obviousness": 0.9997153328445054,
            "_thrs_weight": 0.4,
            "_thrs_complexity": 0.25,
            "_thrs_surprisingness": 0.3496503496503497,
            "_thrs_intensity": 0.8333333333333333,
            "_thrs_interestingness": 0.5665398031656377,
            "_thrs_logistic_regression": 0.9992358032116755,
            "_thrs_random_forest": 0.825
        },
        {
            "expression": "\u22a2 ( [. z / y ]. \ud835\udf13 \u2192 \u2200 x [. z / y ]. \ud835\udf13 )",
            "prop_expression": "( \ud835\udf11 \u2192 \u2200 z \ud835\udf11 ) \u22a2 ( [. y / x ]. \ud835\udf11 \u2192 \u2200 z [. y / x ]. \ud835\udf11 )",
            "step": 4,
            "theorem": "hbsb",
            "ground_truth": "hbsb \u22a2 ( [. z / y ]. \ud835\udf13 \u2192 \u2200 x [. z / y ]. \ud835\udf13 )",
            "ground_truth_display": false,
            "statement_depth": 0,
            "_thrs_random_uniform": 0.8374816667525997,
            "_thrs_reconstruct": 0.35199387283167766,
            "_thrs_obviousness": 0.25486307370085937,
            "_thrs_weight": 0.19999999999999996,
            "_thrs_complexity": 0.5,
            "_thrs_surprisingness": 0.0,
            "_thrs_intensity": 0.17857142857142852,
            "_thrs_interestingness": 0.22668690045445755,
            "_thrs_logistic_regression": 0.9381574110485619,
            "_thrs_random_forest": 0.76
        },
        {
            "expression": "\u22a2 ( \ud835\udf13 \u2192 \u2200 x \ud835\udf13 )",
            "prop_expression": " \u22a2 ( \ud835\udf13 \u2192 \u2200 x \ud835\udf13 )",
            "step": 5,
            "theorem": "cbvab.2",
            "ground_truth": "cbvab.2 \u22a2 ( \ud835\udf13 \u2192 \u2200 x \ud835\udf13 )",
            "ground_truth_display": false,
            "statement_depth": 0,
            "_thrs_random_uniform": 0.7914302340878004,
            "_thrs_reconstruct": 0.0,
            "_thrs_obviousness": 0.0,
            "_thrs_weight": 1.0,
            "_thrs_complexity": 1.0,
            "_thrs_surprisingness": 0.0,
            "_thrs_intensity": 0.0833333333333333,
            "_thrs_interestingness": 0.4166666666666667,
            "_thrs_logistic_regression": 0.6105534794416692,
            "_thrs_random_forest": 0.66
        },
        {
            "expression": "\u22a2 ( x = z \u2192 ( \ud835\udf11 \u2194 [. z / y ]. \ud835\udf13 ) )",
            "prop_expression": "( \ud835\udf13 \u2194 \ud835\udf11 ), ( \ud835\udf12 \u2192 ( \ud835\udf13 \u2194 \ud835\udf03 ) ) \u22a2 ( \ud835\udf12 \u2192 ( \ud835\udf11 \u2194 \ud835\udf03 ) )",
            "step": 6,
            "theorem": "syl5bbr",
            "ground_truth": "syl5bbr \u22a2 ( x = z \u2192 ( \ud835\udf11 \u2194 [. z / y ]. \ud835\udf13 ) )",
            "ground_truth_display": false,
            "statement_depth": 0,
            "_thrs_random_uniform": 0.3814263913796013,
            "_thrs_reconstruct": 0.0006272685684157776,
            "_thrs_obviousness": 0.7362162845623674,
            "_thrs_weight": 0.4,
            "_thrs_complexity": 0.25,
            "_thrs_surprisingness": 0.3496503496503497,
            "_thrs_intensity": 0.7499999999999999,
            "_thrs_interestingness": 0.49717332684254345,
            "_thrs_logistic_regression": 0.998829129303627,
            "_thrs_random_forest": 0.765
        },
        {
            "expression": "\u22a2 ( [. x / y ]. \ud835\udf13 \u2194 \ud835\udf11 )",
            "prop_expression": "( \ud835\udf13 \u2192 \u2200 x \ud835\udf13 ), ( x = y \u2192 ( \ud835\udf11 \u2194 \ud835\udf13 ) ) \u22a2 ( [. y / x ]. \ud835\udf11 \u2194 \ud835\udf13 )",
            "step": 7,
            "theorem": "sbie",
            "ground_truth": "sbie \u22a2 ( [. x / y ]. \ud835\udf13 \u2194 \ud835\udf11 )",
            "ground_truth_display": false,
            "statement_depth": 0,
            "_thrs_random_uniform": 0.296643867337669,
            "_thrs_reconstruct": 0.011927193125924319,
            "_thrs_obviousness": 0.011706691907380816,
            "_thrs_weight": 0.8,
            "_thrs_complexity": 0.5,
            "_thrs_surprisingness": 0.3496503496503497,
            "_thrs_intensity": 0.6249999999999999,
            "_thrs_interestingness": 0.45727140831154606,
            "_thrs_logistic_regression": 0.9947672857131611,
            "_thrs_random_forest": 0.87
        },
        {
            "expression": "\u22a2 ( \ud835\udf11 \u2192 \u2200 y \ud835\udf11 )",
            "prop_expression": " \u22a2 ( \ud835\udf11 \u2192 \u2200 y \ud835\udf11 )",
            "step": 8,
            "theorem": "cbvab.1",