{
    "theorem": "cbvsbc",
    "hyps": [
        [
            1,
            2
        ],
        [
            1,
            8
        ],
        [
            1,
            9
        ],
        [
            2,
            3
        ],
        [
            3,
            4
        ],
        [
            4,
            5
        ],
        [
            4,
            6
        ],
        [
            4,
            7
        ]
    ],
    "expression": "( A \u2208 V \u2192 ( [. A / x ]. \ud835\udf11 \u2194 [. A / y ]. \ud835\udf13 ) )",
    "steps": [
        {
            "expression": "\u22a2 ( A \u2208 V \u2192 ( [. A / x ]. \ud835\udf11 \u2194 [. A / y ]. \ud835\udf13 ) )",
            "prop_expression": "( \ud835\udf11 \u2192 ( \ud835\udf13 \u2194 \ud835\udf12 ) ), ( \ud835\udf11 \u2192 ( \ud835\udf03 \u2194 \ud835\udf13 ) ), ( \ud835\udf11 \u2192 ( \ud835\udf0f \u2194 \ud835\udf12 ) ) \u22a2 ( \ud835\udf11 \u2192 ( \ud835\udf03 \u2194 \ud835\udf0f ) )",
            "step": 1,
            "theorem": "3bitr4d",
            "ground_truth": "3bitr4d \u22a2 ( A \u2208 V \u2192 ( [. A / x ]. \ud835\udf11 \u2194 [. A / y ]. \ud835\udf13 ) )",
            "ground_truth_display": false,
            "statement_depth": 0,
            "_thrs_random_uniform": 0.23961693326133204,
            "_thrs_reconstruct": 2.9065969344597744e-05,
            "_thrs_obviousness": 1.0,
            "_thrs_weight": 0.25,
            "_thrs_complexity": 0.0,
            "_thrs_surprisingness": 1.0,
            "_thrs_intensity": 1.0,
            "_thrs_interestingness": 0.65,
            "_thrs_logistic_regression": 0.9997568414574763,
            "_thrs_random_forest": 0.93
        },
        {
            "expression": "\u22a2 ( A \u2208 V \u2192 ( A \u2208 { x | \ud835\udf11 } \u2194 A \u2208 { y | \ud835\udf13 } ) )",
            "prop_expression": "\ud835\udf11 \u22a2 ( \ud835\udf13 \u2192 \ud835\udf11 )",
            "step": 2,
            "theorem": "a1i",
            "ground_truth": "a1i \u22a2 ( A \u2208 V \u2192 ( A \u2208 { x | \ud835\udf11 } \u2194 A \u2208 { y | \ud835\udf13 } ) )",
            "ground_truth_display": false,
            "statement_depth": 0,
            "_thrs_random_uniform": 0.5582600968948149,
            "_thrs_reconstruct": 4.1310947205897957e-10,
            "_thrs_obviousness": 0.015743371072857882,
            "_thrs_weight": 0.0,
            "_thrs_complexity": 0.0,
            "_thrs_surprisingness": 1.0,
            "_thrs_intensity": 0.11835334476843913,
            "_thrs_interestingness": 0.22681934316825939,
            "_thrs_logistic_regression": 0.9680246339596523,
            "_thrs_random_forest": 0.79
        },
        {
            "expression": "\u22a2 ( A \u2208 { x | \ud835\udf11 } \u2194 A \u2208 { y | \ud835\udf13 } )",
            "prop_expression": "A = B \u22a2 ( C \u2208 A \u2194 C \u2208 B )",
            "step": 3,
            "theorem": "eleq2i",
            "ground_truth": "eleq2i \u22a2 ( A \u2208 { x | \ud835\udf11 } \u2194 A \u2208 { y | \ud835\udf13 } )",
            "ground_truth_display": false,
            "statement_depth": 0,
            "_thrs_random_uniform": 0.5035510824812925,
            "_thrs_reconstruct": 0.0003575466611765189,
            "_thrs_obviousness": 0.015743370666258055,
            "_thrs_weight": 0.375,
            "_thrs_complexity": 0.19999999999999996,
            "_thrs_surprisingness": 0.7169811320754716,
            "_thrs_intensity": 0.0849056603773585,
            "_thrs_interestingness": 0.27852603262381764,
            "_thrs_logistic_regression": 0.9504785746795872,
            "_thrs_random_forest": 0.675
        },
        {
            "expression": "\u22a2 { x | \ud835\udf11 } = { y | \ud835\udf13 }",
            "prop_expression": "( \ud835\udf11 \u2192 \u2200 y \ud835\udf11 ), ( \ud835\udf13 \u2192 \u2200 x \ud835\udf13 ), ( x = y \u2192 ( \ud835\udf11 \u2194 \ud835\udf13 ) ) \u22a2 { x | \ud835\udf11 } = { y | \ud835\udf13 }",
            "step": 4,
            "theorem": "cbvab",
            "ground_truth": "cbvab \u22a2 { x | \ud835\udf11 } = { y | \ud835\udf13 }",
            "ground_truth_display": false,
            "statement_depth": 0,
            "_thrs_random_uniform": 0.08846973400503111,
            "_thrs_reconstruct": 0.03163329434159647,
            "_thrs_obviousness": 0.015567414184530197,
            "_thrs_weight": 0.875,
            "_thrs_complexity": 0.6,
            "_thrs_surprisingness": 0.15094339622641512,
            "_thrs_intensity": 0.679245283018868,
            "_thrs_interestingness": 0.4641512186859627,
            "_thrs_logistic_regression": 0.9953788711392327,
            "_thrs_random_forest": 0.8233333333333333
        },
        {
            "expression": "\u22a2 ( \ud835\udf11 \u2192 \u2200 y \ud835\udf11 )",
            "prop_expression": " \u22a2 ( \ud835\udf11 \u2192 \u2200 y \ud835\udf11 )",
            "step": 5,
            "theorem": "cbvsbc.1",
            "ground_truth": "cbvsbc.1 \u22a2 ( \ud835\udf11 \u2192 \u2200 y \ud835\udf11 )",
            "ground_truth_display": false,
            "statement_depth": 0,
            "_thrs_random_uniform": 0.04675693671989756,
            "_thrs_reconstruct": 0.0,
            "_thrs_obviousness": 0.0,
            "_thrs_weight": 1.0,
            "_thrs_complexity": 1.0,
            "_thrs_surprisingness": 0.0,
            "_thrs_intensity": 0.056603773584905655,
            "_thrs_interestingness": 0.41132075471698115,
            "_thrs_logistic_regression": 0.5757658191761156,
            "_thrs_random_forest": 0.49
        },
        {
            "expression": "\u22a2 ( \ud835\udf13 \u2192 \u2200 x \ud835\udf13 )",
            "prop_expression": " \u22a2 ( \ud835\udf13 \u2192 \u2200 x \ud835\udf13 )",
            "step": 6,
            "theorem": "cbvsbc.2",
            "ground_truth": "cbvsbc.2 \u22a2 ( \ud835\udf13 \u2192 \u2200 x \ud835\udf13 )",
            "ground_truth_display": false,
            "statement_depth": 0,
            "_thrs_random_uniform": 0.8990071065009203,
            "_thrs_reconstruct": 0.0,
            "_thrs_obviousness": 0.0,
            "_thrs_weight": 1.0,
            "_thrs_complexity": 1.0,
            "_thrs_surprisingness": 0.0,
            "_thrs_intensity": 0.056603773584905655,
            "_thrs_interestingness": 0.41132075471698115,
            "_thrs_logistic_regression": 0.5757658191761156,
            "_thrs_random_forest": 0.49
        },
        {
            "expression": "\u22a2 ( x = y \u2192 ( \ud835\udf11 \u2194 \ud835\udf13 ) )",
            "prop_expression": " \u22a2 ( x = y \u2192 ( \ud835\udf11 \u2194 \ud835\udf13 ) )",
            "step": 7,
            "theorem": "cbvsbc.3",
            "ground_truth": "cbvsbc.3 \u22a2 ( x = y \u2192 ( \ud835\udf11 \u2194 \ud835\udf13 ) )",
            "ground_truth_display": false,
            "statement_depth": 0,
            "_thrs_random_uniform": 0.15920320628434748,
            "_thrs_reconstruct": 0.0,
            "_thrs_obviousness": 0.0,
            "_thrs_weight": 0.875,
            "_thrs_complexity": 0.6,
            "_thrs_surprisingness": 0.15094339622641512,
            "_thrs_intensity": 0.169811320754717,
            "_thrs_interestingness": 0.35915094339622644,
            "_thrs_logistic_regression": 0.9324582441223722,
            "_thrs_random_forest": 0.815
        },
        {
            "expression": "\u22a2 ( A \u2208 V \u2192 ( [. A / x ]. \ud835\udf11 \u2194 A \u2208 { x | \ud835\udf11 } ) )",
            "prop_expression": " \u22a2 ( A \u2208 V \u2192 ( [. A / x ]. \ud835\udf11 \u2194 A \u2208 { x | \ud835\udf11 } ) )",
            "step": 8,
            "theorem": "sbc8g",
            "ground_truth": "sbc8g \u22a2 ( A \u2208 V \u2192 ( [. A / x ]. \ud835\udf11 \u2194 A \u2208 { x | \ud835\udf11 } ) )",
            "ground_truth_display": false,
            "statement_depth": 0,
            "_thrs_random_uniform": 0.27064690981300343,