{
    "theorem": "cnvss",
    "hyps": [
        [
            1,
            2
        ],
        [
            1,
            7
        ],
        [
            1,
            8
        ],
        [
            2,
            3
        ],
        [
            3,
            4
        ],
        [
            3,
            5
        ],
        [
            3,
            6
        ]
    ],
    "expression": "( A \u2286 B \u2192 `' A \u2286 `' B )",
    "steps": [
        {
            "expression": "\u22a2 ( A \u2286 B \u2192 `' A \u2286 `' B )",
            "prop_expression": "( \ud835\udf11 \u2192 A \u2286 B ), C = A, D = B \u22a2 ( \ud835\udf11 \u2192 C \u2286 D )",
            "step": 1,
            "theorem": "3sstr4g",
            "ground_truth": "3sstr4g \u22a2 ( A \u2286 B \u2192 `' A \u2286 `' B )",
            "ground_truth_display": false,
            "statement_depth": 0,
            "_thrs_random_uniform": 0.7163972447995949,
            "_thrs_reconstruct": 0.09642641194815235,
            "_thrs_obviousness": 1.0,
            "_thrs_weight": 0.8571428571428572,
            "_thrs_complexity": 1.0,
            "_thrs_surprisingness": 0.9494949494949494,
            "_thrs_intensity": 1.0,
            "_thrs_interestingness": 0.9613275613275614,
            "_thrs_logistic_regression": 0.9799205998015902,
            "_thrs_random_forest": 0.95
        },
        {
            "expression": "\u22a2 ( A \u2286 B \u2192 { \u27e8 x , y \u27e9 | y A x } \u2286 { \u27e8 x , y \u27e9 | y B x } )",
            "prop_expression": "( \ud835\udf11 \u2192 ( \ud835\udf13 \u2192 \ud835\udf12 ) ) \u22a2 ( \ud835\udf11 \u2192 { \u27e8 x , y \u27e9 | \ud835\udf13 } \u2286 { \u27e8 x , y \u27e9 | \ud835\udf12 } )",
            "step": 2,
            "theorem": "ssopab2dv",
            "ground_truth": "ssopab2dv \u22a2 ( A \u2286 B \u2192 { \u27e8 x , y \u27e9 | y A x } \u2286 { \u27e8 x , y \u27e9 | y B x } )",
            "ground_truth_display": false,
            "statement_depth": 0,
            "_thrs_random_uniform": 0.4133587106308533,
            "_thrs_reconstruct": 1.0,
            "_thrs_obviousness": 0.9125377605522631,
            "_thrs_weight": 0.0,
            "_thrs_complexity": 0.5,
            "_thrs_surprisingness": 0.494949494949495,
            "_thrs_intensity": 0.054479418886198526,
            "_thrs_interestingness": 0.3923933348775913,
            "_thrs_logistic_regression": 0.756269623748069,
            "_thrs_random_forest": 0.97
        },
        {
            "expression": "\u22a2 ( A \u2286 B \u2192 ( y A x \u2192 y B x ) )",
            "prop_expression": "( \ud835\udf11 \u2192 ( \ud835\udf13 \u2192 \ud835\udf12 ) ), ( \ud835\udf03 \u2194 \ud835\udf13 ), ( \ud835\udf0f \u2194 \ud835\udf12 ) \u22a2 ( \ud835\udf11 \u2192 ( \ud835\udf03 \u2192 \ud835\udf0f ) )",
            "step": 3,
            "theorem": "3imtr4g",
            "ground_truth": "3imtr4g \u22a2 ( A \u2286 B \u2192 ( y A x \u2192 y B x ) )",
            "ground_truth_display": false,
            "statement_depth": 0,
            "_thrs_random_uniform": 0.7031492507690659,
            "_thrs_reconstruct": 2.017332773059033e-06,
            "_thrs_obviousness": 0.0055016464100538145,
            "_thrs_weight": 0.7142857142857143,
            "_thrs_complexity": 0.5,
            "_thrs_surprisingness": 0.494949494949495,
            "_thrs_intensity": 0.9896421845574388,
            "_thrs_interestingness": 0.5408758080405404,
            "_thrs_logistic_regression": 0.9990298109735479,
            "_thrs_random_forest": 0.91
        },
        {
            "expression": "\u22a2 ( A \u2286 B \u2192 ( \u27e8 y , x \u27e9 \u2208 A \u2192 \u27e8 y , x \u27e9 \u2208 B ) )",
            "prop_expression": " \u22a2 ( A \u2286 B \u2192 ( C \u2208 A \u2192 C \u2208 B ) )",
            "step": 4,
            "theorem": "ssel",
            "ground_truth": "ssel \u22a2 ( A \u2286 B \u2192 ( \u27e8 y , x \u27e9 \u2208 A \u2192 \u27e8 y , x \u27e9 \u2208 B ) )",
            "ground_truth_display": false,
            "statement_depth": 0,
            "_thrs_random_uniform": 0.4449901561043601,
            "_thrs_reconstruct": 0.006063501807455101,
            "_thrs_obviousness": 0.0054998151144927815,
            "_thrs_weight": 0.4285714285714286,
            "_thrs_complexity": 0.0,
            "_thrs_surprisingness": 1.0,
            "_thrs_intensity": 0.0,
            "_thrs_interestingness": 0.28681424873718425,
            "_thrs_logistic_regression": 0.9601251687826807,
            "_thrs_random_forest": 0.46
        },
        {
            "expression": "\u22a2 ( y A x \u2194 \u27e8 y , x \u27e9 \u2208 A )",
            "prop_expression": " \u22a2 ( A R B \u2194 \u27e8 A , B \u27e9 \u2208 R )",
            "step": 5,
            "theorem": "df-br",
            "ground_truth": "df-br \u22a2 ( y A x \u2194 \u27e8 y , x \u27e9 \u2208 A )",
            "ground_truth_display": false,
            "statement_depth": 0,
            "_thrs_random_uniform": 0.31301899810010636,
            "_thrs_reconstruct": 0.0,
            "_thrs_obviousness": 0.0,
            "_thrs_weight": 1.0,
            "_thrs_complexity": 1.0,
            "_thrs_surprisingness": 0.0,
            "_thrs_intensity": 0.014527845036319554,
            "_thrs_interestingness": 0.40290556900726393,
            "_thrs_logistic_regression": 0.5195868433757772,
            "_thrs_random_forest": 0.155
        },
        {
            "expression": "\u22a2 ( y B x \u2194 \u27e8 y , x \u27e9 \u2208 B )",
            "prop_expression": " \u22a2 ( A R B \u2194 \u27e8 A , B \u27e9 \u2208 R )",
            "step": 6,
            "theorem": "df-br",
            "ground_truth": "df-br \u22a2 ( y B x \u2194 \u27e8 y , x \u27e9 \u2208 B )",
            "ground_truth_display": false,
            "statement_depth": 0,
            "_thrs_random_uniform": 0.9271330696660922,
            "_thrs_reconstruct": 0.0,
            "_thrs_obviousness": 0.0,
            "_thrs_weight": 1.0,
            "_thrs_complexity": 1.0,
            "_thrs_surprisingness": 0.0,
            "_thrs_intensity": 0.014527845036319554,
            "_thrs_interestingness": 0.40290556900726393,
            "_thrs_logistic_regression": 0.5195868433757772,
            "_thrs_random_forest": 0.155
        },
        {
            "expression": "\u22a2 `' A = { \u27e8 x , y \u27e9 | y A x }",
            "prop_expression": " \u22a2 `' A = { \u27e8 x , y \u27e9 | y A x }",
            "step": 7,
            "theorem": "df-cnv",
            "ground_truth": "df-cnv \u22a2 `' A = { \u27e8 x , y \u27e9 | y A x }",
            "ground_truth_display": false,
            "statement_depth": 0,
            "_thrs_random_uniform": 0.9848559026923317,
            "_thrs_reconstruct": 0.0,
            "_thrs_obviousness": 0.0,
            "_thrs_weight": 1.0,
            "_thrs_complexity": 1.0,
            "_thrs_surprisingness": 0.07575757575757575,
            "_thrs_intensity": 0.014527845036319554,
            "_thrs_interestingness": 0.41805708415877907,
            "_thrs_logistic_regression": 0.49394458250728523,
            "_thrs_random_forest": 0.97
        },
        {
            "expression": "\u22a2 `' B = { \u27e8 x , y \u27e9 | y B x }",
            "prop_expression": " \u22a2 `' A = { \u27e8 x , y \u27e9 | y A x }",
            "step": 8,
            "theorem": "df-cnv",
            "ground_truth": "df-cnv \u22a2 `' B = { \u27e8 x , y \u27e9 | y B x }",
            "ground_truth_display": false,
            "statement_depth": 0,
            "_thrs_random_uniform": 0.20351590889775006,
            "_thrs_reconstruct": 0.0,
            "_thrs_obviousness": 0.0,
            "_thrs_weight": 1.0,
            "_thrs_complexity": 1.0,
            "_thrs_surprisingness": 0.07575757575757575,
            "_thrs_intensity": 0.014527845036319554,
            "_thrs_interestingness": 0.41805708415877907,