{
    "theorem": "con1d",
    "hyps": [
        [
            1,
            2
        ],
        [
            2,
            3
        ],
        [
            2,
            4
        ]
    ],
    "expression": "( \ud835\udf11 \u2192 ( \u00ac \ud835\udf12 \u2192 \ud835\udf13 ) )",
    "steps": [
        {
            "expression": "\u22a2 ( \ud835\udf11 \u2192 ( \u00ac \ud835\udf12 \u2192 \ud835\udf13 ) )",
            "prop_expression": "( \ud835\udf11 \u2192 ( \u00ac \ud835\udf13 \u2192 \u00ac \ud835\udf12 ) ) \u22a2 ( \ud835\udf11 \u2192 ( \ud835\udf12 \u2192 \ud835\udf13 ) )",
            "step": 1,
            "theorem": "con4d",
            "ground_truth": "con4d \u22a2 ( \ud835\udf11 \u2192 ( \u00ac \ud835\udf12 \u2192 \ud835\udf13 ) )",
            "ground_truth_display": false,
            "statement_depth": 0,
            "_thrs_random_uniform": 0.3943635695359192,
            "_thrs_reconstruct": 0.04716981132075472,
            "_thrs_obviousness": 1.0,
            "_thrs_weight": 0.0,
            "_thrs_complexity": 0.0,
            "_thrs_surprisingness": 1.0,
            "_thrs_intensity": 0.42857142857142855,
            "_thrs_interestingness": 0.48571428571428565,
            "_thrs_logistic_regression": 0.9933063353109131,
            "_thrs_random_forest": 0.985
        },
        {
            "expression": "\u22a2 ( \ud835\udf11 \u2192 ( \u00ac \ud835\udf13 \u2192 \u00ac \u00ac \ud835\udf12 ) )",
            "prop_expression": "( \ud835\udf11 \u2192 ( \ud835\udf13 \u2192 \ud835\udf12 ) ), ( \ud835\udf12 \u2192 \ud835\udf03 ) \u22a2 ( \ud835\udf11 \u2192 ( \ud835\udf13 \u2192 \ud835\udf03 ) )",
            "step": 2,
            "theorem": "syl6",
            "ground_truth": "syl6 \u22a2 ( \ud835\udf11 \u2192 ( \u00ac \ud835\udf13 \u2192 \u00ac \u00ac \ud835\udf12 ) )",
            "ground_truth_display": false,
            "statement_depth": 0,
            "_thrs_random_uniform": 0.16218707108306918,
            "_thrs_reconstruct": 0.07547169811320754,
            "_thrs_obviousness": 0.9508196721311475,
            "_thrs_weight": 0.0,
            "_thrs_complexity": 0.0,
            "_thrs_surprisingness": 1.0,
            "_thrs_intensity": 1.0,
            "_thrs_interestingness": 0.5901639344262295,
            "_thrs_logistic_regression": 0.9996926845464117,
            "_thrs_random_forest": 0.815
        },
        {
            "expression": "\u22a2 ( \ud835\udf11 \u2192 ( \u00ac \ud835\udf13 \u2192 \ud835\udf12 ) )",
            "prop_expression": " \u22a2 ( \ud835\udf11 \u2192 ( \u00ac \ud835\udf13 \u2192 \ud835\udf12 ) )",
            "step": 3,
            "theorem": "con1d.1",
            "ground_truth": "con1d.1 \u22a2 ( \ud835\udf11 \u2192 ( \u00ac \ud835\udf13 \u2192 \ud835\udf12 ) )",
            "ground_truth_display": false,
            "statement_depth": 0,
            "_thrs_random_uniform": 0.9251187399465707,
            "_thrs_reconstruct": 0.0,
            "_thrs_obviousness": 0.0,
            "_thrs_weight": 0.0,
            "_thrs_complexity": 0.0,
            "_thrs_surprisingness": 1.0,
            "_thrs_intensity": 0.42857142857142855,
            "_thrs_interestingness": 0.2857142857142857,
            "_thrs_logistic_regression": 0.9938520787229475,
            "_thrs_random_forest": 0.995
        },
        {
            "expression": "\u22a2 ( \ud835\udf12 \u2192 \u00ac \u00ac \ud835\udf12 )",
            "prop_expression": " \u22a2 ( \ud835\udf11 \u2192 \u00ac \u00ac \ud835\udf11 )",
            "step": 4,
            "theorem": "notnot1",
            "ground_truth": "notnot1 \u22a2 ( \ud835\udf12 \u2192 \u00ac \u00ac \ud835\udf12 )",
            "ground_truth_display": false,
            "statement_depth": 0,
            "_thrs_random_uniform": 0.7222469149639305,
            "_thrs_reconstruct": 1.0,
            "_thrs_obviousness": 0.8688524590163934,
            "_thrs_weight": 1.0,
            "_thrs_complexity": 1.0,
            "_thrs_surprisingness": 0.0,
            "_thrs_intensity": 0.0,
            "_thrs_interestingness": 0.5737704918032787,
            "_thrs_logistic_regression": 0.481415826283068,
            "_thrs_random_forest": 0.09
        }
    ]
}