{
    "theorem": "csbov12g",
    "hyps": [
        [
            1,
            2
        ],
        [
            1,
            3
        ],
        [
            3,
            4
        ]
    ],
    "expression": "( A \u2208 D \u2192 \u298b A / x \u298c ( B F C ) = ( \u298b A / x \u298c B F \u298b A / x \u298c C ) )",
    "steps": [
        {
            "expression": "\u22a2 ( A \u2208 D \u2192 \u298b A / x \u298c ( B F C ) = ( \u298b A / x \u298c B F \u298b A / x \u298c C ) )",
            "prop_expression": "( \ud835\udf11 \u2192 A = B ), ( \ud835\udf11 \u2192 B = C ) \u22a2 ( \ud835\udf11 \u2192 A = C )",
            "step": 1,
            "theorem": "eqtrd",
            "ground_truth": "eqtrd \u22a2 ( A \u2208 D \u2192 \u298b A / x \u298c ( B F C ) = ( \u298b A / x \u298c B F \u298b A / x \u298c C ) )",
            "ground_truth_display": false,
            "statement_depth": 0,
            "_thrs_random_uniform": 0.7827746230792524,
            "_thrs_reconstruct": 0.0,
            "_thrs_obviousness": 1.0,
            "_thrs_weight": 0.33333333333333337,
            "_thrs_complexity": 0.0,
            "_thrs_surprisingness": 1.0,
            "_thrs_intensity": 1.0,
            "_thrs_interestingness": 0.6666666666666667,
            "_thrs_logistic_regression": 0.9997754150719962,
            "_thrs_random_forest": 0.945
        },
        {
            "expression": "\u22a2 ( A \u2208 D \u2192 \u298b A / x \u298c ( B F C ) = ( \u298b A / x \u298c B \u298b A / x \u298c F \u298b A / x \u298c C ) )",
            "prop_expression": " \u22a2 ( A \u2208 D \u2192 \u298b A / x \u298c ( B F C ) = ( \u298b A / x \u298c B \u298b A / x \u298c F \u298b A / x \u298c C ) )",
            "step": 2,
            "theorem": "csbovg",
            "ground_truth": "csbovg \u22a2 ( A \u2208 D \u2192 \u298b A / x \u298c ( B F C ) = ( \u298b A / x \u298c B \u298b A / x \u298c F \u298b A / x \u298c C ) )",
            "ground_truth_display": false,
            "statement_depth": 0,
            "_thrs_random_uniform": 0.7587908525754928,
            "_thrs_reconstruct": 1.0,
            "_thrs_obviousness": 0.9699633135066684,
            "_thrs_weight": 0.16666666666666663,
            "_thrs_complexity": 0.0,
            "_thrs_surprisingness": 1.0,
            "_thrs_intensity": 0.0,
            "_thrs_interestingness": 0.42732599603466703,
            "_thrs_logistic_regression": 0.9452656439224646,
            "_thrs_random_forest": 0.92
        },
        {
            "expression": "\u22a2 ( A \u2208 D \u2192 ( \u298b A / x \u298c B \u298b A / x \u298c F \u298b A / x \u298c C ) = ( \u298b A / x \u298c B F \u298b A / x \u298c C ) )",
            "prop_expression": "( \ud835\udf11 \u2192 A = B ) \u22a2 ( \ud835\udf11 \u2192 ( C A D ) = ( C B D ) )",
            "step": 3,
            "theorem": "oveqd",
            "ground_truth": "oveqd \u22a2 ( A \u2208 D \u2192 ( \u298b A / x \u298c B \u298b A / x \u298c F \u298b A / x \u298c C ) = ( \u298b A / x \u298c B F \u298b A / x \u298c C ) )",
            "ground_truth_display": false,
            "statement_depth": 0,
            "_thrs_random_uniform": 0.22426756924422808,
            "_thrs_reconstruct": 0.03090164330496991,
            "_thrs_obviousness": 0.029975364471708076,
            "_thrs_weight": 0.0,
            "_thrs_complexity": 0.0,
            "_thrs_surprisingness": 1.0,
            "_thrs_intensity": 0.05232014948614133,
            "_thrs_interestingness": 0.21645910279156988,
            "_thrs_logistic_regression": 0.9549023981199813,
            "_thrs_random_forest": 0.935
        },
        {
            "expression": "\u22a2 ( A \u2208 D \u2192 \u298b A / x \u298c F = F )",
            "prop_expression": " \u22a2 ( A \u2208 V \u2192 \u298b A / x \u298c B = B )",
            "step": 4,
            "theorem": "csbconstgfv",
            "ground_truth": "csbconstgfv \u22a2 ( A \u2208 D \u2192 \u298b A / x \u298c F = F )",
            "ground_truth_display": false,
            "statement_depth": 0,
            "_thrs_random_uniform": 0.20571451684925612,
            "_thrs_reconstruct": 6.319678387740646e-05,
            "_thrs_obviousness": 0.0,
            "_thrs_weight": 1.0,
            "_thrs_complexity": 1.0,
            "_thrs_surprisingness": 0.0,
            "_thrs_intensity": 0.15215553677092136,
            "_thrs_interestingness": 0.43043110735418433,
            "_thrs_logistic_regression": 0.6944446189257728,
            "_thrs_random_forest": 0.535
        }
    ]
}