{
    "theorem": "csbvarg",
    "hyps": [
        [
            1,
            2
        ],
        [
            1,
            3
        ],
        [
            3,
            4
        ],
        [
            3,
            15
        ],
        [
            4,
            5
        ],
        [
            4,
            14
        ],
        [
            5,
            6
        ],
        [
            5,
            13
        ],
        [
            6,
            7
        ],
        [
            7,
            8
        ],
        [
            7,
            9
        ],
        [
            9,
            10
        ],
        [
            9,
            11
        ],
        [
            11,
            12
        ],
        [
            15,
            16
        ]
    ],
    "expression": "( A \u2208 V \u2192 \u298b A / x \u298c x = A )",
    "steps": [
        {
            "expression": "\u22a2 ( A \u2208 V \u2192 \u298b A / x \u298c x = A )",
            "prop_expression": "( \ud835\udf11 \u2192 \ud835\udf13 ), ( \ud835\udf13 \u2192 \ud835\udf12 ) \u22a2 ( \ud835\udf11 \u2192 \ud835\udf12 )",
            "step": 1,
            "theorem": "syl",
            "ground_truth": "syl \u22a2 ( A \u2208 V \u2192 \u298b A / x \u298c x = A )",
            "ground_truth_display": false,
            "statement_depth": 0,
            "_thrs_random_uniform": 0.09428117329509367,
            "_thrs_reconstruct": 7.613509191363957e-10,
            "_thrs_obviousness": 1.0,
            "_thrs_weight": 0.5555555555555556,
            "_thrs_complexity": 0.5,
            "_thrs_surprisingness": 0.5621301775147929,
            "_thrs_intensity": 0.6029411764705883,
            "_thrs_interestingness": 0.6441253819081874,
            "_thrs_logistic_regression": 0.9892605168473245,
            "_thrs_random_forest": 0.95
        },
        {
            "expression": "\u22a2 ( A \u2208 V \u2192 A \u2208 V )",
            "prop_expression": " \u22a2 ( A \u2208 B \u2192 A \u2208 V )",
            "step": 2,
            "theorem": "elex",
            "ground_truth": "elex \u22a2 ( A \u2208 V \u2192 A \u2208 V )",
            "ground_truth_display": false,
            "statement_depth": 0,
            "_thrs_random_uniform": 0.7451822571527905,
            "_thrs_reconstruct": 0.0002959466191548062,
            "_thrs_obviousness": 0.0001530515610065256,
            "_thrs_weight": 0.6666666666666667,
            "_thrs_complexity": 0.5,
            "_thrs_surprisingness": 1.0,
            "_thrs_intensity": 0.1286764705882353,
            "_thrs_interestingness": 0.45909923776318173,
            "_thrs_logistic_regression": 0.8267165286940191,
            "_thrs_random_forest": 0.945
        },
        {
            "expression": "\u22a2 ( A \u2208 V \u2192 \u298b A / x \u298c x = A )",
            "prop_expression": "( \ud835\udf11 \u2192 A = B ), ( \ud835\udf11 \u2192 A = C ) \u22a2 ( \ud835\udf11 \u2192 B = C )",
            "step": 3,
            "theorem": "eqtr3d",
            "ground_truth": "eqtr3d \u22a2 ( A \u2208 V \u2192 \u298b A / x \u298c x = A )",
            "ground_truth_display": false,
            "statement_depth": 0,
            "_thrs_random_uniform": 0.1423923580145553,
            "_thrs_reconstruct": 7.930573781638309e-05,
            "_thrs_obviousness": 0.9998469478483839,
            "_thrs_weight": 0.5555555555555556,
            "_thrs_complexity": 0.5,
            "_thrs_surprisingness": 0.3353057199211046,
            "_thrs_intensity": 0.9558823529411766,
            "_thrs_interestingness": 0.6693181152532441,
            "_thrs_logistic_regression": 0.9988123881807841,
            "_thrs_random_forest": 0.96
        },
        {
            "expression": "\u22a2 ( A \u2208 V \u2192 { z | [. A / y ]. z \u2208 y } = \u298b A / x \u298c x )",
            "prop_expression": "B = A, ( \ud835\udf11 \u2192 B = C ) \u22a2 ( \ud835\udf11 \u2192 A = C )",
            "step": 4,
            "theorem": "syl5eqr",
            "ground_truth": "syl5eqr \u22a2 ( A \u2208 V \u2192 { z | [. A / y ]. z \u2208 y } = \u298b A / x \u298c x )",
            "ground_truth_display": false,
            "statement_depth": 0,
            "_thrs_random_uniform": 0.3112898793997134,
            "_thrs_reconstruct": 7.930535714092351e-05,
            "_thrs_obviousness": 0.7604098850009452,
            "_thrs_weight": 0.0,
            "_thrs_complexity": 0.0,
            "_thrs_surprisingness": 0.3353057199211046,
            "_thrs_intensity": 0.8042279411764707,
            "_thrs_interestingness": 0.3799887092197041,
            "_thrs_logistic_regression": 0.9996466169690215,
            "_thrs_random_forest": 0.66
        },
        {
            "expression": "\u22a2 \u298b A / y \u298c \u298b y / x \u298c x = { z | [. A / y ]. z \u2208 y }",
            "prop_expression": "A = B, B = C \u22a2 A = C",
            "step": 5,
            "theorem": "eqtri",
            "ground_truth": "eqtri \u22a2 \u298b A / y \u298c \u298b y / x \u298c x = { z | [. A / y ]. z \u2208 y }",
            "ground_truth_display": false,
            "statement_depth": 0,
            "_thrs_random_uniform": 0.6342295237553357,
            "_thrs_reconstruct": 7.391289891841021e-05,
            "_thrs_obviousness": 0.24320952194010093,
            "_thrs_weight": 0.11111111111111116,
            "_thrs_complexity": 0.25,
            "_thrs_surprisingness": 0.1183431952662722,
            "_thrs_intensity": 0.637533422459893,
            "_thrs_interestingness": 0.2720394501554755,
            "_thrs_logistic_regression": 0.9980186108648669,
            "_thrs_random_forest": 0.66
        },
        {
            "expression": "\u22a2 \u298b A / y \u298c \u298b y / x \u298c x = \u298b A / y \u298c y",
            "prop_expression": "B = C \u22a2 \u298b A / x \u298c B = \u298b A / x \u298c C",
            "step": 6,
            "theorem": "csbeq2i",
            "ground_truth": "csbeq2i \u22a2 \u298b A / y \u298c \u298b y / x \u298c x = \u298b A / y \u298c y",
            "ground_truth_display": false,
            "statement_depth": 0,
            "_thrs_random_uniform": 0.4422227157164912,
            "_thrs_reconstruct": 0.007053264930087385,
            "_thrs_obviousness": 0.24317129699651732,
            "_thrs_weight": 0.4444444444444444,
            "_thrs_complexity": 0.75,
            "_thrs_surprisingness": 0.0,
            "_thrs_intensity": 0.17693014705882357,
            "_thrs_interestingness": 0.32290917769995703,
            "_thrs_logistic_regression": 0.8421478676459979,
            "_thrs_random_forest": 0.495
        },
        {
            "expression": "\u22a2 \u298b y / x \u298c x = y",
            "prop_expression": "\ud835\udf11, ( \ud835\udf11 \u2192 \ud835\udf13 ) \u22a2 \ud835\udf13",
            "step": 7,
            "theorem": "ax-mp",
            "ground_truth": "ax-mp \u22a2 \u298b y / x \u298c x = y",
            "ground_truth_display": false,
            "statement_depth": 0,
            "_thrs_random_uniform": 0.5189408322679279,
            "_thrs_reconstruct": 0.0,
            "_thrs_obviousness": 0.23952363499599533,
            "_thrs_weight": 0.8888888888888888,
            "_thrs_complexity": 1.0,
            "_thrs_surprisingness": 0.0,
            "_thrs_intensity": 0.466452205882353,
            "_thrs_interestingness": 0.5189729459534473,
            "_thrs_logistic_regression": 0.9160884452186809,
            "_thrs_random_forest": 0.575
        },
        {
            "expression": "\u22a2 y \u2208 V",
            "prop_expression": " \u22a2 x \u2208 V",
            "step": 8,
            "theorem": "vex",
            "ground_truth": "vex \u22a2 y \u2208 V",
            "ground_truth_display": false,
            "statement_depth": 0,
            "_thrs_random_uniform": 0.6683617238435976,
            "_thrs_reconstruct": 0.0001727895427866539,
            "_thrs_obviousness": 8.935972752325239e-05,