{
    "theorem": "dffun7",
    "hyps": [
        [
            1,
            2
        ],
        [
            1,
            3
        ],
        [
            3,
            4
        ],
        [
            4,
            5
        ],
        [
            4,
            11
        ],
        [
            5,
            6
        ],
        [
            6,
            7
        ],
        [
            6,
            8
        ],
        [
            8,
            9
        ],
        [
            9,
            10
        ]
    ],
    "expression": "( Fun A \u2194 ( Rel A \u2227 \u2200 x \u2208 dom A \u2203* y x A y ) )",
    "steps": [
        {
            "expression": "\u22a2 ( Fun A \u2194 ( Rel A \u2227 \u2200 x \u2208 dom A \u2203* y x A y ) )",
            "prop_expression": "( \ud835\udf11 \u2194 \ud835\udf13 ), ( \ud835\udf13 \u2194 \ud835\udf12 ) \u22a2 ( \ud835\udf11 \u2194 \ud835\udf12 )",
            "step": 1,
            "theorem": "bitri",
            "ground_truth": "bitri \u22a2 ( Fun A \u2194 ( Rel A \u2227 \u2200 x \u2208 dom A \u2203* y x A y ) )",
            "ground_truth_display": false,
            "statement_depth": 0,
            "_thrs_random_uniform": 0.342553332056058,
            "_thrs_reconstruct": 2.4789911819217764e-10,
            "_thrs_obviousness": 1.0,
            "_thrs_weight": 0.3571428571428571,
            "_thrs_complexity": 0.0,
            "_thrs_surprisingness": 1.0,
            "_thrs_intensity": 0.8978978978978981,
            "_thrs_interestingness": 0.6510081510081511,
            "_thrs_logistic_regression": 0.9996191905839198,
            "_thrs_random_forest": 0.97
        },
        {
            "expression": "\u22a2 ( Fun A \u2194 ( Rel A \u2227 \u2200 x \u2203* y x A y ) )",
            "prop_expression": " \u22a2 ( Fun F \u2194 ( Rel F \u2227 \u2200 x \u2203* y x F y ) )",
            "step": 2,
            "theorem": "dffun6",
            "ground_truth": "dffun6 \u22a2 ( Fun A \u2194 ( Rel A \u2227 \u2200 x \u2203* y x A y ) )",
            "ground_truth_display": false,
            "statement_depth": 0,
            "_thrs_random_uniform": 0.8432766179594061,
            "_thrs_reconstruct": 1.0,
            "_thrs_obviousness": 0.9906913851302721,
            "_thrs_weight": 0.5714285714285714,
            "_thrs_complexity": 0.5,
            "_thrs_surprisingness": 0.4102564102564103,
            "_thrs_intensity": 0.14314314314314316,
            "_thrs_interestingness": 0.5231039019916794,
            "_thrs_logistic_regression": 0.9058302808865745,
            "_thrs_random_forest": 0.965
        },
        {
            "expression": "\u22a2 ( ( Rel A \u2227 \u2200 x \u2203* y x A y ) \u2194 ( Rel A \u2227 \u2200 x \u2208 dom A \u2203* y x A y ) )",
            "prop_expression": "( \ud835\udf11 \u2194 \ud835\udf13 ) \u22a2 ( ( \ud835\udf12 \u2227 \ud835\udf11 ) \u2194 ( \ud835\udf12 \u2227 \ud835\udf13 ) )",
            "step": 3,
            "theorem": "anbi2i",
            "ground_truth": "anbi2i \u22a2 ( ( Rel A \u2227 \u2200 x \u2203* y x A y ) \u2194 ( Rel A \u2227 \u2200 x \u2208 dom A \u2203* y x A y ) )",
            "ground_truth_display": false,
            "statement_depth": 0,
            "_thrs_random_uniform": 0.8216822083017506,
            "_thrs_reconstruct": 1.2153944657843602e-08,
            "_thrs_obviousness": 0.009308614624072882,
            "_thrs_weight": 0.0,
            "_thrs_complexity": 0.25,
            "_thrs_surprisingness": 0.7948717948717949,
            "_thrs_intensity": 0.3127715951245363,
            "_thrs_interestingness": 0.2733904009240808,
            "_thrs_logistic_regression": 0.9697454475700704,
            "_thrs_random_forest": 0.94
        },
        {
            "expression": "\u22a2 ( \u2200 x \u2203* y x A y \u2194 \u2200 x \u2208 dom A \u2203* y x A y )",
            "prop_expression": "( \ud835\udf11 \u2194 \ud835\udf13 ), ( \ud835\udf12 \u2194 \ud835\udf13 ) \u22a2 ( \ud835\udf11 \u2194 \ud835\udf12 )",
            "step": 4,
            "theorem": "bitr4i",
            "ground_truth": "bitr4i \u22a2 ( \u2200 x \u2203* y x A y \u2194 \u2200 x \u2208 dom A \u2203* y x A y )",
            "ground_truth_display": false,
            "statement_depth": 0,
            "_thrs_random_uniform": 0.9482816293048184,
            "_thrs_reconstruct": 3.441370286405237e-10,
            "_thrs_obviousness": 0.009308602583232876,
            "_thrs_weight": 0.2857142857142857,
            "_thrs_complexity": 0.5,
            "_thrs_surprisingness": 0.5897435897435898,
            "_thrs_intensity": 1.0,
            "_thrs_interestingness": 0.4769532956082217,
            "_thrs_logistic_regression": 0.9984305673009122,
            "_thrs_random_forest": 0.785
        },
        {
            "expression": "\u22a2 ( \u2200 x \u2203* y x A y \u2194 \u2200 x ( x \u2208 dom A \u2192 \u2203* y x A y ) )",
            "prop_expression": "( \ud835\udf11 \u2194 \ud835\udf13 ) \u22a2 ( \u2200 x \ud835\udf11 \u2194 \u2200 x \ud835\udf13 )",
            "step": 5,
            "theorem": "albii",
            "ground_truth": "albii \u22a2 ( \u2200 x \u2203* y x A y \u2194 \u2200 x ( x \u2208 dom A \u2192 \u2203* y x A y ) )",
            "ground_truth_display": false,
            "statement_depth": 0,
            "_thrs_random_uniform": 0.29586721218476375,
            "_thrs_reconstruct": 9.681456903292336e-11,
            "_thrs_obviousness": 0.00930860224223581,
            "_thrs_weight": 0.2142857142857143,
            "_thrs_complexity": 0.5,
            "_thrs_surprisingness": 0.5897435897435898,
            "_thrs_intensity": 0.2844272844272845,
            "_thrs_interestingness": 0.3195530381397648,
            "_thrs_logistic_regression": 0.9259685618516016,
            "_thrs_random_forest": 0.585
        },
        {
            "expression": "\u22a2 ( \u2203* y x A y \u2194 ( x \u2208 dom A \u2192 \u2203* y x A y ) )",
            "prop_expression": "( \ud835\udf11 \u2194 \ud835\udf13 ), ( \ud835\udf12 \u2194 \ud835\udf13 ) \u22a2 ( \ud835\udf11 \u2194 \ud835\udf12 )",
            "step": 6,
            "theorem": "bitr4i",
            "ground_truth": "bitr4i \u22a2 ( \u2203* y x A y \u2194 ( x \u2208 dom A \u2192 \u2203* y x A y ) )",
            "ground_truth_display": false,
            "statement_depth": 0,
            "_thrs_random_uniform": 0.11874985870092458,
            "_thrs_reconstruct": 3.441370286405237e-10,
            "_thrs_obviousness": 0.009308602146290711,
            "_thrs_weight": 0.3571428571428571,
            "_thrs_complexity": 0.5,
            "_thrs_surprisingness": 0.5897435897435898,
            "_thrs_intensity": 0.9759759759759761,
            "_thrs_interestingness": 0.4864342050017427,
            "_thrs_logistic_regression": 0.9983311810597081,
            "_thrs_random_forest": 0.625
        },
        {
            "expression": "\u22a2 ( \u2203* y x A y \u2194 ( \u2203 y x A y \u2192 \u2203* y x A y ) )",
            "prop_expression": " \u22a2 ( \u2203* x \ud835\udf11 \u2194 ( \u2203 x \ud835\udf11 \u2192 \u2203* x \ud835\udf11 ) )",
            "step": 7,
            "theorem": "moabs",
            "ground_truth": "moabs \u22a2 ( \u2203* y x A y \u2194 ( \u2203 y x A y \u2192 \u2203* y x A y ) )",
            "ground_truth_display": false,
            "statement_depth": 0,
            "_thrs_random_uniform": 0.5266194704830999,
            "_thrs_reconstruct": 9.297658578668105e-10,
            "_thrs_obviousness": 9.211110255769063e-10,
            "_thrs_weight": 0.3571428571428571,
            "_thrs_complexity": 1.0,
            "_thrs_surprisingness": 0.0,
            "_thrs_intensity": 0.0,
            "_thrs_interestingness": 0.27142857161279366,
            "_thrs_logistic_regression": 0.35134817429752296,