{
    "theorem": "dffun8",
    "hyps": [
        [
            1,
            2
        ],
        [
            1,
            3
        ],
        [
            3,
            4
        ],
        [
            4,
            5
        ],
        [
            5,
            6
        ],
        [
            5,
            7
        ],
        [
            7,
            8
        ],
        [
            7,
            10
        ],
        [
            8,
            9
        ]
    ],
    "expression": "( Fun A \u2194 ( Rel A \u2227 \u2200 x \u2208 dom A E! y x A y ) )",
    "steps": [
        {
            "expression": "\u22a2 ( Fun A \u2194 ( Rel A \u2227 \u2200 x \u2208 dom A E! y x A y ) )",
            "prop_expression": "( \ud835\udf11 \u2194 \ud835\udf13 ), ( \ud835\udf13 \u2194 \ud835\udf12 ) \u22a2 ( \ud835\udf11 \u2194 \ud835\udf12 )",
            "step": 1,
            "theorem": "bitri",
            "ground_truth": "bitri \u22a2 ( Fun A \u2194 ( Rel A \u2227 \u2200 x \u2208 dom A E! y x A y ) )",
            "ground_truth_display": false,
            "statement_depth": 0,
            "_thrs_random_uniform": 0.1115888452377588,
            "_thrs_reconstruct": 2.4559152077438155e-10,
            "_thrs_obviousness": 1.0,
            "_thrs_weight": 0.47058823529411764,
            "_thrs_complexity": 0.0,
            "_thrs_surprisingness": 1.0,
            "_thrs_intensity": 1.0,
            "_thrs_interestingness": 0.6941176470588235,
            "_thrs_logistic_regression": 0.9998029660528431,
            "_thrs_random_forest": 0.975
        },
        {
            "expression": "\u22a2 ( Fun A \u2194 ( Rel A \u2227 \u2200 x \u2208 dom A \u2203* y x A y ) )",
            "prop_expression": " \u22a2 ( Fun A \u2194 ( Rel A \u2227 \u2200 x \u2208 dom A \u2203* y x A y ) )",
            "step": 2,
            "theorem": "dffun7",
            "ground_truth": "dffun7 \u22a2 ( Fun A \u2194 ( Rel A \u2227 \u2200 x \u2208 dom A \u2203* y x A y ) )",
            "ground_truth_display": false,
            "statement_depth": 0,
            "_thrs_random_uniform": 0.4857901492798369,
            "_thrs_reconstruct": 1.0,
            "_thrs_obviousness": 0.9907772358766804,
            "_thrs_weight": 0.47058823529411764,
            "_thrs_complexity": 0.0,
            "_thrs_surprisingness": 1.0,
            "_thrs_intensity": 0.1596638655462185,
            "_thrs_interestingness": 0.5242058673434034,
            "_thrs_logistic_regression": 0.9819881387468341,
            "_thrs_random_forest": 0.975
        },
        {
            "expression": "\u22a2 ( ( Rel A \u2227 \u2200 x \u2208 dom A \u2203* y x A y ) \u2194 ( Rel A \u2227 \u2200 x \u2208 dom A E! y x A y ) )",
            "prop_expression": "( \ud835\udf11 \u2194 \ud835\udf13 ) \u22a2 ( ( \ud835\udf12 \u2227 \ud835\udf11 ) \u2194 ( \ud835\udf12 \u2227 \ud835\udf13 ) )",
            "step": 3,
            "theorem": "anbi2i",
            "ground_truth": "anbi2i \u22a2 ( ( Rel A \u2227 \u2200 x \u2208 dom A \u2203* y x A y ) \u2194 ( Rel A \u2227 \u2200 x \u2208 dom A E! y x A y ) )",
            "ground_truth_display": false,
            "statement_depth": 0,
            "_thrs_random_uniform": 0.2648406514082797,
            "_thrs_reconstruct": 1.2040808267875748e-08,
            "_thrs_obviousness": 0.009222763879930197,
            "_thrs_weight": 0.0,
            "_thrs_complexity": 0.25,
            "_thrs_surprisingness": 0.7254901960784315,
            "_thrs_intensity": 0.31159663865546217,
            "_thrs_interestingness": 0.25926191972276474,
            "_thrs_logistic_regression": 0.972213603535336,
            "_thrs_random_forest": 0.95
        },
        {
            "expression": "\u22a2 ( \u2200 x \u2208 dom A \u2203* y x A y \u2194 \u2200 x \u2208 dom A E! y x A y )",
            "prop_expression": "( x \u2208 A \u2192 ( \ud835\udf11 \u2194 \ud835\udf13 ) ) \u22a2 ( \u2200 x \u2208 A \ud835\udf11 \u2194 \u2200 x \u2208 A \ud835\udf13 )",
            "step": 4,
            "theorem": "ralbiia",
            "ground_truth": "ralbiia \u22a2 ( \u2200 x \u2208 dom A \u2203* y x A y \u2194 \u2200 x \u2208 dom A E! y x A y )",
            "ground_truth_display": false,
            "statement_depth": 0,
            "_thrs_random_uniform": 0.19950572310658876,
            "_thrs_reconstruct": 9.050514094601012e-10,
            "_thrs_obviousness": 0.009222751950140017,
            "_thrs_weight": 0.23529411764705888,
            "_thrs_complexity": 0.5,
            "_thrs_surprisingness": 0.45098039215686275,
            "_thrs_intensity": 0.22689075630252098,
            "_thrs_interestingness": 0.2844776036113165,
            "_thrs_logistic_regression": 0.9186313487545678,
            "_thrs_random_forest": 0.57
        },
        {
            "expression": "\u22a2 ( x \u2208 dom A \u2192 ( \u2203* y x A y \u2194 E! y x A y ) )",
            "prop_expression": "( \ud835\udf11 \u2194 \ud835\udf13 ), ( \ud835\udf12 \u2192 ( \ud835\udf13 \u2194 \ud835\udf03 ) ) \u22a2 ( \ud835\udf12 \u2192 ( \ud835\udf11 \u2194 \ud835\udf03 ) )",
            "step": 5,
            "theorem": "syl5bb",
            "ground_truth": "syl5bb \u22a2 ( x \u2208 dom A \u2192 ( \u2203* y x A y \u2194 E! y x A y ) )",
            "ground_truth_display": false,
            "statement_depth": 0,
            "_thrs_random_uniform": 0.053451389008238426,
            "_thrs_reconstruct": 1.0084550246943912e-09,
            "_thrs_obviousness": 0.009222751053404237,
            "_thrs_weight": 0.47058823529411764,
            "_thrs_complexity": 0.5,
            "_thrs_surprisingness": 0.45098039215686275,
            "_thrs_intensity": 0.8655462184873951,
            "_thrs_interestingness": 0.459267519398356,
            "_thrs_logistic_regression": 0.9977493422742066,
            "_thrs_random_forest": 0.76
        },
        {
            "expression": "\u22a2 ( \u2203* y x A y \u2194 ( \u2203 y x A y \u2192 E! y x A y ) )",
            "prop_expression": " \u22a2 ( \u2203* x \ud835\udf11 \u2194 ( \u2203 x \ud835\udf11 \u2192 E! x \ud835\udf11 ) )",
            "step": 6,
            "theorem": "df-mo",
            "ground_truth": "df-mo \u22a2 ( \u2203* y x A y \u2194 ( \u2203 y x A y \u2192 E! y x A y ) )",
            "ground_truth_display": false,
            "statement_depth": 0,
            "_thrs_random_uniform": 0.24965347239127622,
            "_thrs_reconstruct": 0.0,
            "_thrs_obviousness": 0.0,
            "_thrs_weight": 0.47058823529411764,
            "_thrs_complexity": 1.0,
            "_thrs_surprisingness": 0.0,
            "_thrs_intensity": 0.025210084033613446,
            "_thrs_interestingness": 0.2991596638655462,
            "_thrs_logistic_regression": 0.40880788611477503,
            "_thrs_random_forest": 0.37
        },
        {
            "expression": "\u22a2 ( x \u2208 dom A \u2192 ( ( \u2203 y x A y \u2192 E! y x A y ) \u2194 E! y x A y ) )",
            "prop_expression": "( \ud835\udf11 \u2194 \ud835\udf13 ), ( \ud835\udf13 \u2192 \ud835\udf12 ) \u22a2 ( \ud835\udf11 \u2192 \ud835\udf12 )",
            "step": 7,
            "theorem": "sylbi",
            "ground_truth": "sylbi \u22a2 ( x \u2208 dom A \u2192 ( ( \u2203 y x A y \u2192 E! y x A y ) \u2194 E! y x A y ) )",
            "ground_truth_display": false,
            "statement_depth": 0,
            "_thrs_random_uniform": 0.9341814092660125,
            "_thrs_reconstruct": 9.838895249425986e-12,
            "_thrs_obviousness": 0.009222750054187065,
            "_thrs_weight": 0.23529411764705888,
            "_thrs_complexity": 0.5,
            "_thrs_surprisingness": 0.45098039215686275,
            "_thrs_intensity": 0.5294117647058822,
            "_thrs_interestingness": 0.3449818049127982,
            "_thrs_logistic_regression": 0.9829799884983627,