{
    "theorem": "dfin3",
    "hyps": [
        [
            1,
            2
        ],
        [
            1,
            3
        ],
        [
            1,
            9
        ],
        [
            3,
            4
        ],
        [
            4,
            5
        ],
        [
            4,
            6
        ],
        [
            6,
            7
        ],
        [
            7,
            8
        ]
    ],
    "expression": "( A \u2229 B ) = ( V \u2216 ( ( V \u2216 A ) \u222a ( V \u2216 B ) ) )",
    "steps": [
        {
            "expression": "\u22a2 ( A \u2229 B ) = ( V \u2216 ( ( V \u2216 A ) \u222a ( V \u2216 B ) ) )",
            "prop_expression": "A = B, C = A, D = B \u22a2 D = C",
            "step": 1,
            "theorem": "3eqtr4ri",
            "ground_truth": "3eqtr4ri \u22a2 ( A \u2229 B ) = ( V \u2216 ( ( V \u2216 A ) \u222a ( V \u2216 B ) ) )",
            "ground_truth_display": false,
            "statement_depth": 0,
            "_thrs_random_uniform": 0.4971022807922555,
            "_thrs_reconstruct": 2.294392833272571e-05,
            "_thrs_obviousness": 1.0,
            "_thrs_weight": 0.5,
            "_thrs_complexity": 0.0,
            "_thrs_surprisingness": 1.0,
            "_thrs_intensity": 1.0,
            "_thrs_interestingness": 0.7,
            "_thrs_logistic_regression": 0.9998084152411804,
            "_thrs_random_forest": 0.805
        },
        {
            "expression": "\u22a2 ( V \u2216 ( V \u2216 ( A \u2216 ( V \u2216 B ) ) ) ) = ( A \u2216 ( V \u2216 B ) )",
            "prop_expression": " \u22a2 ( V \u2216 ( V \u2216 A ) ) = A",
            "step": 2,
            "theorem": "ddif",
            "ground_truth": "ddif \u22a2 ( V \u2216 ( V \u2216 ( A \u2216 ( V \u2216 B ) ) ) ) = ( A \u2216 ( V \u2216 B ) )",
            "ground_truth_display": false,
            "statement_depth": 0,
            "_thrs_random_uniform": 0.12087741692044673,
            "_thrs_reconstruct": 0.4999980988515079,
            "_thrs_obviousness": 0.0,
            "_thrs_weight": 0.33333333333333337,
            "_thrs_complexity": 0.6666666666666667,
            "_thrs_surprisingness": 0.11392405063291139,
            "_thrs_intensity": 0.002597402597402588,
            "_thrs_interestingness": 0.22330429064606278,
            "_thrs_logistic_regression": 0.714558882781359,
            "_thrs_random_forest": 0.955
        },
        {
            "expression": "\u22a2 ( V \u2216 ( ( V \u2216 A ) \u222a ( V \u2216 B ) ) ) = ( V \u2216 ( V \u2216 ( A \u2216 ( V \u2216 B ) ) ) )",
            "prop_expression": "A = B \u22a2 ( C \u2216 A ) = ( C \u2216 B )",
            "step": 3,
            "theorem": "difeq2i",
            "ground_truth": "difeq2i \u22a2 ( V \u2216 ( ( V \u2216 A ) \u222a ( V \u2216 B ) ) ) = ( V \u2216 ( V \u2216 ( A \u2216 ( V \u2216 B ) ) ) )",
            "ground_truth_display": false,
            "statement_depth": 0,
            "_thrs_random_uniform": 0.8511319348924552,
            "_thrs_reconstruct": 0.0010584138133276086,
            "_thrs_obviousness": 0.464954376721813,
            "_thrs_weight": 0.0,
            "_thrs_complexity": 0.33333333333333337,
            "_thrs_surprisingness": 0.5569620253164557,
            "_thrs_intensity": 0.16363636363636358,
            "_thrs_interestingness": 0.3037772198015931,
            "_thrs_logistic_regression": 0.9257043247475778,
            "_thrs_random_forest": 0.925
        },
        {
            "expression": "\u22a2 ( ( V \u2216 A ) \u222a ( V \u2216 B ) ) = ( V \u2216 ( A \u2216 ( V \u2216 B ) ) )",
            "prop_expression": "A = B, B = C \u22a2 A = C",
            "step": 4,
            "theorem": "eqtri",
            "ground_truth": "eqtri \u22a2 ( ( V \u2216 A ) \u222a ( V \u2216 B ) ) = ( V \u2216 ( A \u2216 ( V \u2216 B ) ) )",
            "ground_truth_display": false,
            "statement_depth": 0,
            "_thrs_random_uniform": 0.9510190986377257,
            "_thrs_reconstruct": 0.0,
            "_thrs_obviousness": 0.46449276862689,
            "_thrs_weight": 0.33333333333333337,
            "_thrs_complexity": 0.33333333333333337,
            "_thrs_surprisingness": 0.5569620253164557,
            "_thrs_intensity": 0.7506493506493507,
            "_thrs_interestingness": 0.4877541622518725,
            "_thrs_logistic_regression": 0.9975465031058433,
            "_thrs_random_forest": 0.73
        },
        {
            "expression": "\u22a2 ( ( V \u2216 A ) \u222a ( V \u2216 B ) ) = ( V \u2216 ( ( V \u2216 ( V \u2216 A ) ) \u2216 ( V \u2216 B ) ) )",
            "prop_expression": " \u22a2 ( A \u222a B ) = ( V \u2216 ( ( V \u2216 A ) \u2216 B ) )",
            "step": 5,
            "theorem": "dfun2",
            "ground_truth": "dfun2 \u22a2 ( ( V \u2216 A ) \u222a ( V \u2216 B ) ) = ( V \u2216 ( ( V \u2216 ( V \u2216 A ) ) \u2216 ( V \u2216 B ) ) )",
            "ground_truth_display": false,
            "statement_depth": 0,
            "_thrs_random_uniform": 0.8712529308627219,
            "_thrs_reconstruct": 1.0,
            "_thrs_obviousness": 0.21401793903316202,
            "_thrs_weight": 0.0,
            "_thrs_complexity": 0.33333333333333337,
            "_thrs_surprisingness": 0.5569620253164557,
            "_thrs_intensity": 0.0,
            "_thrs_interestingness": 0.2208626595365902,
            "_thrs_logistic_regression": 0.8403793496192038,
            "_thrs_random_forest": 0.385
        },
        {
            "expression": "\u22a2 ( V \u2216 ( ( V \u2216 ( V \u2216 A ) ) \u2216 ( V \u2216 B ) ) ) = ( V \u2216 ( A \u2216 ( V \u2216 B ) ) )",
            "prop_expression": "A = B \u22a2 ( C \u2216 A ) = ( C \u2216 B )",
            "step": 6,
            "theorem": "difeq2i",
            "ground_truth": "difeq2i \u22a2 ( V \u2216 ( ( V \u2216 ( V \u2216 A ) ) \u2216 ( V \u2216 B ) ) ) = ( V \u2216 ( A \u2216 ( V \u2216 B ) ) )",
            "ground_truth_display": false,
            "statement_depth": 0,
            "_thrs_random_uniform": 0.8728836038400317,
            "_thrs_reconstruct": 0.0010584138133276086,
            "_thrs_obviousness": 0.0364413766107851,
            "_thrs_weight": 0.0,
            "_thrs_complexity": 0.6666666666666667,
            "_thrs_surprisingness": 0.11392405063291139,
            "_thrs_intensity": 0.16363636363636364,
            "_thrs_interestingness": 0.19613369150934537,
            "_thrs_logistic_regression": 0.8123740517328953,
            "_thrs_random_forest": 0.245
        },
        {
            "expression": "\u22a2 ( ( V \u2216 ( V \u2216 A ) ) \u2216 ( V \u2216 B ) ) = ( A \u2216 ( V \u2216 B ) )",
            "prop_expression": "A = B \u22a2 ( A \u2216 C ) = ( B \u2216 C )",
            "step": 7,
            "theorem": "difeq1i",
            "ground_truth": "difeq1i \u22a2 ( ( V \u2216 ( V \u2216 A ) ) \u2216 ( V \u2216 B ) ) = ( A \u2216 ( V \u2216 B ) )",
            "ground_truth_display": false,
            "statement_depth": 0,
            "_thrs_random_uniform": 0.8342345365605134,
            "_thrs_reconstruct": 0.0840381295137712,
            "_thrs_obviousness": 0.03597976851586208,
            "_thrs_weight": 0.33333333333333337,
            "_thrs_complexity": 0.6666666666666667,
            "_thrs_surprisingness": 0.11392405063291139,
            "_thrs_intensity": 0.09610389610389608,
            "_thrs_interestingness": 0.24920154305053394,
            "_thrs_logistic_regression": 0.8051941900165477,
            "_thrs_random_forest": 0.325
        },
        {
            "expression": "\u22a2 ( V \u2216 ( V \u2216 A ) ) = A",
            "prop_expression": " \u22a2 ( V \u2216 ( V \u2216 A ) ) = A",
            "step": 8,
            "theorem": "ddif",
            "ground_truth": "ddif \u22a2 ( V \u2216 ( V \u2216 A ) ) = A",
            "ground_truth_display": false,
            "statement_depth": 0,
            "_thrs_random_uniform": 0.6465943794705378,