{
    "theorem": "dflim3",
    "hyps": [
        [
            1,
            2
        ],
        [
            1,
            3
        ],
        [
            1,
            4
        ],
        [
            4,
            5
        ],
        [
            5,
            6
        ],
        [
            5,
            10
        ],
        [
            6,
            7
        ],
        [
            6,
            9
        ],
        [
            7,
            8
        ]
    ],
    "expression": "( Lim A \u2194 ( Ord A \u2227 \u00ac ( A = \u2205 \u2228 \u2203 x \u2208 On A = suc x ) ) )",
    "steps": [
        {
            "expression": "\u22a2 ( Lim A \u2194 ( Ord A \u2227 \u00ac ( A = \u2205 \u2228 \u2203 x \u2208 On A = suc x ) ) )",
            "prop_expression": "( \ud835\udf11 \u2194 \ud835\udf13 ), ( \ud835\udf13 \u2194 \ud835\udf12 ), ( \ud835\udf12 \u2194 \ud835\udf03 ) \u22a2 ( \ud835\udf11 \u2194 \ud835\udf03 )",
            "step": 1,
            "theorem": "3bitri",
            "ground_truth": "3bitri \u22a2 ( Lim A \u2194 ( Ord A \u2227 \u00ac ( A = \u2205 \u2228 \u2203 x \u2208 On A = suc x ) ) )",
            "ground_truth_display": false,
            "statement_depth": 0,
            "_thrs_random_uniform": 0.16994105127058912,
            "_thrs_reconstruct": 8.347077470484908e-13,
            "_thrs_obviousness": 1.0,
            "_thrs_weight": 0.3846153846153846,
            "_thrs_complexity": 0.0,
            "_thrs_surprisingness": 0.9034267912772588,
            "_thrs_intensity": 1.0,
            "_thrs_interestingness": 0.6576084351785287,
            "_thrs_logistic_regression": 0.9998123502984698,
            "_thrs_random_forest": 0.965
        },
        {
            "expression": "\u22a2 ( Lim A \u2194 ( Ord A \u2227 A \u2260 \u2205 \u2227 A = U. A ) )",
            "prop_expression": " \u22a2 ( Lim A \u2194 ( Ord A \u2227 A \u2260 \u2205 \u2227 A = U. A ) )",
            "step": 2,
            "theorem": "df-lim",
            "ground_truth": "df-lim \u22a2 ( Lim A \u2194 ( Ord A \u2227 A \u2260 \u2205 \u2227 A = U. A ) )",
            "ground_truth_display": false,
            "statement_depth": 0,
            "_thrs_random_uniform": 0.586905481336202,
            "_thrs_reconstruct": 0.0,
            "_thrs_obviousness": 0.0,
            "_thrs_weight": 0.6153846153846154,
            "_thrs_complexity": 0.5,
            "_thrs_surprisingness": 0.456386292834891,
            "_thrs_intensity": 0.1007905138339921,
            "_thrs_interestingness": 0.3345122844106997,
            "_thrs_logistic_regression": 0.8908520502426966,
            "_thrs_random_forest": 0.89
        },
        {
            "expression": "\u22a2 ( ( Ord A \u2227 A \u2260 \u2205 \u2227 A = U. A ) \u2194 ( Ord A \u2227 ( A \u2260 \u2205 \u2227 A = U. A ) ) )",
            "prop_expression": " \u22a2 ( ( \ud835\udf11 \u2227 \ud835\udf13 \u2227 \ud835\udf12 ) \u2194 ( \ud835\udf11 \u2227 ( \ud835\udf13 \u2227 \ud835\udf12 ) ) )",
            "step": 3,
            "theorem": "3anass",
            "ground_truth": "3anass \u22a2 ( ( Ord A \u2227 A \u2260 \u2205 \u2227 A = U. A ) \u2194 ( Ord A \u2227 ( A \u2260 \u2205 \u2227 A = U. A ) ) )",
            "ground_truth_display": false,
            "statement_depth": 0,
            "_thrs_random_uniform": 0.31076084805524273,
            "_thrs_reconstruct": 1.3469012906111656e-12,
            "_thrs_obviousness": 1.3469012904912842e-12,
            "_thrs_weight": 0.23076923076923073,
            "_thrs_complexity": 0.6666666666666667,
            "_thrs_surprisingness": 0.18691588785046728,
            "_thrs_intensity": 0.0,
            "_thrs_interestingness": 0.21687035705754232,
            "_thrs_logistic_regression": 0.6697227081593968,
            "_thrs_random_forest": 0.79
        },
        {
            "expression": "\u22a2 ( ( Ord A \u2227 ( A \u2260 \u2205 \u2227 A = U. A ) ) \u2194 ( Ord A \u2227 \u00ac ( A = \u2205 \u2228 \u2203 x \u2208 On A = suc x ) ) )",
            "prop_expression": "( \ud835\udf11 \u2192 ( \ud835\udf13 \u2194 \ud835\udf12 ) ) \u22a2 ( ( \ud835\udf11 \u2227 \ud835\udf13 ) \u2194 ( \ud835\udf11 \u2227 \ud835\udf12 ) )",
            "step": 4,
            "theorem": "pm5.32i",
            "ground_truth": "pm5.32i \u22a2 ( ( Ord A \u2227 ( A \u2260 \u2205 \u2227 A = U. A ) ) \u2194 ( Ord A \u2227 \u00ac ( A = \u2205 \u2228 \u2203 x \u2208 On A = suc x ) ) )",
            "ground_truth_display": false,
            "statement_depth": 0,
            "_thrs_random_uniform": 0.992012266451372,
            "_thrs_reconstruct": 2.0460506011276166e-11,
            "_thrs_obviousness": 0.9999999999978182,
            "_thrs_weight": 0.0,
            "_thrs_complexity": 0.0,
            "_thrs_surprisingness": 1.0,
            "_thrs_intensity": 0.22285514996512434,
            "_thrs_interestingness": 0.4445710299925885,
            "_thrs_logistic_regression": 0.9799623280304552,
            "_thrs_random_forest": 0.945
        },
        {
            "expression": "\u22a2 ( Ord A \u2192 ( ( A \u2260 \u2205 \u2227 A = U. A ) \u2194 \u00ac ( A = \u2205 \u2228 \u2203 x \u2208 On A = suc x ) ) )",
            "prop_expression": "( \ud835\udf11 \u2192 ( \ud835\udf13 \u2194 \ud835\udf12 ) ), ( \ud835\udf03 \u2194 \ud835\udf12 ) \u22a2 ( \ud835\udf11 \u2192 ( \ud835\udf13 \u2194 \ud835\udf03 ) )",
            "step": 5,
            "theorem": "syl6bbr",
            "ground_truth": "syl6bbr \u22a2 ( Ord A \u2192 ( ( A \u2260 \u2205 \u2227 A = U. A ) \u2194 \u00ac ( A = \u2205 \u2228 \u2203 x \u2208 On A = suc x ) ) )",
            "ground_truth_display": false,
            "statement_depth": 0,
            "_thrs_random_uniform": 0.4833871482060089,
            "_thrs_reconstruct": 1.8756520014765403e-12,
            "_thrs_obviousness": 0.9999999999773577,
            "_thrs_weight": 0.15384615384615385,
            "_thrs_complexity": 0.0,
            "_thrs_surprisingness": 1.0,
            "_thrs_intensity": 0.6652173913043479,
            "_thrs_interestingness": 0.5638127090255718,
            "_thrs_logistic_regression": 0.9983796166051374,
            "_thrs_random_forest": 0.97
        },
        {
            "expression": "\u22a2 ( Ord A \u2192 ( ( A \u2260 \u2205 \u2227 A = U. A ) \u2194 ( \u00ac A = \u2205 \u2227 \u00ac \u2203 x \u2208 On A = suc x ) ) )",
            "prop_expression": "( \ud835\udf11 \u2192 ( \ud835\udf13 \u2194 \ud835\udf12 ) ), ( \ud835\udf11 \u2192 ( \ud835\udf03 \u2194 \ud835\udf0f ) ) \u22a2 ( \ud835\udf11 \u2192 ( ( \ud835\udf13 \u2227 \ud835\udf03 ) \u2194 ( \ud835\udf12 \u2227 \ud835\udf0f ) ) )",
            "step": 6,
            "theorem": "anbi12d",
            "ground_truth": "anbi12d \u22a2 ( Ord A \u2192 ( ( A \u2260 \u2205 \u2227 A = U. A ) \u2194 ( \u00ac A = \u2205 \u2227 \u00ac \u2203 x \u2208 On A = suc x ) ) )",
            "ground_truth_display": false,
            "statement_depth": 0,
            "_thrs_random_uniform": 0.41102316943747985,
            "_thrs_reconstruct": 4.7170344934712104e-11,
            "_thrs_obviousness": 0.9999999999581652,
            "_thrs_weight": 0.15384615384615385,
            "_thrs_complexity": 0.0,
            "_thrs_surprisingness": 1.0,
            "_thrs_intensity": 0.31660079051383394,
            "_thrs_interestingness": 0.4940893888636307,
            "_thrs_logistic_regression": 0.9894648812477052,
            "_thrs_random_forest": 0.975
        },
        {
            "expression": "\u22a2 ( Ord A \u2192 ( A \u2260 \u2205 \u2194 \u00ac A = \u2205 ) )",
            "prop_expression": "\ud835\udf11 \u22a2 ( \ud835\udf13 \u2192 \ud835\udf11 )",
            "step": 7,
            "theorem": "a1i",
            "ground_truth": "a1i \u22a2 ( Ord A \u2192 ( A \u2260 \u2205 \u2194 \u00ac A = \u2205 ) )",
            "ground_truth_display": false,
            "statement_depth": 0,
            "_thrs_random_uniform": 0.33703400936034733,