{
    "theorem": "dflim4",
    "hyps": [
        [
            1,
            2
        ],
        [
            1,
            3
        ],
        [
            3,
            4
        ],
        [
            3,
            7
        ],
        [
            3,
            8
        ],
        [
            4,
            5
        ],
        [
            5,
            6
        ]
    ],
    "expression": "( Lim A \u2194 ( Ord A \u2227 \u2205 \u2208 A \u2227 \u2200 x \u2208 A suc x \u2208 A ) )",
    "steps": [
        {
            "expression": "\u22a2 ( Lim A \u2194 ( Ord A \u2227 \u2205 \u2208 A \u2227 \u2200 x \u2208 A suc x \u2208 A ) )",
            "prop_expression": "( \ud835\udf11 \u2194 \ud835\udf13 ), ( \ud835\udf13 \u2194 \ud835\udf12 ) \u22a2 ( \ud835\udf11 \u2194 \ud835\udf12 )",
            "step": 1,
            "theorem": "bitri",
            "ground_truth": "bitri \u22a2 ( Lim A \u2194 ( Ord A \u2227 \u2205 \u2208 A \u2227 \u2200 x \u2208 A suc x \u2208 A ) )",
            "ground_truth_display": false,
            "statement_depth": 0,
            "_thrs_random_uniform": 0.8373234777641321,
            "_thrs_reconstruct": 0.0,
            "_thrs_obviousness": 1.0,
            "_thrs_weight": 0.7142857142857143,
            "_thrs_complexity": 0.0,
            "_thrs_surprisingness": 1.0,
            "_thrs_intensity": 0.5909090909090909,
            "_thrs_interestingness": 0.6610389610389611,
            "_thrs_logistic_regression": 0.9985819323455768,
            "_thrs_random_forest": 0.945
        },
        {
            "expression": "\u22a2 ( Lim A \u2194 ( Ord A \u2227 \u2205 \u2208 A \u2227 A = U. A ) )",
            "prop_expression": " \u22a2 ( Lim A \u2194 ( Ord A \u2227 \u2205 \u2208 A \u2227 A = U. A ) )",
            "step": 2,
            "theorem": "dflim2",
            "ground_truth": "dflim2 \u22a2 ( Lim A \u2194 ( Ord A \u2227 \u2205 \u2208 A \u2227 A = U. A ) )",
            "ground_truth_display": false,
            "statement_depth": 0,
            "_thrs_random_uniform": 0.26407838923940596,
            "_thrs_reconstruct": 0.02324207702857551,
            "_thrs_obviousness": 0.02271415293482163,
            "_thrs_weight": 1.0,
            "_thrs_complexity": 0.5,
            "_thrs_surprisingness": 0.9148936170212767,
            "_thrs_intensity": 0.12727272727272726,
            "_thrs_interestingness": 0.5129760994457652,
            "_thrs_logistic_regression": 0.8793420102177538,
            "_thrs_random_forest": 0.945
        },
        {
            "expression": "\u22a2 ( ( Ord A \u2227 \u2205 \u2208 A \u2227 A = U. A ) \u2194 ( Ord A \u2227 \u2205 \u2208 A \u2227 \u2200 x \u2208 A suc x \u2208 A ) )",
            "prop_expression": "( \ud835\udf11 \u2194 \ud835\udf13 ), ( \ud835\udf12 \u2194 \ud835\udf11 ), ( \ud835\udf03 \u2194 \ud835\udf13 ) \u22a2 ( \ud835\udf12 \u2194 \ud835\udf03 )",
            "step": 3,
            "theorem": "3bitr4i",
            "ground_truth": "3bitr4i \u22a2 ( ( Ord A \u2227 \u2205 \u2208 A \u2227 A = U. A ) \u2194 ( Ord A \u2227 \u2205 \u2208 A \u2227 \u2200 x \u2208 A suc x \u2208 A ) )",
            "ground_truth_display": false,
            "statement_depth": 0,
            "_thrs_random_uniform": 0.8463323996973237,
            "_thrs_reconstruct": 4.788322976687092e-13,
            "_thrs_obviousness": 0.9772858470637533,
            "_thrs_weight": 0.2857142857142857,
            "_thrs_complexity": 0.0,
            "_thrs_surprisingness": 0.7659574468085106,
            "_thrs_intensity": 1.0,
            "_thrs_interestingness": 0.60579151591731,
            "_thrs_logistic_regression": 0.9998291511679225,
            "_thrs_random_forest": 0.92
        },
        {
            "expression": "\u22a2 ( ( Ord A \u2227 ( \u2205 \u2208 A \u2227 A = U. A ) ) \u2194 ( Ord A \u2227 ( \u2205 \u2208 A \u2227 \u2200 x \u2208 A suc x \u2208 A ) ) )",
            "prop_expression": "( \ud835\udf11 \u2192 ( \ud835\udf13 \u2194 \ud835\udf12 ) ) \u22a2 ( ( \ud835\udf11 \u2227 \ud835\udf13 ) \u2194 ( \ud835\udf11 \u2227 \ud835\udf12 ) )",
            "step": 4,
            "theorem": "pm5.32i",
            "ground_truth": "pm5.32i \u22a2 ( ( Ord A \u2227 ( \u2205 \u2208 A \u2227 A = U. A ) ) \u2194 ( Ord A \u2227 ( \u2205 \u2208 A \u2227 \u2200 x \u2208 A suc x \u2208 A ) ) )",
            "ground_truth_display": false,
            "statement_depth": 0,
            "_thrs_random_uniform": 0.3203229506650309,
            "_thrs_reconstruct": 1.656444183270093e-11,
            "_thrs_obviousness": 0.9772858470607725,
            "_thrs_weight": 0.2857142857142857,
            "_thrs_complexity": 0.0,
            "_thrs_surprisingness": 0.7659574468085106,
            "_thrs_intensity": 0.23636363636363636,
            "_thrs_interestingness": 0.45306424318944105,
            "_thrs_logistic_regression": 0.9895869641690356,
            "_thrs_random_forest": 0.79
        },
        {
            "expression": "\u22a2 ( Ord A \u2192 ( ( \u2205 \u2208 A \u2227 A = U. A ) \u2194 ( \u2205 \u2208 A \u2227 \u2200 x \u2208 A suc x \u2208 A ) ) )",
            "prop_expression": "( \ud835\udf11 \u2192 ( \ud835\udf13 \u2194 \ud835\udf12 ) ) \u22a2 ( \ud835\udf11 \u2192 ( ( \ud835\udf03 \u2227 \ud835\udf13 ) \u2194 ( \ud835\udf03 \u2227 \ud835\udf12 ) ) )",
            "step": 5,
            "theorem": "anbi2d",
            "ground_truth": "anbi2d \u22a2 ( Ord A \u2192 ( ( \u2205 \u2208 A \u2227 A = U. A ) \u2194 ( \u2205 \u2208 A \u2227 \u2200 x \u2208 A suc x \u2208 A ) ) )",
            "ground_truth_display": false,
            "statement_depth": 0,
            "_thrs_random_uniform": 0.35259157325468415,
            "_thrs_reconstruct": 1.656488754832754e-11,
            "_thrs_obviousness": 0.9772858470442473,
            "_thrs_weight": 0.4285714285714286,
            "_thrs_complexity": 0.0,
            "_thrs_surprisingness": 0.7659574468085106,
            "_thrs_intensity": 0.19191919191919188,
            "_thrs_interestingness": 0.4727467828686757,
            "_thrs_logistic_regression": 0.9884638908669369,
            "_thrs_random_forest": 0.755
        },
        {
            "expression": "\u22a2 ( Ord A \u2192 ( A = U. A \u2194 \u2200 x \u2208 A suc x \u2208 A ) )",
            "prop_expression": " \u22a2 ( Ord A \u2192 ( A = U. A \u2194 \u2200 x \u2208 A suc x \u2208 A ) )",
            "step": 6,
            "theorem": "ordunisuc2",
            "ground_truth": "ordunisuc2 \u22a2 ( Ord A \u2192 ( A = U. A \u2194 \u2200 x \u2208 A suc x \u2208 A ) )",
            "ground_truth_display": false,
            "statement_depth": 0,
            "_thrs_random_uniform": 0.5406285010138485,
            "_thrs_reconstruct": 1.0,
            "_thrs_obviousness": 0.9772858470277215,
            "_thrs_weight": 0.8571428571428572,
            "_thrs_complexity": 0.5,
            "_thrs_surprisingness": 0.2553191489361702,
            "_thrs_intensity": 0.09090909090909091,
            "_thrs_interestingness": 0.5361313888031679,
            "_thrs_logistic_regression": 0.9216814942682231,
            "_thrs_random_forest": 0.9
        },
        {
            "expression": "\u22a2 ( ( Ord A \u2227 \u2205 \u2208 A \u2227 A = U. A ) \u2194 ( Ord A \u2227 ( \u2205 \u2208 A \u2227 A = U. A ) ) )",
            "prop_expression": " \u22a2 ( ( \ud835\udf11 \u2227 \ud835\udf13 \u2227 \ud835\udf12 ) \u2194 ( \ud835\udf11 \u2227 ( \ud835\udf13 \u2227 \ud835\udf12 ) ) )",
            "step": 7,
            "theorem": "3anass",
            "ground_truth": "3anass \u22a2 ( ( Ord A \u2227 \u2205 \u2208 A \u2227 A = U. A ) \u2194 ( Ord A \u2227 ( \u2205 \u2208 A \u2227 A = U. A ) ) )",
            "ground_truth_display": false,
            "statement_depth": 0,
            "_thrs_random_uniform": 0.4588203046960665,
            "_thrs_reconstruct": 7.682354540275409e-13,
            "_thrs_obviousness": 0.0,
            "_thrs_weight": 0.5714285714285714,