{
    "theorem": "dfor2",
    "hyps": [
        [
            1,
            2
        ],
        [
            1,
            3
        ]
    ],
    "expression": "( ( \ud835\udf11 \u2228 \ud835\udf13 ) \u2194 ( ( \ud835\udf11 \u2192 \ud835\udf13 ) \u2192 \ud835\udf13 ) )",
    "steps": [
        {
            "number": 396,
            "expression": "\u22a2 ( ( \ud835\udf11 \u2228 \ud835\udf13 ) \u2194 ( ( \ud835\udf11 \u2192 \ud835\udf13 ) \u2192 \ud835\udf13 ) )",
            "prop_expression": "( \ud835\udf11 \u2192 \ud835\udf13 ), ( \ud835\udf13 \u2192 \ud835\udf11 ) \u22a2 ( \ud835\udf11 \u2194 \ud835\udf13 )",
            "step": 1,
            "theorem": "impbii",
            "ground_truth": "impbii \u22a2 ( ( \ud835\udf11 \u2228 \ud835\udf13 ) \u2194 ( ( \ud835\udf11 \u2192 \ud835\udf13 ) \u2192 \ud835\udf13 ) )",
            "ground_truth_display": false,
            "statement_depth": 0,
            "_thrs_random_uniform": 0.8198,
            "_thrs_reconstruct": 0.0,
            "_thrs_obviousness": 1.0,
            "_thrs_weight": 0.5,
            "_thrs_complexity": 0.5,
            "_thrs_surprisingness": 0.5,
            "_thrs_intensity": 1.0,
            "_thrs_interestingness": 0.7,
            "_thrs_logistic_regression": 0.99877,
            "_thrs_random_forest": 0.92
        },
        {
            "number": 396,
            "expression": "\u22a2 ( ( \ud835\udf11 \u2228 \ud835\udf13 ) \u2192 ( ( \ud835\udf11 \u2192 \ud835\udf13 ) \u2192 \ud835\udf13 ) )",
            "prop_expression": " \u22a2 ( ( \ud835\udf11 \u2228 \ud835\udf13 ) \u2192 ( ( \ud835\udf11 \u2192 \ud835\udf13 ) \u2192 \ud835\udf13 ) )",
            "step": 2,
            "theorem": "pm2.62",
            "ground_truth": "pm2.62 \u22a2 ( ( \ud835\udf11 \u2228 \ud835\udf13 ) \u2192 ( ( \ud835\udf11 \u2192 \ud835\udf13 ) \u2192 \ud835\udf13 ) )",
            "ground_truth_display": false,
            "statement_depth": 0,
            "_thrs_random_uniform": 0.6029,
            "_thrs_reconstruct": 0.02782,
            "_thrs_obviousness": 0.0,
            "_thrs_weight": 0.5,
            "_thrs_complexity": 0.5,
            "_thrs_surprisingness": 0.5,
            "_thrs_intensity": 0.0,
            "_thrs_interestingness": 0.3,
            "_thrs_logistic_regression": 0.80004,
            "_thrs_random_forest": 0.965
        },
        {
            "number": 396,
            "expression": "\u22a2 ( ( ( \ud835\udf11 \u2192 \ud835\udf13 ) \u2192 \ud835\udf13 ) \u2192 ( \ud835\udf11 \u2228 \ud835\udf13 ) )",
            "prop_expression": " \u22a2 ( ( ( \ud835\udf11 \u2192 \ud835\udf13 ) \u2192 \ud835\udf13 ) \u2192 ( \ud835\udf11 \u2228 \ud835\udf13 ) )",
            "step": 3,
            "theorem": "pm2.68",
            "ground_truth": "pm2.68 \u22a2 ( ( ( \ud835\udf11 \u2192 \ud835\udf13 ) \u2192 \ud835\udf13 ) \u2192 ( \ud835\udf11 \u2228 \ud835\udf13 ) )",
            "ground_truth_display": false,
            "statement_depth": 0,
            "_thrs_random_uniform": 0.43419,
            "_thrs_reconstruct": 1.0,
            "_thrs_obviousness": 0.72248,
            "_thrs_weight": 0.5,
            "_thrs_complexity": 0.5,
            "_thrs_surprisingness": 0.5,
            "_thrs_intensity": 0.0,
            "_thrs_interestingness": 0.4445,
            "_thrs_logistic_regression": 0.78996,
            "_thrs_random_forest": 0.98
        }
    ],
    "is_train": false
}