{
    "theorem": "dford2",
    "hyps": [
        [
            1,
            2
        ],
        [
            1,
            3
        ],
        [
            3,
            4
        ],
        [
            4,
            5
        ],
        [
            4,
            6
        ],
        [
            4,
            8
        ],
        [
            6,
            7
        ],
        [
            8,
            9
        ],
        [
            9,
            10
        ],
        [
            9,
            11
        ],
        [
            9,
            12
        ]
    ],
    "expression": "( Ord A \u2194 ( Tr A \u2227 \u2200 x \u2208 A \u2200 y \u2208 A ( x \u2208 y \u2228 x = y \u2228 y \u2208 x ) ) )",
    "steps": [
        {
            "expression": "\u22a2 ( Ord A \u2194 ( Tr A \u2227 \u2200 x \u2208 A \u2200 y \u2208 A ( x \u2208 y \u2228 x = y \u2228 y \u2208 x ) ) )",
            "prop_expression": "( \ud835\udf11 \u2194 \ud835\udf13 ), ( \ud835\udf13 \u2194 \ud835\udf12 ) \u22a2 ( \ud835\udf11 \u2194 \ud835\udf12 )",
            "step": 1,
            "theorem": "bitri",
            "ground_truth": "bitri \u22a2 ( Ord A \u2194 ( Tr A \u2227 \u2200 x \u2208 A \u2200 y \u2208 A ( x \u2208 y \u2228 x = y \u2228 y \u2208 x ) ) )",
            "ground_truth_display": false,
            "statement_depth": 0,
            "_thrs_random_uniform": 0.8733073505167758,
            "_thrs_reconstruct": 7.054907885769879e-10,
            "_thrs_obviousness": 1.0,
            "_thrs_weight": 0.4642857142857143,
            "_thrs_complexity": 0.19999999999999996,
            "_thrs_surprisingness": 0.37869822485207105,
            "_thrs_intensity": 0.2567835002384358,
            "_thrs_interestingness": 0.45995348787524426,
            "_thrs_logistic_regression": 0.9871445965586491,
            "_thrs_random_forest": 0.92
        },
        {
            "expression": "\u22a2 ( Ord A \u2194 ( Tr A \u2227 _E We A ) )",
            "prop_expression": " \u22a2 ( Ord A \u2194 ( Tr A \u2227 _E We A ) )",
            "step": 2,
            "theorem": "df-ord",
            "ground_truth": "df-ord \u22a2 ( Ord A \u2194 ( Tr A \u2227 _E We A ) )",
            "ground_truth_display": false,
            "statement_depth": 0,
            "_thrs_random_uniform": 0.9459889794388746,
            "_thrs_reconstruct": 0.0,
            "_thrs_obviousness": 0.0,
            "_thrs_weight": 0.8571428571428572,
            "_thrs_complexity": 0.4,
            "_thrs_surprisingness": 0.9349112426035502,
            "_thrs_intensity": 0.13741058655221747,
            "_thrs_interestingness": 0.46589293725972497,
            "_thrs_logistic_regression": 0.9158784711114707,
            "_thrs_random_forest": 0.795
        },
        {
            "expression": "\u22a2 ( ( Tr A \u2227 _E We A ) \u2194 ( Tr A \u2227 \u2200 x \u2208 A \u2200 y \u2208 A ( x \u2208 y \u2228 x = y \u2228 y \u2208 x ) ) )",
            "prop_expression": "( \ud835\udf11 \u2194 \ud835\udf13 ) \u22a2 ( ( \ud835\udf12 \u2227 \ud835\udf11 ) \u2194 ( \ud835\udf12 \u2227 \ud835\udf13 ) )",
            "step": 3,
            "theorem": "anbi2i",
            "ground_truth": "anbi2i \u22a2 ( ( Tr A \u2227 _E We A ) \u2194 ( Tr A \u2227 \u2200 x \u2208 A \u2200 y \u2208 A ( x \u2208 y \u2228 x = y \u2228 y \u2208 x ) ) )",
            "ground_truth_display": false,
            "statement_depth": 0,
            "_thrs_random_uniform": 0.4595637931596931,
            "_thrs_reconstruct": 3.4588650671746176e-08,
            "_thrs_obviousness": 0.9999999997997331,
            "_thrs_weight": 0.3571428571428571,
            "_thrs_complexity": 0.0,
            "_thrs_surprisingness": 0.9319526627218935,
            "_thrs_intensity": 0.19814417421713562,
            "_thrs_interestingness": 0.4974479387763238,
            "_thrs_logistic_regression": 0.9850702370098818,
            "_thrs_random_forest": 0.94
        },
        {
            "expression": "\u22a2 ( _E We A \u2194 \u2200 x \u2208 A \u2200 y \u2208 A ( x \u2208 y \u2228 x = y \u2228 y \u2208 x ) )",
            "prop_expression": "( \ud835\udf11 \u2194 \ud835\udf13 ), ( \ud835\udf12 \u2194 \ud835\udf13 ), ( \ud835\udf12 \u2194 \ud835\udf03 ) \u22a2 ( \ud835\udf11 \u2194 \ud835\udf03 )",
            "step": 4,
            "theorem": "3bitr2i",
            "ground_truth": "3bitr2i \u22a2 ( _E We A \u2194 \u2200 x \u2208 A \u2200 y \u2208 A ( x \u2208 y \u2228 x = y \u2228 y \u2208 x ) )",
            "ground_truth_display": false,
            "statement_depth": 0,
            "_thrs_random_uniform": 0.7758022775757254,
            "_thrs_reconstruct": 1.6849541565897277e-09,
            "_thrs_obviousness": 0.9999999899836003,
            "_thrs_weight": 0.5,
            "_thrs_complexity": 0.19999999999999996,
            "_thrs_surprisingness": 0.5828402366863905,
            "_thrs_intensity": 1.0,
            "_thrs_interestingness": 0.6565680453339982,
            "_thrs_logistic_regression": 0.9996992003985677,
            "_thrs_random_forest": 0.915
        },
        {
            "expression": "\u22a2 ( _E We A \u2194 ( _E Fr A \u2227 \u2200 x \u2208 A \u2200 y \u2208 A ( x _E y \u2228 x = y \u2228 y _E x ) ) )",
            "prop_expression": " \u22a2 ( R We A \u2194 ( R Fr A \u2227 \u2200 x \u2208 A \u2200 y \u2208 A ( x R y \u2228 x = y \u2228 y R x ) ) )",
            "step": 5,
            "theorem": "dfwe2",
            "ground_truth": "dfwe2 \u22a2 ( _E We A \u2194 ( _E Fr A \u2227 \u2200 x \u2208 A \u2200 y \u2208 A ( x _E y \u2228 x = y \u2228 y _E x ) ) )",
            "ground_truth_display": false,
            "statement_depth": 0,
            "_thrs_random_uniform": 0.48669115243817274,
            "_thrs_reconstruct": 0.5310390416329863,
            "_thrs_obviousness": 0.1507065433658599,
            "_thrs_weight": 0.3928571428571429,
            "_thrs_complexity": 0.0,
            "_thrs_surprisingness": 1.0,
            "_thrs_intensity": 0.04128397711015736,
            "_thrs_interestingness": 0.316969532666632,
            "_thrs_logistic_regression": 0.9663522352485743,
            "_thrs_random_forest": 0.905
        },
        {
            "expression": "\u22a2 ( \u2200 x \u2208 A \u2200 y \u2208 A ( x _E y \u2228 x = y \u2228 y _E x ) \u2194 ( _E Fr A \u2227 \u2200 x \u2208 A \u2200 y \u2208 A ( x _E y \u2228 x = y \u2228 y _E x ) ) )",
            "prop_expression": "\ud835\udf11 \u22a2 ( \ud835\udf13 \u2194 ( \ud835\udf11 \u2227 \ud835\udf13 ) )",
            "step": 6,
            "theorem": "biantrur",
            "ground_truth": "biantrur \u22a2 ( \u2200 x \u2208 A \u2200 y \u2208 A ( x _E y \u2228 x = y \u2228 y _E x ) \u2194 ( _E Fr A \u2227 \u2200 x \u2208 A \u2200 y \u2208 A ( x _E y \u2228 x = y \u2228 y _E x ) ) )",
            "ground_truth_display": false,
            "statement_depth": 0,
            "_thrs_random_uniform": 0.7168596960344623,
            "_thrs_reconstruct": 4.2385974103055264e-10,
            "_thrs_obviousness": 0.28379559997381315,
            "_thrs_weight": 0.0,
            "_thrs_complexity": 0.19999999999999996,
            "_thrs_surprisingness": 0.5828402366863905,
            "_thrs_intensity": 0.0,
            "_thrs_interestingness": 0.2133271673320407,
            "_thrs_logistic_regression": 0.9086721278329701,
            "_thrs_random_forest": 0.75
        },
        {
            "expression": "\u22a2 _E Fr A",
            "prop_expression": " \u22a2 _E Fr A",
            "step": 7,
            "theorem": "zfregfr",
            "ground_truth": "zfregfr \u22a2 _E Fr A",
            "ground_truth_display": false,
            "statement_depth": 0,
            "_thrs_random_uniform": 0.08301571912750838,
            "_thrs_reconstruct": 1.0,
            "_thrs_obviousness": 0.2837955998534977,
            "_thrs_weight": 1.0,
            "_thrs_complexity": 0.8,
            "_thrs_surprisingness": 0.2366863905325444,