{
    "theorem": "dfss2f",
    "hyps": [
        [
            1,
            2
        ],
        [
            1,
            3
        ],
        [
            3,
            4
        ],
        [
            3,
            9
        ],
        [
            3,
            10
        ],
        [
            4,
            5
        ],
        [
            4,
            7
        ],
        [
            5,
            6
        ],
        [
            7,
            8
        ],
        [
            10,
            11
        ],
        [
            10,
            12
        ]
    ],
    "expression": "( A \u2286 B \u2194 \u2200 x ( x \u2208 A \u2192 x \u2208 B ) )",
    "steps": [
        {
            "expression": "\u22a2 ( A \u2286 B \u2194 \u2200 x ( x \u2208 A \u2192 x \u2208 B ) )",
            "prop_expression": "( \ud835\udf11 \u2194 \ud835\udf13 ), ( \ud835\udf13 \u2194 \ud835\udf12 ) \u22a2 ( \ud835\udf11 \u2194 \ud835\udf12 )",
            "step": 1,
            "theorem": "bitri",
            "ground_truth": "bitri \u22a2 ( A \u2286 B \u2194 \u2200 x ( x \u2208 A \u2192 x \u2208 B ) )",
            "ground_truth_display": false,
            "statement_depth": 0,
            "_thrs_random_uniform": 0.6292629353197519,
            "_thrs_reconstruct": 9.617485853051799e-06,
            "_thrs_obviousness": 1.0,
            "_thrs_weight": 0.5714285714285714,
            "_thrs_complexity": 0.0,
            "_thrs_surprisingness": 1.0,
            "_thrs_intensity": 0.6533333333333333,
            "_thrs_interestingness": 0.6449523809523809,
            "_thrs_logistic_regression": 0.9988393494291969,
            "_thrs_random_forest": 1.0
        },
        {
            "expression": "\u22a2 ( A \u2286 B \u2194 \u2200 z ( z \u2208 A \u2192 z \u2208 B ) )",
            "prop_expression": " \u22a2 ( A \u2286 B \u2194 \u2200 x ( x \u2208 A \u2192 x \u2208 B ) )",
            "step": 2,
            "theorem": "dfss2",
            "ground_truth": "dfss2 \u22a2 ( A \u2286 B \u2194 \u2200 z ( z \u2208 A \u2192 z \u2208 B ) )",
            "ground_truth_display": false,
            "statement_depth": 0,
            "_thrs_random_uniform": 0.2785153061571902,
            "_thrs_reconstruct": 0.013356985090051952,
            "_thrs_obviousness": 0.006622052338266703,
            "_thrs_weight": 0.5714285714285714,
            "_thrs_complexity": 0.0,
            "_thrs_surprisingness": 1.0,
            "_thrs_intensity": 0.046666666666666676,
            "_thrs_interestingness": 0.32494345808670094,
            "_thrs_logistic_regression": 0.9725957078615134,
            "_thrs_random_forest": 0.97
        },
        {
            "expression": "\u22a2 ( \u2200 z ( z \u2208 A \u2192 z \u2208 B ) \u2194 \u2200 x ( x \u2208 A \u2192 x \u2208 B ) )",
            "prop_expression": "( \ud835\udf11 \u2192 \u2200 y \ud835\udf11 ), ( \ud835\udf13 \u2192 \u2200 x \ud835\udf13 ), ( x = y \u2192 ( \ud835\udf11 \u2194 \ud835\udf13 ) ) \u22a2 ( \u2200 x \ud835\udf11 \u2194 \u2200 y \ud835\udf13 )",
            "step": 3,
            "theorem": "cbval",
            "ground_truth": "cbval \u22a2 ( \u2200 z ( z \u2208 A \u2192 z \u2208 B ) \u2194 \u2200 x ( x \u2208 A \u2192 x \u2208 B ) )",
            "ground_truth_display": false,
            "statement_depth": 0,
            "_thrs_random_uniform": 0.8974007844173209,
            "_thrs_reconstruct": 0.00029610620698256143,
            "_thrs_obviousness": 0.9933731783252983,
            "_thrs_weight": 0.0,
            "_thrs_complexity": 0.0,
            "_thrs_surprisingness": 0.3,
            "_thrs_intensity": 1.0,
            "_thrs_interestingness": 0.45867463566505967,
            "_thrs_logistic_regression": 0.9998804678387698,
            "_thrs_random_forest": 0.955
        },
        {
            "expression": "\u22a2 ( ( z \u2208 A \u2192 z \u2208 B ) \u2192 \u2200 x ( z \u2208 A \u2192 z \u2208 B ) )",
            "prop_expression": "( \ud835\udf11 \u2192 \u2200 x \ud835\udf11 ), ( \ud835\udf13 \u2192 \u2200 x \ud835\udf13 ) \u22a2 ( ( \ud835\udf11 \u2192 \ud835\udf13 ) \u2192 \u2200 x ( \ud835\udf11 \u2192 \ud835\udf13 ) )",
            "step": 4,
            "theorem": "hbim",
            "ground_truth": "hbim \u22a2 ( ( z \u2208 A \u2192 z \u2208 B ) \u2192 \u2200 x ( z \u2208 A \u2192 z \u2208 B ) )",
            "ground_truth_display": false,
            "statement_depth": 0,
            "_thrs_random_uniform": 0.7837526139193107,
            "_thrs_reconstruct": 9.197388900566466e-07,
            "_thrs_obviousness": 0.9915494185793765,
            "_thrs_weight": 0.1428571428571429,
            "_thrs_complexity": 0.0,
            "_thrs_surprisingness": 0.3,
            "_thrs_intensity": 0.27999999999999997,
            "_thrs_interestingness": 0.3428813122873039,
            "_thrs_logistic_regression": 0.994950110996263,
            "_thrs_random_forest": 0.615
        },
        {
            "expression": "\u22a2 ( z \u2208 A \u2192 \u2200 x z \u2208 A )",
            "prop_expression": "( y \u2208 A \u2192 \u2200 x y \u2208 A ) \u22a2 ( z \u2208 A \u2192 \u2200 x z \u2208 A )",
            "step": 5,
            "theorem": "hblem",
            "ground_truth": "hblem \u22a2 ( z \u2208 A \u2192 \u2200 x z \u2208 A )",
            "ground_truth_display": false,
            "statement_depth": 0,
            "_thrs_random_uniform": 0.3451139115953752,
            "_thrs_reconstruct": 1.0,
            "_thrs_obviousness": 0.4957744806819599,
            "_thrs_weight": 1.0,
            "_thrs_complexity": 1.0,
            "_thrs_surprisingness": 0.0,
            "_thrs_intensity": 0.24888888888888888,
            "_thrs_interestingness": 0.5489326739141698,
            "_thrs_logistic_regression": 0.7859167862211152,
            "_thrs_random_forest": 0.73
        },
        {
            "expression": "\u22a2 ( y \u2208 A \u2192 \u2200 x y \u2208 A )",
            "prop_expression": " \u22a2 ( y \u2208 A \u2192 \u2200 x y \u2208 A )",
            "step": 6,
            "theorem": "dfss2f.1",
            "ground_truth": "dfss2f.1 \u22a2 ( y \u2208 A \u2192 \u2200 x y \u2208 A )",
            "ground_truth_display": false,
            "statement_depth": 0,
            "_thrs_random_uniform": 0.22472725454582598,
            "_thrs_reconstruct": 0.0,
            "_thrs_obviousness": 0.0,
            "_thrs_weight": 1.0,
            "_thrs_complexity": 1.0,
            "_thrs_surprisingness": 0.0,
            "_thrs_intensity": 0.07555555555555556,
            "_thrs_interestingness": 0.4151111111111111,
            "_thrs_logistic_regression": 0.6005297763936523,
            "_thrs_random_forest": 0.975
        },
        {
            "expression": "\u22a2 ( z \u2208 B \u2192 \u2200 x z \u2208 B )",
            "prop_expression": "( y \u2208 A \u2192 \u2200 x y \u2208 A ) \u22a2 ( z \u2208 A \u2192 \u2200 x z \u2208 A )",
            "step": 7,
            "theorem": "hblem",
            "ground_truth": "hblem \u22a2 ( z \u2208 B \u2192 \u2200 x z \u2208 B )",
            "ground_truth_display": false,
            "statement_depth": 0,
            "_thrs_random_uniform": 0.8419618704040729,
            "_thrs_reconstruct": 1.0,
            "_thrs_obviousness": 0.4957744806819599,
            "_thrs_weight": 1.0,
            "_thrs_complexity": 1.0,
            "_thrs_surprisingness": 0.0,
            "_thrs_intensity": 0.24888888888888888,
            "_thrs_interestingness": 0.5489326739141698,
            "_thrs_logistic_regression": 0.7859167862211152,
            "_thrs_random_forest": 0.73
        },
        {
            "expression": "\u22a2 ( y \u2208 B \u2192 \u2200 x y \u2208 B )",
            "prop_expression": " \u22a2 ( y \u2208 B \u2192 \u2200 x y \u2208 B )",
            "step": 8,
            "theorem": "dfss2f.2",
            "ground_truth": "dfss2f.2 \u22a2 ( y \u2208 B \u2192 \u2200 x y \u2208 B )",
            "ground_truth_display": false,