{
    "theorem": "disj1",
    "hyps": [
        [
            1,
            2
        ],
        [
            1,
            3
        ]
    ],
    "expression": "( ( A \u2229 B ) = \u2205 \u2194 \u2200 x ( x \u2208 A \u2192 \u00ac x \u2208 B ) )",
    "steps": [
        {
            "number": 3114,
            "expression": "\u22a2 ( ( A \u2229 B ) = \u2205 \u2194 \u2200 x ( x \u2208 A \u2192 \u00ac x \u2208 B ) )",
            "prop_expression": "( \ud835\udf11 \u2194 \ud835\udf13 ), ( \ud835\udf13 \u2194 \ud835\udf12 ) \u22a2 ( \ud835\udf11 \u2194 \ud835\udf12 )",
            "step": 1,
            "theorem": "bitri",
            "ground_truth": "bitri \u22a2 ( ( A \u2229 B ) = \u2205 \u2194 \u2200 x ( x \u2208 A \u2192 \u00ac x \u2208 B ) )",
            "ground_truth_display": false,
            "statement_depth": 0,
            "_thrs_random_uniform": 0.47967,
            "_thrs_reconstruct": 0.0,
            "_thrs_obviousness": 1.0,
            "_thrs_weight": 0.66667,
            "_thrs_complexity": 0.0,
            "_thrs_surprisingness": 1.0,
            "_thrs_intensity": 1.0,
            "_thrs_interestingness": 0.73333,
            "_thrs_logistic_regression": 0.99984,
            "_thrs_random_forest": 0.885
        },
        {
            "number": 3114,
            "expression": "\u22a2 ( ( A \u2229 B ) = \u2205 \u2194 \u2200 x \u2208 A \u00ac x \u2208 B )",
            "prop_expression": " \u22a2 ( ( A \u2229 B ) = \u2205 \u2194 \u2200 x \u2208 A \u00ac x \u2208 B )",
            "step": 2,
            "theorem": "disj",
            "ground_truth": "disj \u22a2 ( ( A \u2229 B ) = \u2205 \u2194 \u2200 x \u2208 A \u00ac x \u2208 B )",
            "ground_truth_display": false,
            "statement_depth": 0,
            "_thrs_random_uniform": 0.72031,
            "_thrs_reconstruct": 1.0,
            "_thrs_obviousness": 1.0,
            "_thrs_weight": 1.0,
            "_thrs_complexity": 0.0,
            "_thrs_surprisingness": 1.0,
            "_thrs_intensity": 0.16392,
            "_thrs_interestingness": 0.63278,
            "_thrs_logistic_regression": 0.98929,
            "_thrs_random_forest": 0.965
        },
        {
            "number": 3114,
            "expression": "\u22a2 ( \u2200 x \u2208 A \u00ac x \u2208 B \u2194 \u2200 x ( x \u2208 A \u2192 \u00ac x \u2208 B ) )",
            "prop_expression": " \u22a2 ( \u2200 x \u2208 A \ud835\udf11 \u2194 \u2200 x ( x \u2208 A \u2192 \ud835\udf11 ) )",
            "step": 3,
            "theorem": "df-ral",
            "ground_truth": "df-ral \u22a2 ( \u2200 x \u2208 A \u00ac x \u2208 B \u2194 \u2200 x ( x \u2208 A \u2192 \u00ac x \u2208 B ) )",
            "ground_truth_display": false,
            "statement_depth": 0,
            "_thrs_random_uniform": 0.88101,
            "_thrs_reconstruct": 0.0,
            "_thrs_obviousness": 0.0,
            "_thrs_weight": 0.0,
            "_thrs_complexity": 1.0,
            "_thrs_surprisingness": 0.0,
            "_thrs_intensity": 0.0,
            "_thrs_interestingness": 0.2,
            "_thrs_logistic_regression": 0.27813,
            "_thrs_random_forest": 0.915
        }
    ],
    "is_train": false
}