{
    "theorem": "divmul2",
    "hyps": [
        [
            1,
            2
        ],
        [
            1,
            3
        ]
    ],
    "expression": "( ( A \u2208 \u2102 \u2227 B \u2208 \u2102 \u2227 ( C \u2208 \u2102 \u2227 C \u2260 0 ) ) \u2192 ( ( A / C ) = B \u2194 A = ( C \u00b7 B ) ) )",
    "steps": [
        {
            "number": 8640,
            "expression": "\u22a2 ( ( A \u2208 \u2102 \u2227 B \u2208 \u2102 \u2227 ( C \u2208 \u2102 \u2227 C \u2260 0 ) ) \u2192 ( ( A / C ) = B \u2194 A = ( C \u00b7 B ) ) )",
            "prop_expression": "( \ud835\udf11 \u2192 ( \ud835\udf13 \u2194 \ud835\udf12 ) ), ( \ud835\udf12 \u2194 \ud835\udf03 ) \u22a2 ( \ud835\udf11 \u2192 ( \ud835\udf13 \u2194 \ud835\udf03 ) )",
            "step": 1,
            "theorem": "syl6bb",
            "ground_truth": "syl6bb \u22a2 ( ( A \u2208 \u2102 \u2227 B \u2208 \u2102 \u2227 ( C \u2208 \u2102 \u2227 C \u2260 0 ) ) \u2192 ( ( A / C ) = B \u2194 A = ( C \u00b7 B ) ) )",
            "ground_truth_display": false,
            "statement_depth": 0,
            "_thrs_random_uniform": 0.20538,
            "_thrs_reconstruct": 0.0,
            "_thrs_obviousness": 1.0,
            "_thrs_weight": 0.0,
            "_thrs_complexity": 0.0,
            "_thrs_surprisingness": 1.0,
            "_thrs_intensity": 1.0,
            "_thrs_interestingness": 0.6,
            "_thrs_logistic_regression": 0.99969,
            "_thrs_random_forest": 0.795
        },
        {
            "number": 8640,
            "expression": "\u22a2 ( ( A \u2208 \u2102 \u2227 B \u2208 \u2102 \u2227 ( C \u2208 \u2102 \u2227 C \u2260 0 ) ) \u2192 ( ( A / C ) = B \u2194 ( C \u00b7 B ) = A ) )",
            "prop_expression": " \u22a2 ( ( A \u2208 \u2102 \u2227 B \u2208 \u2102 \u2227 ( C \u2208 \u2102 \u2227 C \u2260 0 ) ) \u2192 ( ( A / C ) = B \u2194 ( C \u00b7 B ) = A ) )",
            "step": 2,
            "theorem": "divmul",
            "ground_truth": "divmul \u22a2 ( ( A \u2208 \u2102 \u2227 B \u2208 \u2102 \u2227 ( C \u2208 \u2102 \u2227 C \u2260 0 ) ) \u2192 ( ( A / C ) = B \u2194 ( C \u00b7 B ) = A ) )",
            "ground_truth_display": false,
            "statement_depth": 0,
            "_thrs_random_uniform": 0.08773,
            "_thrs_reconstruct": 1.0,
            "_thrs_obviousness": 1.0,
            "_thrs_weight": 0.0,
            "_thrs_complexity": 0.0,
            "_thrs_surprisingness": 1.0,
            "_thrs_intensity": 0.0,
            "_thrs_interestingness": 0.4,
            "_thrs_logistic_regression": 0.93628,
            "_thrs_random_forest": 0.84
        },
        {
            "number": 8640,
            "expression": "\u22a2 ( ( C \u00b7 B ) = A \u2194 A = ( C \u00b7 B ) )",
            "prop_expression": " \u22a2 ( A = B \u2194 B = A )",
            "step": 3,
            "theorem": "eqcom",
            "ground_truth": "eqcom \u22a2 ( ( C \u00b7 B ) = A \u2194 A = ( C \u00b7 B ) )",
            "ground_truth_display": false,
            "statement_depth": 0,
            "_thrs_random_uniform": 0.28047,
            "_thrs_reconstruct": 0.0,
            "_thrs_obviousness": 0.0,
            "_thrs_weight": 1.0,
            "_thrs_complexity": 1.0,
            "_thrs_surprisingness": 0.0,
            "_thrs_intensity": 0.10526,
            "_thrs_interestingness": 0.42105,
            "_thrs_logistic_regression": 0.63829,
            "_thrs_random_forest": 0.72
        }
    ],
    "is_train": false
}