{
    "theorem": "dmi",
    "hyps": [
        [
            1,
            2
        ],
        [
            1,
            3
        ],
        [
            3,
            4
        ],
        [
            3,
            11
        ],
        [
            4,
            5
        ],
        [
            4,
            6
        ],
        [
            6,
            7
        ],
        [
            7,
            8
        ],
        [
            7,
            10
        ],
        [
            8,
            9
        ],
        [
            11,
            12
        ]
    ],
    "expression": "dom _I = V",
    "steps": [
        {
            "expression": "\u22a2 dom _I = V",
            "prop_expression": "( \ud835\udf11 \u2194 \u2200 x \ud835\udf13 ), \ud835\udf13 \u22a2 \ud835\udf11",
            "step": 1,
            "theorem": "mpgbir",
            "ground_truth": "mpgbir \u22a2 dom _I = V",
            "ground_truth_display": false,
            "statement_depth": 0,
            "_thrs_random_uniform": 0.4762485777093429,
            "_thrs_reconstruct": 4.7566605657399916e-14,
            "_thrs_obviousness": 1.0,
            "_thrs_weight": 1.0,
            "_thrs_complexity": 0.6666666666666667,
            "_thrs_surprisingness": 0.5,
            "_thrs_intensity": 0.9499999999999997,
            "_thrs_interestingness": 0.8233333333333335,
            "_thrs_logistic_regression": 0.9976636119790435,
            "_thrs_random_forest": 0.98
        },
        {
            "expression": "\u22a2 ( dom _I = V \u2194 \u2200 x x \u2208 dom _I )",
            "prop_expression": " \u22a2 ( A = V \u2194 \u2200 x x \u2208 A )",
            "step": 2,
            "theorem": "eqv",
            "ground_truth": "eqv \u22a2 ( dom _I = V \u2194 \u2200 x x \u2208 dom _I )",
            "ground_truth_display": false,
            "statement_depth": 0,
            "_thrs_random_uniform": 0.7583780194099863,
            "_thrs_reconstruct": 4.6374253553385875e-08,
            "_thrs_obviousness": 4.57360931575313e-08,
            "_thrs_weight": 0.0,
            "_thrs_complexity": 0.0,
            "_thrs_surprisingness": 1.0,
            "_thrs_intensity": 0.062499999999999986,
            "_thrs_interestingness": 0.21250000914721862,
            "_thrs_logistic_regression": 0.9573145123816746,
            "_thrs_random_forest": 0.925
        },
        {
            "expression": "\u22a2 x \u2208 dom _I",
            "prop_expression": "\ud835\udf13, ( \ud835\udf11 \u2194 \ud835\udf13 ) \u22a2 \ud835\udf11",
            "step": 3,
            "theorem": "mpbir",
            "ground_truth": "mpbir \u22a2 x \u2208 dom _I",
            "ground_truth_display": false,
            "statement_depth": 0,
            "_thrs_random_uniform": 0.9804853068994237,
            "_thrs_reconstruct": 0.0,
            "_thrs_obviousness": 0.9999999539531139,
            "_thrs_weight": 0.8,
            "_thrs_complexity": 0.33333333333333337,
            "_thrs_surprisingness": 0.5,
            "_thrs_intensity": 0.9499999999999997,
            "_thrs_interestingness": 0.7166666574572894,
            "_thrs_logistic_regression": 0.9994792963443603,
            "_thrs_random_forest": 0.975
        },
        {
            "expression": "\u22a2 \u2203 y x _I y",
            "prop_expression": "\ud835\udf13, ( \ud835\udf11 \u2194 \ud835\udf13 ) \u22a2 \ud835\udf11",
            "step": 4,
            "theorem": "mpbir",
            "ground_truth": "mpbir \u22a2 \u2203 y x _I y",
            "ground_truth_display": false,
            "statement_depth": 0,
            "_thrs_random_uniform": 0.9173344201712296,
            "_thrs_reconstruct": 0.0,
            "_thrs_obviousness": 0.9862410150036873,
            "_thrs_weight": 0.8,
            "_thrs_complexity": 0.6666666666666667,
            "_thrs_surprisingness": 0.0,
            "_thrs_intensity": 1.0,
            "_thrs_interestingness": 0.6905815363340708,
            "_thrs_logistic_regression": 0.9989031897040398,
            "_thrs_random_forest": 0.97
        },
        {
            "expression": "\u22a2 \u2203 y y = x",
            "prop_expression": " \u22a2 \u2203 x x = y",
            "step": 5,
            "theorem": "a9e",
            "ground_truth": "a9e \u22a2 \u2203 y y = x",
            "ground_truth_display": false,
            "statement_depth": 0,
            "_thrs_random_uniform": 0.1237512983660477,
            "_thrs_reconstruct": 9.513321131479983e-14,
            "_thrs_obviousness": 0.0,
            "_thrs_weight": 1.0,
            "_thrs_complexity": 1.0,
            "_thrs_surprisingness": 0.0,
            "_thrs_intensity": 0.0833333333333333,
            "_thrs_interestingness": 0.4166666666666667,
            "_thrs_logistic_regression": 0.6105534794416692,
            "_thrs_random_forest": 0.695
        },
        {
            "expression": "\u22a2 ( \u2203 y x _I y \u2194 \u2203 y y = x )",
            "prop_expression": "( \ud835\udf11 \u2194 \ud835\udf13 ) \u22a2 ( \u2203 x \ud835\udf11 \u2194 \u2203 x \ud835\udf13 )",
            "step": 6,
            "theorem": "exbii",
            "ground_truth": "exbii \u22a2 ( \u2203 y x _I y \u2194 \u2203 y y = x )",
            "ground_truth_display": false,
            "statement_depth": 0,
            "_thrs_random_uniform": 0.09327750636275234,
            "_thrs_reconstruct": 1.978399775823709e-08,
            "_thrs_obviousness": 0.9862410146929413,
            "_thrs_weight": 0.19999999999999996,
            "_thrs_complexity": 0.6666666666666667,
            "_thrs_surprisingness": 0.0,
            "_thrs_intensity": 0.10714285714285712,
            "_thrs_interestingness": 0.39201010770049305,
            "_thrs_logistic_regression": 0.8060340662793912,
            "_thrs_random_forest": 0.5475
        },
        {
            "expression": "\u22a2 ( x _I y \u2194 y = x )",
            "prop_expression": "( \ud835\udf11 \u2194 \ud835\udf13 ), ( \ud835\udf13 \u2194 \ud835\udf12 ) \u22a2 ( \ud835\udf11 \u2194 \ud835\udf12 )",
            "step": 7,
            "theorem": "bitri",
            "ground_truth": "bitri \u22a2 ( x _I y \u2194 y = x )",
            "ground_truth_display": false,
            "statement_depth": 0,
            "_thrs_random_uniform": 0.9436655671975894,
            "_thrs_reconstruct": 2.1062492985096685e-10,
            "_thrs_obviousness": 0.9862409950258268,
            "_thrs_weight": 0.6,
            "_thrs_complexity": 0.6666666666666667,
            "_thrs_surprisingness": 0.0,
            "_thrs_intensity": 0.6499999999999998,
            "_thrs_interestingness": 0.5805815323384986,
            "_thrs_logistic_regression": 0.9912941704671124,
            "_thrs_random_forest": 0.79
        },
        {
            "expression": "\u22a2 ( x _I y \u2194 x = y )",
            "prop_expression": "B \u2208 V \u22a2 ( A _I B \u2194 A = B )",
            "step": 8,
            "theorem": "ideq",
            "ground_truth": "ideq \u22a2 ( x _I y \u2194 x = y )",
            "ground_truth_display": false,
            "statement_depth": 0,
            "_thrs_random_uniform": 0.012484978590309281,
            "_thrs_reconstruct": 1.0,
            "_thrs_obviousness": 0.9862409732177834,
            "_thrs_weight": 0.6,
            "_thrs_complexity": 0.6666666666666667,
            "_thrs_surprisingness": 0.0,
            "_thrs_intensity": 0.049999999999999975,
            "_thrs_interestingness": 0.46058152797688995,
            "_thrs_logistic_regression": 0.8172185301095815,
            "_thrs_random_forest": 0.755
        },
        {
            "expression": "\u22a2 y \u2208 V",
            "prop_expression": " \u22a2 x \u2208 V",
            "step": 9,
            "theorem": "vex",
            "ground_truth": "vex \u22a2 y \u2208 V",
            "ground_truth_display": false,
            "statement_depth": 0,
            "_thrs_random_uniform": 0.4326906783271304,