{
    "theorem": "dmtpop",
    "hyps": [
        [
            1,
            2
        ],
        [
            1,
            12
        ],
        [
            2,
            3
        ],
        [
            2,
            5
        ],
        [
            2,
            6
        ],
        [
            3,
            4
        ],
        [
            6,
            7
        ],
        [
            6,
            10
        ],
        [
            7,
            8
        ],
        [
            7,
            9
        ],
        [
            10,
            11
        ]
    ],
    "expression": "dom { \u27e8 A , B \u27e9 , \u27e8 C , D \u27e9 , \u27e8 E , F \u27e9 } = { A , C , E }",
    "steps": [
        {
            "expression": "\u22a2 dom { \u27e8 A , B \u27e9 , \u27e8 C , D \u27e9 , \u27e8 E , F \u27e9 } = { A , C , E }",
            "prop_expression": "A = B, C = B \u22a2 A = C",
            "step": 1,
            "theorem": "eqtr4i",
            "ground_truth": "eqtr4i \u22a2 dom { \u27e8 A , B \u27e9 , \u27e8 C , D \u27e9 , \u27e8 E , F \u27e9 } = { A , C , E }",
            "ground_truth_display": false,
            "statement_depth": 0,
            "_thrs_random_uniform": 0.2044157389871788,
            "_thrs_reconstruct": 9.407229904423759e-08,
            "_thrs_obviousness": 1.0,
            "_thrs_weight": 0.5,
            "_thrs_complexity": 0.19999999999999996,
            "_thrs_surprisingness": 0.8219178082191783,
            "_thrs_intensity": 0.3050590841949779,
            "_thrs_interestingness": 0.5653953784828312,
            "_thrs_logistic_regression": 0.9826263118216546,
            "_thrs_random_forest": 0.99
        },
        {
            "expression": "\u22a2 dom { \u27e8 A , B \u27e9 , \u27e8 C , D \u27e9 , \u27e8 E , F \u27e9 } = ( { A , C } \u222a { E } )",
            "prop_expression": "A = B, B = C, C = D \u22a2 A = D",
            "step": 2,
            "theorem": "3eqtri",
            "ground_truth": "3eqtri \u22a2 dom { \u27e8 A , B \u27e9 , \u27e8 C , D \u27e9 , \u27e8 E , F \u27e9 } = ( { A , C } \u222a { E } )",
            "ground_truth_display": false,
            "statement_depth": 0,
            "_thrs_random_uniform": 0.6368504586594546,
            "_thrs_reconstruct": 1.7535676770817812e-07,
            "_thrs_obviousness": 0.999999942719301,
            "_thrs_weight": 0.4285714285714286,
            "_thrs_complexity": 0.0,
            "_thrs_surprisingness": 1.0,
            "_thrs_intensity": 1.0,
            "_thrs_interestingness": 0.6857142742581459,
            "_thrs_logistic_regression": 0.9997949116068262,
            "_thrs_random_forest": 0.975
        },
        {
            "expression": "\u22a2 dom { \u27e8 A , B \u27e9 , \u27e8 C , D \u27e9 , \u27e8 E , F \u27e9 } = dom ( { \u27e8 A , B \u27e9 , \u27e8 C , D \u27e9 } \u222a { \u27e8 E , F \u27e9 } )",
            "prop_expression": "A = B \u22a2 dom A = dom B",
            "step": 3,
            "theorem": "dmeqi",
            "ground_truth": "dmeqi \u22a2 dom { \u27e8 A , B \u27e9 , \u27e8 C , D \u27e9 , \u27e8 E , F \u27e9 } = dom ( { \u27e8 A , B \u27e9 , \u27e8 C , D \u27e9 } \u222a { \u27e8 E , F \u27e9 } )",
            "ground_truth_display": false,
            "statement_depth": 0,
            "_thrs_random_uniform": 0.42897768322722274,
            "_thrs_reconstruct": 0.2649048072951744,
            "_thrs_obviousness": 0.1612999771380285,
            "_thrs_weight": 0.1428571428571429,
            "_thrs_complexity": 0.0,
            "_thrs_surprisingness": 1.0,
            "_thrs_intensity": 0.14360272912710137,
            "_thrs_interestingness": 0.2895519698244545,
            "_thrs_logistic_regression": 0.9751641707726559,
            "_thrs_random_forest": 0.86
        },
        {
            "expression": "\u22a2 { \u27e8 A , B \u27e9 , \u27e8 C , D \u27e9 , \u27e8 E , F \u27e9 } = ( { \u27e8 A , B \u27e9 , \u27e8 C , D \u27e9 } \u222a { \u27e8 E , F \u27e9 } )",
            "prop_expression": " \u22a2 { A , B , C } = ( { A , B } \u222a { C } )",
            "step": 4,
            "theorem": "df-tp",
            "ground_truth": "df-tp \u22a2 { \u27e8 A , B \u27e9 , \u27e8 C , D \u27e9 , \u27e8 E , F \u27e9 } = ( { \u27e8 A , B \u27e9 , \u27e8 C , D \u27e9 } \u222a { \u27e8 E , F \u27e9 } )",
            "ground_truth_display": false,
            "statement_depth": 0,
            "_thrs_random_uniform": 0.9292029064755069,
            "_thrs_reconstruct": 0.0,
            "_thrs_obviousness": 0.0,
            "_thrs_weight": 0.2857142857142857,
            "_thrs_complexity": 0.19999999999999996,
            "_thrs_surprisingness": 0.6164383561643837,
            "_thrs_intensity": 0.018747869560277238,
            "_thrs_interestingness": 0.2241801022877893,
            "_thrs_logistic_regression": 0.9340089893120525,
            "_thrs_random_forest": 0.705
        },
        {
            "expression": "\u22a2 dom ( { \u27e8 A , B \u27e9 , \u27e8 C , D \u27e9 } \u222a { \u27e8 E , F \u27e9 } ) = ( dom { \u27e8 A , B \u27e9 , \u27e8 C , D \u27e9 } \u222a dom { \u27e8 E , F \u27e9 } )",
            "prop_expression": " \u22a2 dom ( A \u222a B ) = ( dom A \u222a dom B )",
            "step": 5,
            "theorem": "dmun",
            "ground_truth": "dmun \u22a2 dom ( { \u27e8 A , B \u27e9 , \u27e8 C , D \u27e9 } \u222a { \u27e8 E , F \u27e9 } ) = ( dom { \u27e8 A , B \u27e9 , \u27e8 C , D \u27e9 } \u222a dom { \u27e8 E , F \u27e9 } )",
            "ground_truth_display": false,
            "statement_depth": 0,
            "_thrs_random_uniform": 0.2408048823434984,
            "_thrs_reconstruct": 0.010959454154466844,
            "_thrs_obviousness": 0.006673188465732569,
            "_thrs_weight": 0.0,
            "_thrs_complexity": 0.0,
            "_thrs_surprisingness": 1.0,
            "_thrs_intensity": 0.0,
            "_thrs_interestingness": 0.2013346376931465,
            "_thrs_logistic_regression": 0.9411700239638133,
            "_thrs_random_forest": 0.855
        },
        {
            "expression": "\u22a2 ( dom { \u27e8 A , B \u27e9 , \u27e8 C , D \u27e9 } \u222a dom { \u27e8 E , F \u27e9 } ) = ( { A , C } \u222a { E } )",
            "prop_expression": "A = B, C = D \u22a2 ( A \u222a C ) = ( B \u222a D )",
            "step": 6,
            "theorem": "uneq12i",
            "ground_truth": "uneq12i \u22a2 ( dom { \u27e8 A , B \u27e9 , \u27e8 C , D \u27e9 } \u222a dom { \u27e8 E , F \u27e9 } ) = ( { A , C } \u222a { E } )",
            "ground_truth_display": false,
            "statement_depth": 0,
            "_thrs_random_uniform": 0.32550667621867,
            "_thrs_reconstruct": 0.008758470754269738,
            "_thrs_obviousness": 0.8320266703407624,
            "_thrs_weight": 0.2857142857142857,
            "_thrs_complexity": 0.0,
            "_thrs_surprisingness": 1.0,
            "_thrs_intensity": 0.13712727449802783,
            "_thrs_interestingness": 0.4509736461106152,
            "_thrs_logistic_regression": 0.9762054284338679,
            "_thrs_random_forest": 0.905
        },
        {
            "expression": "\u22a2 dom { \u27e8 A , B \u27e9 , \u27e8 C , D \u27e9 } = { A , C }",
            "prop_expression": "B \u2208 V, D \u2208 V \u22a2 dom { \u27e8 A , B \u27e9 , \u27e8 C , D \u27e9 } = { A , C }",
            "step": 7,
            "theorem": "dmprop",
            "ground_truth": "dmprop \u22a2 dom { \u27e8 A , B \u27e9 , \u27e8 C , D \u27e9 } = { A , C }",
            "ground_truth_display": false,
            "statement_depth": 0,
            "_thrs_random_uniform": 0.025583538480736134,
            "_thrs_reconstruct": 1.0,
            "_thrs_obviousness": 0.6088978859422237,
            "_thrs_weight": 0.7142857142857143,
            "_thrs_complexity": 0.6,
            "_thrs_surprisingness": 0.42465753424657554,
            "_thrs_intensity": 0.16596328339312091,
            "_thrs_interestingness": 0.5027608835735269,