{
    "theorem": "domfi",
    "hyps": [
        [
            1,
            2
        ],
        [
            2,
            3
        ],
        [
            2,
            4
        ],
        [
            4,
            5
        ],
        [
            5,
            6
        ],
        [
            6,
            7
        ],
        [
            6,
            9
        ],
        [
            7,
            8
        ],
        [
            9,
            10
        ]
    ],
    "expression": "( ( A \u2208 Fin \u2227 B \u227a_ A ) \u2192 B \u2208 Fin )",
    "steps": [
        {
            "expression": "\u22a2 ( ( A \u2208 Fin \u2227 B \u227a_ A ) \u2192 B \u2208 Fin )",
            "prop_expression": "( \ud835\udf11 \u2192 ( \ud835\udf13 \u2192 \ud835\udf12 ) ) \u22a2 ( ( \ud835\udf11 \u2227 \ud835\udf13 ) \u2192 \ud835\udf12 )",
            "step": 1,
            "theorem": "imp",
            "ground_truth": "imp \u22a2 ( ( A \u2208 Fin \u2227 B \u227a_ A ) \u2192 B \u2208 Fin )",
            "ground_truth_display": false,
            "statement_depth": 0,
            "_thrs_random_uniform": 0.5486893630048912,
            "_thrs_reconstruct": 2.193396956997741e-15,
            "_thrs_obviousness": 1.0,
            "_thrs_weight": 1.0,
            "_thrs_complexity": 1.0,
            "_thrs_surprisingness": 0.4090909090909091,
            "_thrs_intensity": 0.30769230769230765,
            "_thrs_interestingness": 0.7433566433566433,
            "_thrs_logistic_regression": 0.7350727426046059,
            "_thrs_random_forest": 0.885
        },
        {
            "expression": "\u22a2 ( A \u2208 Fin \u2192 ( B \u227a_ A \u2192 B \u2208 Fin ) )",
            "prop_expression": "( \ud835\udf11 \u2192 ( \ud835\udf13 \u2194 \ud835\udf12 ) ), ( \ud835\udf11 \u2192 ( \ud835\udf12 \u2192 \ud835\udf03 ) ) \u22a2 ( \ud835\udf11 \u2192 ( \ud835\udf13 \u2192 \ud835\udf03 ) )",
            "step": 2,
            "theorem": "sylbid",
            "ground_truth": "sylbid \u22a2 ( A \u2208 Fin \u2192 ( B \u227a_ A \u2192 B \u2208 Fin ) )",
            "ground_truth_display": false,
            "statement_depth": 0,
            "_thrs_random_uniform": 0.8068405893458569,
            "_thrs_reconstruct": 0.0,
            "_thrs_obviousness": 0.9999999999999959,
            "_thrs_weight": 1.0,
            "_thrs_complexity": 1.0,
            "_thrs_surprisingness": 0.4090909090909091,
            "_thrs_intensity": 0.8653846153846154,
            "_thrs_interestingness": 0.8548951048951041,
            "_thrs_logistic_regression": 0.9825298834478691,
            "_thrs_random_forest": 0.93
        },
        {
            "expression": "\u22a2 ( A \u2208 Fin \u2192 ( B \u227a_ A \u2194 \u2203 x ( B \u2248 x \u2227 x \u2286 A ) ) )",
            "prop_expression": " \u22a2 ( B \u2208 C \u2192 ( A \u227a_ B \u2194 \u2203 x ( A \u2248 x \u2227 x \u2286 B ) ) )",
            "step": 3,
            "theorem": "domeng",
            "ground_truth": "domeng \u22a2 ( A \u2208 Fin \u2192 ( B \u227a_ A \u2194 \u2203 x ( B \u2248 x \u2227 x \u2286 A ) ) )",
            "ground_truth_display": false,
            "statement_depth": 0,
            "_thrs_random_uniform": 0.36126124477268706,
            "_thrs_reconstruct": 0.0005982713100015362,
            "_thrs_obviousness": 0.0,
            "_thrs_weight": 0.0,
            "_thrs_complexity": 0.0,
            "_thrs_surprisingness": 1.0,
            "_thrs_intensity": 0.04142011834319528,
            "_thrs_interestingness": 0.20828402366863905,
            "_thrs_logistic_regression": 0.9524172471683617,
            "_thrs_random_forest": 0.885
        },
        {
            "expression": "\u22a2 ( A \u2208 Fin \u2192 ( \u2203 x ( B \u2248 x \u2227 x \u2286 A ) \u2192 B \u2208 Fin ) )",
            "prop_expression": "( \ud835\udf11 \u2192 ( \ud835\udf13 \u2192 \ud835\udf12 ) ) \u22a2 ( \ud835\udf11 \u2192 ( \u2203 x \ud835\udf13 \u2192 \ud835\udf12 ) )",
            "step": 4,
            "theorem": "exlimdv",
            "ground_truth": "exlimdv \u22a2 ( A \u2208 Fin \u2192 ( \u2203 x ( B \u2248 x \u2227 x \u2286 A ) \u2192 B \u2208 Fin ) )",
            "ground_truth_display": false,
            "statement_depth": 0,
            "_thrs_random_uniform": 0.7349250514988382,
            "_thrs_reconstruct": 1.4284100327926595e-12,
            "_thrs_obviousness": 0.9994249996360675,
            "_thrs_weight": 0.0,
            "_thrs_complexity": 0.33333333333333337,
            "_thrs_surprisingness": 0.5454545454545454,
            "_thrs_intensity": 0.2544378698224852,
            "_thrs_interestingness": 0.42653014964928626,
            "_thrs_logistic_regression": 0.9517669030761965,
            "_thrs_random_forest": 0.885
        },
        {
            "expression": "\u22a2 ( A \u2208 Fin \u2192 ( ( B \u2248 x \u2227 x \u2286 A ) \u2192 B \u2208 Fin ) )",
            "prop_expression": "( ( \ud835\udf11 \u2227 \ud835\udf13 ) \u2192 \ud835\udf12 ) \u22a2 ( \ud835\udf11 \u2192 ( \ud835\udf13 \u2192 \ud835\udf12 ) )",
            "step": 5,
            "theorem": "ex",
            "ground_truth": "ex \u22a2 ( A \u2208 Fin \u2192 ( ( B \u2248 x \u2227 x \u2286 A ) \u2192 B \u2208 Fin ) )",
            "ground_truth_display": false,
            "statement_depth": 0,
            "_thrs_random_uniform": 0.03835323387817535,
            "_thrs_reconstruct": 1.980414933637091e-14,
            "_thrs_obviousness": 0.9994249996346927,
            "_thrs_weight": 0.25,
            "_thrs_complexity": 0.33333333333333337,
            "_thrs_surprisingness": 0.5454545454545454,
            "_thrs_intensity": 0.30769230769230765,
            "_thrs_interestingness": 0.4871810372229758,
            "_thrs_logistic_regression": 0.9709160386859282,
            "_thrs_random_forest": 0.79
        },
        {
            "expression": "\u22a2 ( ( A \u2208 Fin \u2227 ( B \u2248 x \u2227 x \u2286 A ) ) \u2192 B \u2208 Fin )",
            "prop_expression": "( ( \ud835\udf11 \u2227 \ud835\udf13 ) \u2192 \ud835\udf12 ), ( ( \ud835\udf12 \u2227 \ud835\udf13 ) \u2192 \ud835\udf03 ) \u22a2 ( ( \ud835\udf11 \u2227 \ud835\udf13 ) \u2192 \ud835\udf03 )",
            "step": 6,
            "theorem": "sylancom",
            "ground_truth": "sylancom \u22a2 ( ( A \u2208 Fin \u2227 ( B \u2248 x \u2227 x \u2286 A ) ) \u2192 B \u2208 Fin )",
            "ground_truth_display": false,
            "statement_depth": 0,
            "_thrs_random_uniform": 0.6694777842917184,
            "_thrs_reconstruct": 2.4388031092879235e-14,
            "_thrs_obviousness": 0.9994249996346716,
            "_thrs_weight": 0.25,
            "_thrs_complexity": 0.33333333333333337,
            "_thrs_surprisingness": 0.5454545454545454,
            "_thrs_intensity": 1.0,
            "_thrs_interestingness": 0.6256425756845101,
            "_thrs_logistic_regression": 0.999285718146971,
            "_thrs_random_forest": 0.83
        },
        {
            "expression": "\u22a2 ( ( A \u2208 Fin \u2227 ( B \u2248 x \u2227 x \u2286 A ) ) \u2192 x \u2208 Fin )",
            "prop_expression": "( ( \ud835\udf11 \u2227 \ud835\udf13 ) \u2192 \ud835\udf12 ) \u22a2 ( ( \ud835\udf11 \u2227 ( \ud835\udf03 \u2227 \ud835\udf13 ) ) \u2192 \ud835\udf12 )",
            "step": 7,
            "theorem": "adantrl",
            "ground_truth": "adantrl \u22a2 ( ( A \u2208 Fin \u2227 ( B \u2248 x \u2227 x \u2286 A ) ) \u2192 x \u2208 Fin )",
            "ground_truth_display": false,
            "statement_depth": 0,
            "_thrs_random_uniform": 0.5386355819706786,
            "_thrs_reconstruct": 5.936158663039974e-14,
            "_thrs_obviousness": 0.960528021479185,
            "_thrs_weight": 0.25,
            "_thrs_complexity": 0.33333333333333337,
            "_thrs_surprisingness": 0.5454545454545454,
            "_thrs_intensity": 0.3423076923076923,
            "_thrs_interestingness": 0.4863247185149513,