{
    "theorem": "drex1",
    "hyps": [
        [
            1,
            2
        ],
        [
            1,
            6
        ],
        [
            1,
            7
        ],
        [
            2,
            3
        ],
        [
            3,
            4
        ],
        [
            4,
            5
        ]
    ],
    "expression": "( \u2200 x x = y \u2192 ( \u2203 x \ud835\udf11 \u2194 \u2203 y \ud835\udf13 ) )",
    "steps": [
        {
            "expression": "\u22a2 ( \u2200 x x = y \u2192 ( \u2203 x \ud835\udf11 \u2194 \u2203 y \ud835\udf13 ) )",
            "prop_expression": "( \ud835\udf11 \u2192 ( \ud835\udf13 \u2194 \ud835\udf12 ) ), ( \ud835\udf03 \u2194 \ud835\udf13 ), ( \ud835\udf0f \u2194 \ud835\udf12 ) \u22a2 ( \ud835\udf11 \u2192 ( \ud835\udf03 \u2194 \ud835\udf0f ) )",
            "step": 1,
            "theorem": "3bitr4g",
            "ground_truth": "3bitr4g \u22a2 ( \u2200 x x = y \u2192 ( \u2203 x \ud835\udf11 \u2194 \u2203 y \ud835\udf13 ) )",
            "ground_truth_display": false,
            "statement_depth": 0,
            "_thrs_random_uniform": 0.55868,
            "_thrs_reconstruct": 0.03624,
            "_thrs_obviousness": 1.0,
            "_thrs_weight": 0.0,
            "_thrs_complexity": 0.0,
            "_thrs_surprisingness": 1.0,
            "_thrs_intensity": 1.0,
            "_thrs_interestingness": 0.6,
            "_thrs_logistic_regression": 0.99969,
            "_thrs_random_forest": 0.93
        },
        {
            "expression": "\u22a2 ( \u2200 x x = y \u2192 ( \u00ac \u2200 x \u00ac \ud835\udf11 \u2194 \u00ac \u2200 y \u00ac \ud835\udf13 ) )",
            "prop_expression": "( \ud835\udf11 \u2192 ( \ud835\udf13 \u2194 \ud835\udf12 ) ) \u22a2 ( \ud835\udf11 \u2192 ( \u00ac \ud835\udf13 \u2194 \u00ac \ud835\udf12 ) )",
            "step": 2,
            "theorem": "notbid",
            "ground_truth": "notbid \u22a2 ( \u2200 x x = y \u2192 ( \u00ac \u2200 x \u00ac \ud835\udf11 \u2194 \u00ac \u2200 y \u00ac \ud835\udf13 ) )",
            "ground_truth_display": false,
            "statement_depth": 0,
            "_thrs_random_uniform": 0.09676,
            "_thrs_reconstruct": 0.04131,
            "_thrs_obviousness": 0.96761,
            "_thrs_weight": 0.0,
            "_thrs_complexity": 0.0,
            "_thrs_surprisingness": 1.0,
            "_thrs_intensity": 0.30435,
            "_thrs_interestingness": 0.45439,
            "_thrs_logistic_regression": 0.98703,
            "_thrs_random_forest": 0.865
        },
        {
            "expression": "\u22a2 ( \u2200 x x = y \u2192 ( \u2200 x \u00ac \ud835\udf11 \u2194 \u2200 y \u00ac \ud835\udf13 ) )",
            "prop_expression": "( \u2200 x x = y \u2192 ( \ud835\udf11 \u2194 \ud835\udf13 ) ) \u22a2 ( \u2200 x x = y \u2192 ( \u2200 x \ud835\udf11 \u2194 \u2200 y \ud835\udf13 ) )",
            "step": 3,
            "theorem": "dral1",
            "ground_truth": "dral1 \u22a2 ( \u2200 x x = y \u2192 ( \u2200 x \u00ac \ud835\udf11 \u2194 \u2200 y \u00ac \ud835\udf13 ) )",
            "ground_truth_display": false,
            "statement_depth": 0,
            "_thrs_random_uniform": 0.64452,
            "_thrs_reconstruct": 1.0,
            "_thrs_obviousness": 0.93069,
            "_thrs_weight": 0.0,
            "_thrs_complexity": 0.0,
            "_thrs_surprisingness": 1.0,
            "_thrs_intensity": 0.13043,
            "_thrs_interestingness": 0.41222,
            "_thrs_logistic_regression": 0.96762,
            "_thrs_random_forest": 0.8075
        },
        {
            "expression": "\u22a2 ( \u2200 x x = y \u2192 ( \u00ac \ud835\udf11 \u2194 \u00ac \ud835\udf13 ) )",
            "prop_expression": "( \ud835\udf11 \u2192 ( \ud835\udf13 \u2194 \ud835\udf12 ) ) \u22a2 ( \ud835\udf11 \u2192 ( \u00ac \ud835\udf13 \u2194 \u00ac \ud835\udf12 ) )",
            "step": 4,
            "theorem": "notbid",
            "ground_truth": "notbid \u22a2 ( \u2200 x x = y \u2192 ( \u00ac \ud835\udf11 \u2194 \u00ac \ud835\udf13 ) )",
            "ground_truth_display": false,
            "statement_depth": 0,
            "_thrs_random_uniform": 0.37799,
            "_thrs_reconstruct": 0.04131,
            "_thrs_obviousness": 0.03693,
            "_thrs_weight": 0.66667,
            "_thrs_complexity": 0.0,
            "_thrs_surprisingness": 1.0,
            "_thrs_intensity": 0.30435,
            "_thrs_interestingness": 0.40159,
            "_thrs_logistic_regression": 0.99362,
            "_thrs_random_forest": 0.94
        },
        {
            "expression": "\u22a2 ( \u2200 x x = y \u2192 ( \ud835\udf11 \u2194 \ud835\udf13 ) )",
            "prop_expression": " \u22a2 ( \u2200 x x = y \u2192 ( \ud835\udf11 \u2194 \ud835\udf13 ) )",
            "step": 5,
            "theorem": "drex1.1",
            "ground_truth": "drex1.1 \u22a2 ( \u2200 x x = y \u2192 ( \ud835\udf11 \u2194 \ud835\udf13 ) )",
            "ground_truth_display": false,
            "statement_depth": 0,
            "_thrs_random_uniform": 0.28697,
            "_thrs_reconstruct": 0.0,
            "_thrs_obviousness": 0.0,
            "_thrs_weight": 0.66667,
            "_thrs_complexity": 0.0,
            "_thrs_surprisingness": 1.0,
            "_thrs_intensity": 0.18261,
            "_thrs_interestingness": 0.36986,
            "_thrs_logistic_regression": 0.9878,
            "_thrs_random_forest": 0.9
        },
        {
            "expression": "\u22a2 ( \u2203 x \ud835\udf11 \u2194 \u00ac \u2200 x \u00ac \ud835\udf11 )",
            "prop_expression": " \u22a2 ( \u2203 x \ud835\udf11 \u2194 \u00ac \u2200 x \u00ac \ud835\udf11 )",
            "step": 6,
            "theorem": "df-ex",
            "ground_truth": "df-ex \u22a2 ( \u2203 x \ud835\udf11 \u2194 \u00ac \u2200 x \u00ac \ud835\udf11 )",
            "ground_truth_display": false,
            "statement_depth": 0,
            "_thrs_random_uniform": 0.32075,
            "_thrs_reconstruct": 0.0,
            "_thrs_obviousness": 0.0,
            "_thrs_weight": 1.0,
            "_thrs_complexity": 1.0,
            "_thrs_surprisingness": 0.0,
            "_thrs_intensity": 0.0,
            "_thrs_interestingness": 0.4,
            "_thrs_logistic_regression": 0.5,
            "_thrs_random_forest": 0.925
        },
        {
            "expression": "\u22a2 ( \u2203 y \ud835\udf13 \u2194 \u00ac \u2200 y \u00ac \ud835\udf13 )",
            "prop_expression": " \u22a2 ( \u2203 x \ud835\udf11 \u2194 \u00ac \u2200 x \u00ac \ud835\udf11 )",
            "step": 7,
            "theorem": "df-ex",
            "ground_truth": "df-ex \u22a2 ( \u2203 y \ud835\udf13 \u2194 \u00ac \u2200 y \u00ac \ud835\udf13 )",
            "ground_truth_display": false,
            "statement_depth": 0,
            "_thrs_random_uniform": 0.2739,
            "_thrs_reconstruct": 0.0,
            "_thrs_obviousness": 0.0,
            "_thrs_weight": 1.0,
            "_thrs_complexity": 1.0,
            "_thrs_surprisingness": 0.0,
            "_thrs_intensity": 0.0,
            "_thrs_interestingness": 0.4,
            "_thrs_logistic_regression": 0.5,
            "_thrs_random_forest": 0.925
        }
    ]
}