{
    "theorem": "dvelimf",
    "hyps": [
        [
            1,
            2
        ],
        [
            1,
            4
        ],
        [
            1,
            7
        ],
        [
            2,
            3
        ],
        [
            4,
            5
        ],
        [
            4,
            6
        ],
        [
            7,
            8
        ],
        [
            8,
            9
        ],
        [
            8,
            10
        ]
    ],
    "expression": "( \u00ac \u2200 x x = y \u2192 ( \ud835\udf13 \u2192 \u2200 x \ud835\udf13 ) )",
    "steps": [
        {
            "expression": "\u22a2 ( \u00ac \u2200 x x = y \u2192 ( \ud835\udf13 \u2192 \u2200 x \ud835\udf13 ) )",
            "prop_expression": "( \ud835\udf11 \u2192 ( \ud835\udf13 \u2192 \ud835\udf12 ) ), ( \ud835\udf13 \u2194 \ud835\udf03 ), ( \ud835\udf12 \u2194 \ud835\udf0f ) \u22a2 ( \ud835\udf11 \u2192 ( \ud835\udf03 \u2192 \ud835\udf0f ) )",
            "step": 1,
            "theorem": "3imtr3g",
            "ground_truth": "3imtr3g \u22a2 ( \u00ac \u2200 x x = y \u2192 ( \ud835\udf13 \u2192 \u2200 x \ud835\udf13 ) )",
            "ground_truth_display": false,
            "statement_depth": 0,
            "_thrs_random_uniform": 0.97529,
            "_thrs_reconstruct": 0.00019,
            "_thrs_obviousness": 1.0,
            "_thrs_weight": 0.57143,
            "_thrs_complexity": 0.66667,
            "_thrs_surprisingness": 0.0,
            "_thrs_intensity": 1.0,
            "_thrs_interestingness": 0.64762,
            "_thrs_logistic_regression": 0.99863,
            "_thrs_random_forest": 0.95929
        },
        {
            "expression": "\u22a2 ( \u00ac \u2200 x x = y \u2192 ( [. y / z ]. \ud835\udf11 \u2192 \u2200 x [. y / z ]. \ud835\udf11 ) )",
            "prop_expression": "( \ud835\udf11 \u2192 \u2200 z \ud835\udf11 ) \u22a2 ( \u00ac \u2200 z z = y \u2192 ( [. y / x ]. \ud835\udf11 \u2192 \u2200 z [. y / x ]. \ud835\udf11 ) )",
            "step": 2,
            "theorem": "hbsb4",
            "ground_truth": "hbsb4 \u22a2 ( \u00ac \u2200 x x = y \u2192 ( [. y / z ]. \ud835\udf11 \u2192 \u2200 x [. y / z ]. \ud835\udf11 ) )",
            "ground_truth_display": false,
            "statement_depth": 0,
            "_thrs_random_uniform": 0.04919,
            "_thrs_reconstruct": 1.0,
            "_thrs_obviousness": 0.93623,
            "_thrs_weight": 0.0,
            "_thrs_complexity": 0.33333,
            "_thrs_surprisingness": 0.0,
            "_thrs_intensity": 0.0,
            "_thrs_interestingness": 0.25391,
            "_thrs_logistic_regression": 0.91322,
            "_thrs_random_forest": 0.79
        },
        {
            "expression": "\u22a2 ( \ud835\udf11 \u2192 \u2200 x \ud835\udf11 )",
            "prop_expression": " \u22a2 ( \ud835\udf11 \u2192 \u2200 x \ud835\udf11 )",
            "step": 3,
            "theorem": "dvelimf.1",
            "ground_truth": "dvelimf.1 \u22a2 ( \ud835\udf11 \u2192 \u2200 x \ud835\udf11 )",
            "ground_truth_display": false,
            "statement_depth": 0,
            "_thrs_random_uniform": 0.42431,
            "_thrs_reconstruct": 0.0,
            "_thrs_obviousness": 0.0,
            "_thrs_weight": 1.0,
            "_thrs_complexity": 1.0,
            "_thrs_surprisingness": 0.0,
            "_thrs_intensity": 0.04762,
            "_thrs_interestingness": 0.40952,
            "_thrs_logistic_regression": 0.56388,
            "_thrs_random_forest": 0.695
        },
        {
            "expression": "\u22a2 ( [. y / z ]. \ud835\udf11 \u2194 \ud835\udf13 )",
            "prop_expression": "( \ud835\udf13 \u2192 \u2200 x \ud835\udf13 ), ( x = y \u2192 ( \ud835\udf11 \u2194 \ud835\udf13 ) ) \u22a2 ( [. y / x ]. \ud835\udf11 \u2194 \ud835\udf13 )",
            "step": 4,
            "theorem": "sbie",
            "ground_truth": "sbie \u22a2 ( [. y / z ]. \ud835\udf11 \u2194 \ud835\udf13 )",
            "ground_truth_display": false,
            "statement_depth": 0,
            "_thrs_random_uniform": 0.31779,
            "_thrs_reconstruct": 0.03388,
            "_thrs_obviousness": 0.03172,
            "_thrs_weight": 0.85714,
            "_thrs_complexity": 0.33333,
            "_thrs_surprisingness": 1.0,
            "_thrs_intensity": 0.82143,
            "_thrs_interestingness": 0.60873,
            "_thrs_logistic_regression": 0.99821,
            "_thrs_random_forest": 0.99
        },
        {
            "expression": "\u22a2 ( \ud835\udf13 \u2192 \u2200 z \ud835\udf13 )",
            "prop_expression": " \u22a2 ( \ud835\udf13 \u2192 \u2200 z \ud835\udf13 )",
            "step": 5,
            "theorem": "dvelimf.2",
            "ground_truth": "dvelimf.2 \u22a2 ( \ud835\udf13 \u2192 \u2200 z \ud835\udf13 )",
            "ground_truth_display": false,
            "statement_depth": 0,
            "_thrs_random_uniform": 0.55629,
            "_thrs_reconstruct": 0.0,
            "_thrs_obviousness": 0.0,
            "_thrs_weight": 1.0,
            "_thrs_complexity": 1.0,
            "_thrs_surprisingness": 0.0,
            "_thrs_intensity": 0.04762,
            "_thrs_interestingness": 0.40952,
            "_thrs_logistic_regression": 0.56388,
            "_thrs_random_forest": 0.69
        },
        {
            "expression": "\u22a2 ( z = y \u2192 ( \ud835\udf11 \u2194 \ud835\udf13 ) )",
            "prop_expression": " \u22a2 ( z = y \u2192 ( \ud835\udf11 \u2194 \ud835\udf13 ) )",
            "step": 6,
            "theorem": "dvelimf.3",
            "ground_truth": "dvelimf.3 \u22a2 ( z = y \u2192 ( \ud835\udf11 \u2194 \ud835\udf13 ) )",
            "ground_truth_display": false,
            "statement_depth": 0,
            "_thrs_random_uniform": 0.36779,
            "_thrs_reconstruct": 0.0,
            "_thrs_obviousness": 0.0,
            "_thrs_weight": 0.85714,
            "_thrs_complexity": 0.33333,
            "_thrs_surprisingness": 1.0,
            "_thrs_intensity": 0.28571,
            "_thrs_interestingness": 0.49524,
            "_thrs_logistic_regression": 0.96888,
            "_thrs_random_forest": 0.935
        },
        {
            "expression": "\u22a2 ( \u2200 x [. y / z ]. \ud835\udf11 \u2194 \u2200 x \ud835\udf13 )",
            "prop_expression": "( \ud835\udf11 \u2194 \ud835\udf13 ) \u22a2 ( \u2200 x \ud835\udf11 \u2194 \u2200 x \ud835\udf13 )",
            "step": 7,
            "theorem": "albii",
            "ground_truth": "albii \u22a2 ( \u2200 x [. y / z ]. \ud835\udf11 \u2194 \u2200 x \ud835\udf13 )",
            "ground_truth_display": false,
            "statement_depth": 0,
            "_thrs_random_uniform": 0.90988,
            "_thrs_reconstruct": 0.00015,
            "_thrs_obviousness": 0.03187,
            "_thrs_weight": 0.57143,
            "_thrs_complexity": 0.0,
            "_thrs_surprisingness": 1.0,
            "_thrs_intensity": 0.16667,
            "_thrs_interestingness": 0.35399,
            "_thrs_logistic_regression": 0.98544,
            "_thrs_random_forest": 0.915
        },
        {
            "expression": "\u22a2 ( [. y / z ]. \ud835\udf11 \u2194 \ud835\udf13 )",
            "prop_expression": "( \ud835\udf13 \u2192 \u2200 x \ud835\udf13 ), ( x = y \u2192 ( \ud835\udf11 \u2194 \ud835\udf13 ) ) \u22a2 ( [. y / x ]. \ud835\udf11 \u2194 \ud835\udf13 )",
            "step": 8,
            "theorem": "sbie",
            "ground_truth": "sbie \u22a2 ( [. y / z ]. \ud835\udf11 \u2194 \ud835\udf13 )",
            "ground_truth_display": false,
            "statement_depth": 0,
            "_thrs_random_uniform": 0.47146,
            "_thrs_reconstruct": 0.03388,
            "_thrs_obviousness": 0.03172,
            "_thrs_weight": 0.85714,
            "_thrs_complexity": 0.33333,
            "_thrs_surprisingness": 1.0,
            "_thrs_intensity": 0.82143,
            "_thrs_interestingness": 0.60873,
            "_thrs_logistic_regression": 0.99821,