{
    "theorem": "eean",
    "hyps": [
        [
            1,
            2
        ],
        [
            1,
            5
        ],
        [
            2,
            3
        ],
        [
            3,
            4
        ],
        [
            5,
            6
        ],
        [
            6,
            7
        ]
    ],
    "expression": "( \u2203 x \u2203 y ( \ud835\udf11 \u2227 \ud835\udf13 ) \u2194 ( \u2203 x \ud835\udf11 \u2227 \u2203 y \ud835\udf13 ) )",
    "steps": [
        {
            "expression": "\u22a2 ( \u2203 x \u2203 y ( \ud835\udf11 \u2227 \ud835\udf13 ) \u2194 ( \u2203 x \ud835\udf11 \u2227 \u2203 y \ud835\udf13 ) )",
            "prop_expression": "( \ud835\udf11 \u2194 \ud835\udf13 ), ( \ud835\udf13 \u2194 \ud835\udf12 ) \u22a2 ( \ud835\udf11 \u2194 \ud835\udf12 )",
            "step": 1,
            "theorem": "bitri",
            "ground_truth": "bitri \u22a2 ( \u2203 x \u2203 y ( \ud835\udf11 \u2227 \ud835\udf13 ) \u2194 ( \u2203 x \ud835\udf11 \u2227 \u2203 y \ud835\udf13 ) )",
            "ground_truth_display": false,
            "statement_depth": 0,
            "_thrs_random_uniform": 0.88499,
            "_thrs_reconstruct": 0.00583,
            "_thrs_obviousness": 1.0,
            "_thrs_weight": 0.0,
            "_thrs_complexity": 0.0,
            "_thrs_surprisingness": 0.5,
            "_thrs_intensity": 1.0,
            "_thrs_interestingness": 0.5,
            "_thrs_logistic_regression": 0.99984,
            "_thrs_random_forest": 0.995
        },
        {
            "expression": "\u22a2 ( \u2203 x \u2203 y ( \ud835\udf11 \u2227 \ud835\udf13 ) \u2194 \u2203 x ( \ud835\udf11 \u2227 \u2203 y \ud835\udf13 ) )",
            "prop_expression": "( \ud835\udf11 \u2194 \ud835\udf13 ) \u22a2 ( \u2203 x \ud835\udf11 \u2194 \u2203 x \ud835\udf13 )",
            "step": 2,
            "theorem": "exbii",
            "ground_truth": "exbii \u22a2 ( \u2203 x \u2203 y ( \ud835\udf11 \u2227 \ud835\udf13 ) \u2194 \u2203 x ( \ud835\udf11 \u2227 \u2203 y \ud835\udf13 ) )",
            "ground_truth_display": false,
            "statement_depth": 0,
            "_thrs_random_uniform": 0.43881,
            "_thrs_reconstruct": 0.31587,
            "_thrs_obviousness": 0.66307,
            "_thrs_weight": 0.0,
            "_thrs_complexity": 0.0,
            "_thrs_surprisingness": 0.5,
            "_thrs_intensity": 0.25,
            "_thrs_interestingness": 0.28261,
            "_thrs_logistic_regression": 0.99136,
            "_thrs_random_forest": 0.995
        },
        {
            "expression": "\u22a2 ( \u2203 y ( \ud835\udf11 \u2227 \ud835\udf13 ) \u2194 ( \ud835\udf11 \u2227 \u2203 y \ud835\udf13 ) )",
            "prop_expression": "( \ud835\udf11 \u2192 \u2200 x \ud835\udf11 ) \u22a2 ( \u2203 x ( \ud835\udf11 \u2227 \ud835\udf13 ) \u2194 ( \ud835\udf11 \u2227 \u2203 x \ud835\udf13 ) )",
            "step": 3,
            "theorem": "19.42",
            "ground_truth": "19.42 \u22a2 ( \u2203 y ( \ud835\udf11 \u2227 \ud835\udf13 ) \u2194 ( \ud835\udf11 \u2227 \u2203 y \ud835\udf13 ) )",
            "ground_truth_display": false,
            "statement_depth": 0,
            "_thrs_random_uniform": 0.09891,
            "_thrs_reconstruct": 1.0,
            "_thrs_obviousness": 0.5039,
            "_thrs_weight": 0.4,
            "_thrs_complexity": 0.5,
            "_thrs_surprisingness": 0.5,
            "_thrs_intensity": 0.0625,
            "_thrs_interestingness": 0.39328,
            "_thrs_logistic_regression": 0.82995,
            "_thrs_random_forest": 0.89
        },
        {
            "expression": "\u22a2 ( \ud835\udf11 \u2192 \u2200 y \ud835\udf11 )",
            "prop_expression": " \u22a2 ( \ud835\udf11 \u2192 \u2200 y \ud835\udf11 )",
            "step": 4,
            "theorem": "eean.1",
            "ground_truth": "eean.1 \u22a2 ( \ud835\udf11 \u2192 \u2200 y \ud835\udf11 )",
            "ground_truth_display": false,
            "statement_depth": 0,
            "_thrs_random_uniform": 0.82831,
            "_thrs_reconstruct": 0.0,
            "_thrs_obviousness": 0.0,
            "_thrs_weight": 1.0,
            "_thrs_complexity": 1.0,
            "_thrs_surprisingness": 0.5,
            "_thrs_intensity": 0.0,
            "_thrs_interestingness": 0.5,
            "_thrs_logistic_regression": 0.33688,
            "_thrs_random_forest": 0.765
        },
        {
            "expression": "\u22a2 ( \u2203 x ( \ud835\udf11 \u2227 \u2203 y \ud835\udf13 ) \u2194 ( \u2203 x \ud835\udf11 \u2227 \u2203 y \ud835\udf13 ) )",
            "prop_expression": "( \ud835\udf13 \u2192 \u2200 x \ud835\udf13 ) \u22a2 ( \u2203 x ( \ud835\udf11 \u2227 \ud835\udf13 ) \u2194 ( \u2203 x \ud835\udf11 \u2227 \ud835\udf13 ) )",
            "step": 5,
            "theorem": "19.41",
            "ground_truth": "19.41 \u22a2 ( \u2203 x ( \ud835\udf11 \u2227 \u2203 y \ud835\udf13 ) \u2194 ( \u2203 x \ud835\udf11 \u2227 \u2203 y \ud835\udf13 ) )",
            "ground_truth_display": false,
            "statement_depth": 0,
            "_thrs_random_uniform": 0.58847,
            "_thrs_reconstruct": 0.657,
            "_thrs_obviousness": 0.33399,
            "_thrs_weight": 0.0,
            "_thrs_complexity": 0.0,
            "_thrs_surprisingness": 0.5,
            "_thrs_intensity": 0.125,
            "_thrs_interestingness": 0.1918,
            "_thrs_logistic_regression": 0.98364,
            "_thrs_random_forest": 0.97
        },
        {
            "expression": "\u22a2 ( \u2203 y \ud835\udf13 \u2192 \u2200 x \u2203 y \ud835\udf13 )",
            "prop_expression": "( \ud835\udf11 \u2192 \u2200 x \ud835\udf11 ) \u22a2 ( \u2203 y \ud835\udf11 \u2192 \u2200 x \u2203 y \ud835\udf11 )",
            "step": 6,
            "theorem": "hbex",
            "ground_truth": "hbex \u22a2 ( \u2203 y \ud835\udf13 \u2192 \u2200 x \u2203 y \ud835\udf13 )",
            "ground_truth_display": false,
            "statement_depth": 0,
            "_thrs_random_uniform": 0.98613,
            "_thrs_reconstruct": 0.00581,
            "_thrs_obviousness": 0.00293,
            "_thrs_weight": 0.6,
            "_thrs_complexity": 0.5,
            "_thrs_surprisingness": 0.5,
            "_thrs_intensity": 0.175,
            "_thrs_interestingness": 0.35559,
            "_thrs_logistic_regression": 0.91878,
            "_thrs_random_forest": 0.815
        },
        {
            "expression": "\u22a2 ( \ud835\udf13 \u2192 \u2200 x \ud835\udf13 )",
            "prop_expression": " \u22a2 ( \ud835\udf13 \u2192 \u2200 x \ud835\udf13 )",
            "step": 7,
            "theorem": "eean.2",
            "ground_truth": "eean.2 \u22a2 ( \ud835\udf13 \u2192 \u2200 x \ud835\udf13 )",
            "ground_truth_display": false,
            "statement_depth": 0,
            "_thrs_random_uniform": 0.22631,
            "_thrs_reconstruct": 0.0,
            "_thrs_obviousness": 0.0,
            "_thrs_weight": 1.0,
            "_thrs_complexity": 1.0,
            "_thrs_surprisingness": 0.5,
            "_thrs_intensity": 0.0,
            "_thrs_interestingness": 0.5,
            "_thrs_logistic_regression": 0.33688,
            "_thrs_random_forest": 0.825
        }
    ]
}