{
    "theorem": "elabgf",
    "hyps": [
        [
            1,
            2
        ],
        [
            1,
            3
        ],
        [
            1,
            8
        ],
        [
            1,
            11
        ],
        [
            3,
            4
        ],
        [
            3,
            7
        ],
        [
            4,
            5
        ],
        [
            4,
            6
        ],
        [
            8,
            9
        ],
        [
            8,
            10
        ]
    ],
    "expression": "( A \u2208 B \u2192 ( A \u2208 { x | \ud835\udf11 } \u2194 \ud835\udf13 ) )",
    "steps": [
        {
            "expression": "\u22a2 ( A \u2208 B \u2192 ( A \u2208 { x | \ud835\udf11 } \u2194 \ud835\udf13 ) )",
            "prop_expression": "( y \u2208 A \u2192 \u2200 x y \u2208 A ), ( \ud835\udf13 \u2192 \u2200 x \ud835\udf13 ), ( x = A \u2192 ( \ud835\udf11 \u2194 \ud835\udf13 ) ), \ud835\udf11 \u22a2 ( A \u2208 V \u2192 \ud835\udf13 )",
            "step": 1,
            "theorem": "vtoclgf",
            "ground_truth": "vtoclgf \u22a2 ( A \u2208 B \u2192 ( A \u2208 { x | \ud835\udf11 } \u2194 \ud835\udf13 ) )",
            "ground_truth_display": false,
            "statement_depth": 0,
            "_thrs_random_uniform": 0.5796081932208651,
            "_thrs_reconstruct": 1.0,
            "_thrs_obviousness": 1.0,
            "_thrs_weight": 0.4444444444444444,
            "_thrs_complexity": 0.0,
            "_thrs_surprisingness": 1.0,
            "_thrs_intensity": 1.0,
            "_thrs_interestingness": 0.6888888888888889,
            "_thrs_logistic_regression": 0.9997979923773729,
            "_thrs_random_forest": 0.975
        },
        {
            "expression": "\u22a2 ( y \u2208 A \u2192 \u2200 x y \u2208 A )",
            "prop_expression": " \u22a2 ( y \u2208 A \u2192 \u2200 x y \u2208 A )",
            "step": 2,
            "theorem": "elabgf.1",
            "ground_truth": "elabgf.1 \u22a2 ( y \u2208 A \u2192 \u2200 x y \u2208 A )",
            "ground_truth_display": false,
            "statement_depth": 0,
            "_thrs_random_uniform": 0.5332573141700881,
            "_thrs_reconstruct": 0.0,
            "_thrs_obviousness": 0.0,
            "_thrs_weight": 0.5555555555555556,
            "_thrs_complexity": 0.5,
            "_thrs_surprisingness": 0.15306122448979592,
            "_thrs_intensity": 0.04312668463611859,
            "_thrs_interestingness": 0.250348692936294,
            "_thrs_logistic_regression": 0.894929953600337,
            "_thrs_random_forest": 0.875
        },
        {
            "expression": "\u22a2 ( ( A \u2208 { x | \ud835\udf11 } \u2194 \ud835\udf13 ) \u2192 \u2200 x ( A \u2208 { x | \ud835\udf11 } \u2194 \ud835\udf13 ) )",
            "prop_expression": "( \ud835\udf11 \u2192 \u2200 x \ud835\udf11 ), ( \ud835\udf13 \u2192 \u2200 x \ud835\udf13 ) \u22a2 ( ( \ud835\udf11 \u2194 \ud835\udf13 ) \u2192 \u2200 x ( \ud835\udf11 \u2194 \ud835\udf13 ) )",
            "step": 3,
            "theorem": "hbbi",
            "ground_truth": "hbbi \u22a2 ( ( A \u2208 { x | \ud835\udf11 } \u2194 \ud835\udf13 ) \u2192 \u2200 x ( A \u2208 { x | \ud835\udf11 } \u2194 \ud835\udf13 ) )",
            "ground_truth_display": false,
            "statement_depth": 0,
            "_thrs_random_uniform": 0.9752458876160296,
            "_thrs_reconstruct": 1.1918537697394334e-05,
            "_thrs_obviousness": 0.5001419692151297,
            "_thrs_weight": 0.11111111111111116,
            "_thrs_complexity": 0.25,
            "_thrs_surprisingness": 1.0,
            "_thrs_intensity": 0.1738136077758719,
            "_thrs_interestingness": 0.4070133376204225,
            "_thrs_logistic_regression": 0.9244032657033782,
            "_thrs_random_forest": 0.98
        },
        {
            "expression": "\u22a2 ( A \u2208 { x | \ud835\udf11 } \u2192 \u2200 x A \u2208 { x | \ud835\udf11 } )",
            "prop_expression": "( y \u2208 A \u2192 \u2200 x y \u2208 A ), ( z \u2208 B \u2192 \u2200 x z \u2208 B ) \u22a2 ( A \u2208 B \u2192 \u2200 x A \u2208 B )",
            "step": 4,
            "theorem": "hbel",
            "ground_truth": "hbel \u22a2 ( A \u2208 { x | \ud835\udf11 } \u2192 \u2200 x A \u2208 { x | \ud835\udf11 } )",
            "ground_truth_display": false,
            "statement_depth": 0,
            "_thrs_random_uniform": 0.7678941813399627,
            "_thrs_reconstruct": 0.998431634768301,
            "_thrs_obviousness": 0.5001360154311255,
            "_thrs_weight": 0.33333333333333337,
            "_thrs_complexity": 0.5,
            "_thrs_surprisingness": 0.5102040816326531,
            "_thrs_intensity": 0.19753086419753083,
            "_thrs_interestingness": 0.4082408589189286,
            "_thrs_logistic_regression": 0.9035011133716664,
            "_thrs_random_forest": 0.895
        },
        {
            "expression": "\u22a2 ( y \u2208 A \u2192 \u2200 x y \u2208 A )",
            "prop_expression": " \u22a2 ( y \u2208 A \u2192 \u2200 x y \u2208 A )",
            "step": 5,
            "theorem": "elabgf.1",
            "ground_truth": "elabgf.1 \u22a2 ( y \u2208 A \u2192 \u2200 x y \u2208 A )",
            "ground_truth_display": false,
            "statement_depth": 0,
            "_thrs_random_uniform": 0.721752916683709,
            "_thrs_reconstruct": 0.0,
            "_thrs_obviousness": 0.0,
            "_thrs_weight": 0.5555555555555556,
            "_thrs_complexity": 0.5,
            "_thrs_surprisingness": 0.15306122448979592,
            "_thrs_intensity": 0.04312668463611859,
            "_thrs_interestingness": 0.250348692936294,
            "_thrs_logistic_regression": 0.894929953600337,
            "_thrs_random_forest": 0.82
        },
        {
            "expression": "\u22a2 ( z \u2208 { x | \ud835\udf11 } \u2192 \u2200 x z \u2208 { x | \ud835\udf11 } )",
            "prop_expression": " \u22a2 ( y \u2208 { x | \ud835\udf11 } \u2192 \u2200 x y \u2208 { x | \ud835\udf11 } )",
            "step": 6,
            "theorem": "hbab1",
            "ground_truth": "hbab1 \u22a2 ( z \u2208 { x | \ud835\udf11 } \u2192 \u2200 x z \u2208 { x | \ud835\udf11 } )",
            "ground_truth_display": false,
            "statement_depth": 0,
            "_thrs_random_uniform": 0.9641694547677953,
            "_thrs_reconstruct": 0.002831376154315743,
            "_thrs_obviousness": 0.0014142869269996616,
            "_thrs_weight": 0.33333333333333337,
            "_thrs_complexity": 0.5,
            "_thrs_surprisingness": 0.15306122448979592,
            "_thrs_intensity": 0.011180992313067772,
            "_thrs_interestingness": 0.19979796741263936,
            "_thrs_logistic_regression": 0.8529196751184998,
            "_thrs_random_forest": 0.725
        },
        {
            "expression": "\u22a2 ( \ud835\udf13 \u2192 \u2200 x \ud835\udf13 )",
            "prop_expression": " \u22a2 ( \ud835\udf13 \u2192 \u2200 x \ud835\udf13 )",
            "step": 7,
            "theorem": "elabgf.2",
            "ground_truth": "elabgf.2 \u22a2 ( \ud835\udf13 \u2192 \u2200 x \ud835\udf13 )",
            "ground_truth_display": false,
            "statement_depth": 0,
            "_thrs_random_uniform": 0.5860922394606183,
            "_thrs_reconstruct": 0.0,
            "_thrs_obviousness": 0.0,
            "_thrs_weight": 1.0,
            "_thrs_complexity": 1.0,
            "_thrs_surprisingness": 0.0,
            "_thrs_intensity": 0.0670859538784067,
            "_thrs_interestingness": 0.4134171907756813,
            "_thrs_logistic_regression": 0.5895181525054262,
            "_thrs_random_forest": 0.88
        },
        {
            "expression": "\u22a2 ( x = A \u2192 ( ( x \u2208 { x | \ud835\udf11 } \u2194 \ud835\udf11 ) \u2194 ( A \u2208 { x | \ud835\udf11 } \u2194 \ud835\udf13 ) ) )",