{
    "theorem": "eleq1d",
    "hyps": [
        [
            1,
            2
        ],
        [
            1,
            3
        ]
    ],
    "expression": "( \ud835\udf11 \u2192 ( A \u2208 C \u2194 B \u2208 C ) )",
    "steps": [
        {
            "expression": "\u22a2 ( \ud835\udf11 \u2192 ( A \u2208 C \u2194 B \u2208 C ) )",
            "prop_expression": "( \ud835\udf11 \u2192 \ud835\udf13 ), ( \ud835\udf13 \u2192 \ud835\udf12 ) \u22a2 ( \ud835\udf11 \u2192 \ud835\udf12 )",
            "step": 1,
            "theorem": "syl",
            "ground_truth": "syl \u22a2 ( \ud835\udf11 \u2192 ( A \u2208 C \u2194 B \u2208 C ) )",
            "ground_truth_display": false,
            "statement_depth": 0,
            "_thrs_random_uniform": 0.23844260939140816,
            "_thrs_reconstruct": 2.9911372602977377e-06,
            "_thrs_obviousness": 1.0,
            "_thrs_weight": 0.19999999999999996,
            "_thrs_complexity": 0.0,
            "_thrs_surprisingness": 1.0,
            "_thrs_intensity": 1.0,
            "_thrs_interestingness": 0.64,
            "_thrs_logistic_regression": 0.9997449680630385,
            "_thrs_random_forest": 0.94
        },
        {
            "expression": "\u22a2 ( \ud835\udf11 \u2192 A = B )",
            "prop_expression": " \u22a2 ( \ud835\udf11 \u2192 A = B )",
            "step": 2,
            "theorem": "eleq1d.1",
            "ground_truth": "eleq1d.1 \u22a2 ( \ud835\udf11 \u2192 A = B )",
            "ground_truth_display": false,
            "statement_depth": 0,
            "_thrs_random_uniform": 0.9507657655437176,
            "_thrs_reconstruct": 0.0,
            "_thrs_obviousness": 0.0,
            "_thrs_weight": 1.0,
            "_thrs_complexity": 1.0,
            "_thrs_surprisingness": 0.0,
            "_thrs_intensity": 0.46666666666666656,
            "_thrs_interestingness": 0.49333333333333335,
            "_thrs_logistic_regression": 0.9253927311752596,
            "_thrs_random_forest": 1.0
        },
        {
            "expression": "\u22a2 ( A = B \u2192 ( A \u2208 C \u2194 B \u2208 C ) )",
            "prop_expression": " \u22a2 ( A = B \u2192 ( A \u2208 C \u2194 B \u2208 C ) )",
            "step": 3,
            "theorem": "eleq1",
            "ground_truth": "eleq1 \u22a2 ( A = B \u2192 ( A \u2208 C \u2194 B \u2208 C ) )",
            "ground_truth_display": false,
            "statement_depth": 0,
            "_thrs_random_uniform": 0.14163311482104157,
            "_thrs_reconstruct": 1.0,
            "_thrs_obviousness": 0.99999551331424,
            "_thrs_weight": 0.0,
            "_thrs_complexity": 0.5,
            "_thrs_surprisingness": 0.5,
            "_thrs_intensity": 0.0,
            "_thrs_interestingness": 0.399999102662848,
            "_thrs_logistic_regression": 0.6950965297931441,
            "_thrs_random_forest": 0.78
        }
    ]
}