{
    "theorem": "elex22",
    "hyps": [
        [
            1,
            2
        ],
        [
            1,
            6
        ],
        [
            1,
            8
        ],
        [
            2,
            3
        ],
        [
            3,
            4
        ],
        [
            3,
            5
        ],
        [
            6,
            7
        ]
    ],
    "expression": "( ( A \u2208 B \u2227 A \u2208 C ) \u2192 \u2203 x ( x \u2208 B \u2227 x \u2208 C ) )",
    "steps": [
        {
            "expression": "\u22a2 ( ( A \u2208 B \u2227 A \u2208 C ) \u2192 \u2203 x ( x \u2208 B \u2227 x \u2208 C ) )",
            "prop_expression": "( \ud835\udf11 \u2192 \ud835\udf13 ), ( \ud835\udf11 \u2192 \ud835\udf12 ), ( \ud835\udf13 \u2192 ( \ud835\udf12 \u2192 \ud835\udf03 ) ) \u22a2 ( \ud835\udf11 \u2192 \ud835\udf03 )",
            "step": 1,
            "theorem": "sylc",
            "ground_truth": "sylc \u22a2 ( ( A \u2208 B \u2227 A \u2208 C ) \u2192 \u2203 x ( x \u2208 B \u2227 x \u2208 C ) )",
            "ground_truth_display": false,
            "statement_depth": 0,
            "_thrs_random_uniform": 0.02933,
            "_thrs_reconstruct": 1e-05,
            "_thrs_obviousness": 1.0,
            "_thrs_weight": 0.46154,
            "_thrs_complexity": 0.0,
            "_thrs_surprisingness": 1.0,
            "_thrs_intensity": 1.0,
            "_thrs_interestingness": 0.69231,
            "_thrs_logistic_regression": 0.9998,
            "_thrs_random_forest": 0.87
        },
        {
            "expression": "\u22a2 ( ( A \u2208 B \u2227 A \u2208 C ) \u2192 \u2200 x ( x = A \u2192 ( x \u2208 B \u2227 x \u2208 C ) ) )",
            "prop_expression": "( \ud835\udf11 \u2192 \ud835\udf13 ) \u22a2 ( \ud835\udf11 \u2192 \u2200 x \ud835\udf13 )",
            "step": 2,
            "theorem": "alrimiv",
            "ground_truth": "alrimiv \u22a2 ( ( A \u2208 B \u2227 A \u2208 C ) \u2192 \u2200 x ( x = A \u2192 ( x \u2208 B \u2227 x \u2208 C ) ) )",
            "ground_truth_display": false,
            "statement_depth": 0,
            "_thrs_random_uniform": 0.61119,
            "_thrs_reconstruct": 0.0,
            "_thrs_obviousness": 0.4449,
            "_thrs_weight": 0.30769,
            "_thrs_complexity": 0.0,
            "_thrs_surprisingness": 1.0,
            "_thrs_intensity": 0.22012,
            "_thrs_interestingness": 0.39454,
            "_thrs_logistic_regression": 0.98546,
            "_thrs_random_forest": 0.955
        },
        {
            "expression": "\u22a2 ( ( A \u2208 B \u2227 A \u2208 C ) \u2192 ( x = A \u2192 ( x \u2208 B \u2227 x \u2208 C ) ) )",
            "prop_expression": "( \ud835\udf11 \u2192 ( \ud835\udf13 \u2192 \ud835\udf12 ) ), ( \ud835\udf03 \u2192 ( \ud835\udf13 \u2192 \ud835\udf0f ) ) \u22a2 ( ( \ud835\udf11 \u2227 \ud835\udf03 ) \u2192 ( \ud835\udf13 \u2192 ( \ud835\udf12 \u2227 \ud835\udf0f ) ) )",
            "step": 3,
            "theorem": "anim12ii",
            "ground_truth": "anim12ii \u22a2 ( ( A \u2208 B \u2227 A \u2208 C ) \u2192 ( x = A \u2192 ( x \u2208 B \u2227 x \u2208 C ) ) )",
            "ground_truth_display": false,
            "statement_depth": 0,
            "_thrs_random_uniform": 0.72414,
            "_thrs_reconstruct": 0.00308,
            "_thrs_obviousness": 0.4449,
            "_thrs_weight": 0.38462,
            "_thrs_complexity": 0.0,
            "_thrs_surprisingness": 1.0,
            "_thrs_intensity": 0.28894,
            "_thrs_interestingness": 0.42369,
            "_thrs_logistic_regression": 0.99063,
            "_thrs_random_forest": 0.745
        },
        {
            "expression": "\u22a2 ( A \u2208 B \u2192 ( x = A \u2192 x \u2208 B ) )",
            "prop_expression": " \u22a2 ( A \u2208 B \u2192 ( C = A \u2192 C \u2208 B ) )",
            "step": 4,
            "theorem": "eleq1a",
            "ground_truth": "eleq1a \u22a2 ( A \u2208 B \u2192 ( x = A \u2192 x \u2208 B ) )",
            "ground_truth_display": false,
            "statement_depth": 0,
            "_thrs_random_uniform": 0.01574,
            "_thrs_reconstruct": 0.46399,
            "_thrs_obviousness": 0.20306,
            "_thrs_weight": 0.84615,
            "_thrs_complexity": 1.0,
            "_thrs_surprisingness": 0.0,
            "_thrs_intensity": 0.07779,
            "_thrs_interestingness": 0.4254,
            "_thrs_logistic_regression": 0.56356,
            "_thrs_random_forest": 0.83
        },
        {
            "expression": "\u22a2 ( A \u2208 C \u2192 ( x = A \u2192 x \u2208 C ) )",
            "prop_expression": " \u22a2 ( A \u2208 B \u2192 ( C = A \u2192 C \u2208 B ) )",
            "step": 5,
            "theorem": "eleq1a",
            "ground_truth": "eleq1a \u22a2 ( A \u2208 C \u2192 ( x = A \u2192 x \u2208 C ) )",
            "ground_truth_display": false,
            "statement_depth": 0,
            "_thrs_random_uniform": 0.97534,
            "_thrs_reconstruct": 0.46399,
            "_thrs_obviousness": 0.20306,
            "_thrs_weight": 0.84615,
            "_thrs_complexity": 1.0,
            "_thrs_surprisingness": 0.28571,
            "_thrs_intensity": 0.07779,
            "_thrs_interestingness": 0.48254,
            "_thrs_logistic_regression": 0.46721,
            "_thrs_random_forest": 0.85
        },
        {
            "expression": "\u22a2 ( ( A \u2208 B \u2227 A \u2208 C ) \u2192 \u2203 x x = A )",
            "prop_expression": "( \ud835\udf11 \u2192 \ud835\udf13 ) \u22a2 ( ( \ud835\udf11 \u2227 \ud835\udf12 ) \u2192 \ud835\udf13 )",
            "step": 6,
            "theorem": "adantr",
            "ground_truth": "adantr \u22a2 ( ( A \u2208 B \u2227 A \u2208 C ) \u2192 \u2203 x x = A )",
            "ground_truth_display": false,
            "statement_depth": 0,
            "_thrs_random_uniform": 0.19767,
            "_thrs_reconstruct": 0.00023,
            "_thrs_obviousness": 0.48071,
            "_thrs_weight": 0.76923,
            "_thrs_complexity": 0.0,
            "_thrs_surprisingness": 1.0,
            "_thrs_intensity": 0.18728,
            "_thrs_interestingness": 0.48744,
            "_thrs_logistic_regression": 0.98875,
            "_thrs_random_forest": 0.96
        },
        {
            "expression": "\u22a2 ( A \u2208 B \u2192 \u2203 x x = A )",
            "prop_expression": " \u22a2 ( A \u2208 V \u2192 \u2203 x x = A )",
            "step": 7,
            "theorem": "elisset",
            "ground_truth": "elisset \u22a2 ( A \u2208 B \u2192 \u2203 x x = A )",
            "ground_truth_display": false,
            "statement_depth": 0,
            "_thrs_random_uniform": 0.6534,
            "_thrs_reconstruct": 1.0,
            "_thrs_obviousness": 0.48059,
            "_thrs_weight": 1.0,
            "_thrs_complexity": 1.0,
            "_thrs_surprisingness": 0.0,
            "_thrs_intensity": 0.13254,
            "_thrs_interestingness": 0.52263,
            "_thrs_logistic_regression": 0.66239,
            "_thrs_random_forest": 0.845
        },
        {
            "expression": "\u22a2 ( \u2200 x ( x = A \u2192 ( x \u2208 B \u2227 x \u2208 C ) ) \u2192 ( \u2203 x x = A \u2192 \u2203 x ( x \u2208 B \u2227 x \u2208 C ) ) )",
            "prop_expression": " \u22a2 ( \u2200 x ( \ud835\udf11 \u2192 \ud835\udf13 ) \u2192 ( \u2203 x \ud835\udf11 \u2192 \u2203 x \ud835\udf13 ) )",
            "step": 8,
            "theorem": "exim",
            "ground_truth": "exim \u22a2 ( \u2200 x ( x = A \u2192 ( x \u2208 B \u2227 x \u2208 C ) ) \u2192 ( \u2203 x x = A \u2192 \u2203 x ( x \u2208 B \u2227 x \u2208 C ) ) )",
            "ground_truth_display": false,
            "statement_depth": 0,
            "_thrs_random_uniform": 0.68996,
            "_thrs_reconstruct": 0.07182,
            "_thrs_obviousness": 0.0,
            "_thrs_weight": 0.0,
            "_thrs_complexity": 0.0,
            "_thrs_surprisingness": 1.0,
            "_thrs_intensity": 0.0,