{
    "theorem": "elfi",
    "hyps": [
        [
            1,
            2
        ],
        [
            1,
            4
        ],
        [
            2,
            3
        ],
        [
            4,
            5
        ],
        [
            5,
            6
        ]
    ],
    "expression": "( ( A \u2208 V \u2227 B \u2208 W ) \u2192 ( A \u2208 ( fi ` B ) \u2194 \u2203 x \u2208 ( \ud835\udcab B \u2229 Fin ) A = \u2229 x ) )",
    "steps": [
        {
            "expression": "\u22a2 ( ( A \u2208 V \u2227 B \u2208 W ) \u2192 ( A \u2208 ( fi ` B ) \u2194 \u2203 x \u2208 ( \ud835\udcab B \u2229 Fin ) A = \u2229 x ) )",
            "prop_expression": "( \ud835\udf11 \u2192 ( \ud835\udf13 \u2194 \ud835\udf12 ) ), ( \ud835\udf03 \u2192 ( \ud835\udf12 \u2194 \ud835\udf0f ) ) \u22a2 ( ( \ud835\udf03 \u2227 \ud835\udf11 ) \u2192 ( \ud835\udf13 \u2194 \ud835\udf0f ) )",
            "step": 1,
            "theorem": "sylan9bbr",
            "ground_truth": "sylan9bbr \u22a2 ( ( A \u2208 V \u2227 B \u2208 W ) \u2192 ( A \u2208 ( fi ` B ) \u2194 \u2203 x \u2208 ( \ud835\udcab B \u2229 Fin ) A = \u2229 x ) )",
            "ground_truth_display": false,
            "statement_depth": 0,
            "_thrs_random_uniform": 0.38483,
            "_thrs_reconstruct": 0.0,
            "_thrs_obviousness": 1.0,
            "_thrs_weight": 0.25,
            "_thrs_complexity": 0.0,
            "_thrs_surprisingness": 1.0,
            "_thrs_intensity": 1.0,
            "_thrs_interestingness": 0.65,
            "_thrs_logistic_regression": 0.99976,
            "_thrs_random_forest": 0.93
        },
        {
            "expression": "\u22a2 ( B \u2208 W \u2192 ( A \u2208 ( fi ` B ) \u2194 A \u2208 { y | \u2203 x \u2208 ( \ud835\udcab B \u2229 Fin ) y = \u2229 x } ) )",
            "prop_expression": "( \ud835\udf11 \u2192 A = B ) \u22a2 ( \ud835\udf11 \u2192 ( C \u2208 A \u2194 C \u2208 B ) )",
            "step": 2,
            "theorem": "eleq2d",
            "ground_truth": "eleq2d \u22a2 ( B \u2208 W \u2192 ( A \u2208 ( fi ` B ) \u2194 A \u2208 { y | \u2203 x \u2208 ( \ud835\udcab B \u2229 Fin ) y = \u2229 x } ) )",
            "ground_truth_display": false,
            "statement_depth": 0,
            "_thrs_random_uniform": 0.48911,
            "_thrs_reconstruct": 0.0,
            "_thrs_obviousness": 0.99998,
            "_thrs_weight": 0.25,
            "_thrs_complexity": 0.0,
            "_thrs_surprisingness": 1.0,
            "_thrs_intensity": 0.24349,
            "_thrs_interestingness": 0.49869,
            "_thrs_logistic_regression": 0.98579,
            "_thrs_random_forest": 0.82
        },
        {
            "expression": "\u22a2 ( B \u2208 W \u2192 ( fi ` B ) = { y | \u2203 x \u2208 ( \ud835\udcab B \u2229 Fin ) y = \u2229 x } )",
            "prop_expression": " \u22a2 ( A \u2208 V \u2192 ( fi ` A ) = { y | \u2203 x \u2208 ( \ud835\udcab A \u2229 Fin ) y = \u2229 x } )",
            "step": 3,
            "theorem": "fival",
            "ground_truth": "fival \u22a2 ( B \u2208 W \u2192 ( fi ` B ) = { y | \u2203 x \u2208 ( \ud835\udcab B \u2229 Fin ) y = \u2229 x } )",
            "ground_truth_display": false,
            "statement_depth": 0,
            "_thrs_random_uniform": 0.61182,
            "_thrs_reconstruct": 1.0,
            "_thrs_obviousness": 0.99998,
            "_thrs_weight": 0.5,
            "_thrs_complexity": 0.125,
            "_thrs_surprisingness": 0.875,
            "_thrs_intensity": 0.12249,
            "_thrs_interestingness": 0.52449,
            "_thrs_logistic_regression": 0.96641,
            "_thrs_random_forest": 0.81
        },
        {
            "expression": "\u22a2 ( A \u2208 V \u2192 ( A \u2208 { y | \u2203 x \u2208 ( \ud835\udcab B \u2229 Fin ) y = \u2229 x } \u2194 \u2203 x \u2208 ( \ud835\udcab B \u2229 Fin ) A = \u2229 x ) )",
            "prop_expression": "( x = A \u2192 ( \ud835\udf11 \u2194 \ud835\udf13 ) ) \u22a2 ( A \u2208 V \u2192 ( A \u2208 { x | \ud835\udf11 } \u2194 \ud835\udf13 ) )",
            "step": 4,
            "theorem": "elabg",
            "ground_truth": "elabg \u22a2 ( A \u2208 V \u2192 ( A \u2208 { y | \u2203 x \u2208 ( \ud835\udcab B \u2229 Fin ) y = \u2229 x } \u2194 \u2203 x \u2208 ( \ud835\udcab B \u2229 Fin ) A = \u2229 x ) )",
            "ground_truth_display": false,
            "statement_depth": 0,
            "_thrs_random_uniform": 0.55929,
            "_thrs_reconstruct": 2e-05,
            "_thrs_obviousness": 2e-05,
            "_thrs_weight": 0.0,
            "_thrs_complexity": 0.25,
            "_thrs_surprisingness": 0.625,
            "_thrs_intensity": 0.27824,
            "_thrs_interestingness": 0.23065,
            "_thrs_logistic_regression": 0.97103,
            "_thrs_random_forest": 0.79
        },
        {
            "expression": "\u22a2 ( y = A \u2192 ( \u2203 x \u2208 ( \ud835\udcab B \u2229 Fin ) y = \u2229 x \u2194 \u2203 x \u2208 ( \ud835\udcab B \u2229 Fin ) A = \u2229 x ) )",
            "prop_expression": "( \ud835\udf11 \u2192 ( \ud835\udf13 \u2194 \ud835\udf12 ) ) \u22a2 ( \ud835\udf11 \u2192 ( \u2203 x \u2208 A \ud835\udf13 \u2194 \u2203 x \u2208 A \ud835\udf12 ) )",
            "step": 5,
            "theorem": "rexbidv",
            "ground_truth": "rexbidv \u22a2 ( y = A \u2192 ( \u2203 x \u2208 ( \ud835\udcab B \u2229 Fin ) y = \u2229 x \u2194 \u2203 x \u2208 ( \ud835\udcab B \u2229 Fin ) A = \u2229 x ) )",
            "ground_truth_display": false,
            "statement_depth": 0,
            "_thrs_random_uniform": 0.51709,
            "_thrs_reconstruct": 0.0,
            "_thrs_obviousness": 0.0,
            "_thrs_weight": 0.25,
            "_thrs_complexity": 0.375,
            "_thrs_surprisingness": 0.625,
            "_thrs_intensity": 0.26131,
            "_thrs_interestingness": 0.30226,
            "_thrs_logistic_regression": 0.95364,
            "_thrs_random_forest": 0.505
        },
        {
            "expression": "\u22a2 ( y = A \u2192 ( y = \u2229 x \u2194 A = \u2229 x ) )",
            "prop_expression": " \u22a2 ( A = B \u2192 ( A = C \u2194 B = C ) )",
            "step": 6,
            "theorem": "eqeq1",
            "ground_truth": "eqeq1 \u22a2 ( y = A \u2192 ( y = \u2229 x \u2194 A = \u2229 x ) )",
            "ground_truth_display": false,
            "statement_depth": 0,
            "_thrs_random_uniform": 0.32541,
            "_thrs_reconstruct": 0.0,
            "_thrs_obviousness": 0.0,
            "_thrs_weight": 1.0,
            "_thrs_complexity": 1.0,
            "_thrs_surprisingness": 0.0,
            "_thrs_intensity": 0.0,
            "_thrs_interestingness": 0.4,
            "_thrs_logistic_regression": 0.5,
            "_thrs_random_forest": 0.51833
        }
    ]
}