{
    "theorem": "elmapg",
    "hyps": [
        [
            1,
            2
        ],
        [
            1,
            4
        ],
        [
            2,
            3
        ],
        [
            4,
            5
        ],
        [
            4,
            8
        ],
        [
            5,
            6
        ],
        [
            6,
            7
        ],
        [
            8,
            9
        ]
    ],
    "expression": "( ( A \u2208 V \u2227 B \u2208 W ) \u2192 ( C \u2208 ( A ^m B ) \u2194 C : B -\u2192 A ) )",
    "steps": [
        {
            "expression": "\u22a2 ( ( A \u2208 V \u2227 B \u2208 W ) \u2192 ( C \u2208 ( A ^m B ) \u2194 C : B -\u2192 A ) )",
            "prop_expression": "( \ud835\udf11 \u2192 ( \ud835\udf13 \u2194 \ud835\udf12 ) ), ( \ud835\udf11 \u2192 ( \ud835\udf12 \u2194 \ud835\udf03 ) ) \u22a2 ( \ud835\udf11 \u2192 ( \ud835\udf13 \u2194 \ud835\udf03 ) )",
            "step": 1,
            "theorem": "bitrd",
            "ground_truth": "bitrd \u22a2 ( ( A \u2208 V \u2227 B \u2208 W ) \u2192 ( C \u2208 ( A ^m B ) \u2194 C : B -\u2192 A ) )",
            "ground_truth_display": false,
            "statement_depth": 0,
            "_thrs_random_uniform": 0.10440776994165668,
            "_thrs_reconstruct": 1.2123154252067341e-10,
            "_thrs_obviousness": 1.0,
            "_thrs_weight": 0.375,
            "_thrs_complexity": 0.25,
            "_thrs_surprisingness": 0.9444444444444444,
            "_thrs_intensity": 1.0,
            "_thrs_interestingness": 0.7138888888888889,
            "_thrs_logistic_regression": 0.9992872799065743,
            "_thrs_random_forest": 0.995
        },
        {
            "expression": "\u22a2 ( ( A \u2208 V \u2227 B \u2208 W ) \u2192 ( C \u2208 ( A ^m B ) \u2194 C \u2208 { g | g : B -\u2192 A } ) )",
            "prop_expression": "( \ud835\udf11 \u2192 A = B ) \u22a2 ( \ud835\udf11 \u2192 ( C \u2208 A \u2194 C \u2208 B ) )",
            "step": 2,
            "theorem": "eleq2d",
            "ground_truth": "eleq2d \u22a2 ( ( A \u2208 V \u2227 B \u2208 W ) \u2192 ( C \u2208 ( A ^m B ) \u2194 C \u2208 { g | g : B -\u2192 A } ) )",
            "ground_truth_display": false,
            "statement_depth": 0,
            "_thrs_random_uniform": 0.521183657180394,
            "_thrs_reconstruct": 3.3028840746406874e-09,
            "_thrs_obviousness": 0.9316636955331752,
            "_thrs_weight": 0.0,
            "_thrs_complexity": 0.0,
            "_thrs_surprisingness": 0.9444444444444444,
            "_thrs_intensity": 0.23823529411764707,
            "_thrs_interestingness": 0.4228686868190533,
            "_thrs_logistic_regression": 0.98294287823462,
            "_thrs_random_forest": 0.88
        },
        {
            "expression": "\u22a2 ( ( A \u2208 V \u2227 B \u2208 W ) \u2192 ( A ^m B ) = { g | g : B -\u2192 A } )",
            "prop_expression": " \u22a2 ( ( A \u2208 C \u2227 B \u2208 D ) \u2192 ( A ^m B ) = { f | f : B -\u2192 A } )",
            "step": 3,
            "theorem": "mapvalg",
            "ground_truth": "mapvalg \u22a2 ( ( A \u2208 V \u2227 B \u2208 W ) \u2192 ( A ^m B ) = { g | g : B -\u2192 A } )",
            "ground_truth_display": false,
            "statement_depth": 0,
            "_thrs_random_uniform": 0.2304883272312147,
            "_thrs_reconstruct": 1.0,
            "_thrs_obviousness": 0.9316636924279805,
            "_thrs_weight": 0.5,
            "_thrs_complexity": 0.25,
            "_thrs_surprisingness": 0.6111111111111112,
            "_thrs_intensity": 0.045378151260504186,
            "_thrs_interestingness": 0.46763059095991916,
            "_thrs_logistic_regression": 0.935319882722967,
            "_thrs_random_forest": 0.82
        },
        {
            "expression": "\u22a2 ( ( A \u2208 V \u2227 B \u2208 W ) \u2192 ( C \u2208 { g | g : B -\u2192 A } \u2194 C : B -\u2192 A ) )",
            "prop_expression": "( \ud835\udf11 \u2192 \ud835\udf13 ), ( \ud835\udf13 \u2192 \ud835\udf12 ) \u22a2 ( \ud835\udf11 \u2192 \ud835\udf12 )",
            "step": 4,
            "theorem": "syl",
            "ground_truth": "syl \u22a2 ( ( A \u2208 V \u2227 B \u2208 W ) \u2192 ( C \u2208 { g | g : B -\u2192 A } \u2194 C : B -\u2192 A ) )",
            "ground_truth_display": false,
            "statement_depth": 0,
            "_thrs_random_uniform": 0.4727868942234914,
            "_thrs_reconstruct": 0.0,
            "_thrs_obviousness": 0.05985898461926393,
            "_thrs_weight": 0.125,
            "_thrs_complexity": 0.25,
            "_thrs_surprisingness": 0.5555555555555558,
            "_thrs_intensity": 0.7121107266435986,
            "_thrs_interestingness": 0.34050505336368364,
            "_thrs_logistic_regression": 0.9976736457861863,
            "_thrs_random_forest": 0.924375
        },
        {
            "expression": "\u22a2 ( ( A \u2208 V \u2227 B \u2208 W ) \u2192 ( C : B -\u2192 A \u2192 C \u2208 V ) )",
            "prop_expression": "( ( \ud835\udf11 \u2227 \ud835\udf13 \u2227 \ud835\udf12 ) \u2192 \ud835\udf03 ) \u22a2 ( ( \ud835\udf11 \u2227 \ud835\udf13 ) \u2192 ( \ud835\udf12 \u2192 \ud835\udf03 ) )",
            "step": 5,
            "theorem": "3expia",
            "ground_truth": "3expia \u22a2 ( ( A \u2208 V \u2227 B \u2208 W ) \u2192 ( C : B -\u2192 A \u2192 C \u2208 V ) )",
            "ground_truth_display": false,
            "statement_depth": 0,
            "_thrs_random_uniform": 0.4677874313342887,
            "_thrs_reconstruct": 4.177542482919327e-11,
            "_thrs_obviousness": 0.05134693608992864,
            "_thrs_weight": 0.625,
            "_thrs_complexity": 0.25,
            "_thrs_surprisingness": 1.0,
            "_thrs_intensity": 0.31764705882352945,
            "_thrs_interestingness": 0.4487987989826917,
            "_thrs_logistic_regression": 0.9782966244677627,
            "_thrs_random_forest": 0.72
        },
        {
            "expression": "\u22a2 ( ( A \u2208 V \u2227 B \u2208 W \u2227 C : B -\u2192 A ) \u2192 C \u2208 V )",
            "prop_expression": "( ( \ud835\udf11 \u2227 \ud835\udf13 \u2227 \ud835\udf12 ) \u2192 \ud835\udf03 ) \u22a2 ( ( \ud835\udf12 \u2227 \ud835\udf13 \u2227 \ud835\udf11 ) \u2192 \ud835\udf03 )",
            "step": 6,
            "theorem": "3com13",
            "ground_truth": "3com13 \u22a2 ( ( A \u2208 V \u2227 B \u2208 W \u2227 C : B -\u2192 A ) \u2192 C \u2208 V )",
            "ground_truth_display": false,
            "statement_depth": 0,
            "_thrs_random_uniform": 0.2894676775473428,
            "_thrs_reconstruct": 1.930603155874976e-09,
            "_thrs_obviousness": 0.05134693605063591,
            "_thrs_weight": 0.625,
            "_thrs_complexity": 0.25,
            "_thrs_surprisingness": 1.0,
            "_thrs_intensity": 0.31764705882352945,
            "_thrs_interestingness": 0.4487987989748331,
            "_thrs_logistic_regression": 0.978296624467834,
            "_thrs_random_forest": 0.605
        },
        {
            "expression": "\u22a2 ( ( C : B -\u2192 A \u2227 B \u2208 W \u2227 A \u2208 V ) \u2192 C \u2208 V )",
            "prop_expression": " \u22a2 ( ( F : A -\u2192 B \u2227 A \u2208 V \u2227 B \u2208 W ) \u2192 F \u2208 V )",
            "step": 7,
            "theorem": "fex2",
            "ground_truth": "fex2 \u22a2 ( ( C : B -\u2192 A \u2227 B \u2208 W \u2227 A \u2208 V ) \u2192 C \u2208 V )",
            "ground_truth_display": false,
            "statement_depth": 0,
            "_thrs_random_uniform": 0.0010828241993696697,
            "_thrs_reconstruct": 0.06363327755650582,
            "_thrs_obviousness": 0.05134693423557876,
            "_thrs_weight": 0.625,
            "_thrs_complexity": 0.25,
            "_thrs_surprisingness": 1.0,
            "_thrs_intensity": 0.07330316742081451,
            "_thrs_interestingness": 0.39993002033127867,
            "_thrs_logistic_regression": 0.9234339576663257,