{
    "theorem": "elqsg",
    "hyps": [
        [
            1,
            2
        ],
        [
            1,
            4
        ],
        [
            2,
            3
        ]
    ],
    "expression": "( B \u2208 V \u2192 ( B \u2208 ( A /. .~ ) \u2194 \u2203 x \u2208 A B = [ x ] .~ ) )",
    "steps": [
        {
            "expression": "\u22a2 ( B \u2208 V \u2192 ( B \u2208 ( A /. .~ ) \u2194 \u2203 x \u2208 A B = [ x ] .~ ) )",
            "prop_expression": "( x = A \u2192 ( \ud835\udf11 \u2194 \ud835\udf13 ) ), B = { x | \ud835\udf11 } \u22a2 ( A \u2208 V \u2192 ( A \u2208 B \u2194 \ud835\udf13 ) )",
            "step": 1,
            "theorem": "elab2g",
            "ground_truth": "elab2g \u22a2 ( B \u2208 V \u2192 ( B \u2208 ( A /. .~ ) \u2194 \u2203 x \u2208 A B = [ x ] .~ ) )",
            "ground_truth_display": false,
            "statement_depth": 0,
            "_thrs_random_uniform": 0.5472654132457391,
            "_thrs_reconstruct": 1.0,
            "_thrs_obviousness": 1.0,
            "_thrs_weight": 0.0,
            "_thrs_complexity": 0.0,
            "_thrs_surprisingness": 1.0,
            "_thrs_intensity": 1.0,
            "_thrs_interestingness": 0.6,
            "_thrs_logistic_regression": 0.9996913885209483,
            "_thrs_random_forest": 0.855
        },
        {
            "expression": "\u22a2 ( y = B \u2192 ( \u2203 x \u2208 A y = [ x ] .~ \u2194 \u2203 x \u2208 A B = [ x ] .~ ) )",
            "prop_expression": "( \ud835\udf11 \u2192 ( \ud835\udf13 \u2194 \ud835\udf12 ) ) \u22a2 ( \ud835\udf11 \u2192 ( \u2203 x \u2208 A \ud835\udf13 \u2194 \u2203 x \u2208 A \ud835\udf12 ) )",
            "step": 2,
            "theorem": "rexbidv",
            "ground_truth": "rexbidv \u22a2 ( y = B \u2192 ( \u2203 x \u2208 A y = [ x ] .~ \u2194 \u2203 x \u2208 A B = [ x ] .~ ) )",
            "ground_truth_display": false,
            "statement_depth": 0,
            "_thrs_random_uniform": 0.643134451787809,
            "_thrs_reconstruct": 0.00017957528095225274,
            "_thrs_obviousness": 0.00023435375468454928,
            "_thrs_weight": 0.0,
            "_thrs_complexity": 0.33333333333333337,
            "_thrs_surprisingness": 0.6666666666666666,
            "_thrs_intensity": 0.29411764705882354,
            "_thrs_interestingness": 0.25887040016270163,
            "_thrs_logistic_regression": 0.9576179798547786,
            "_thrs_random_forest": 0.785
        },
        {
            "expression": "\u22a2 ( y = B \u2192 ( y = [ x ] .~ \u2194 B = [ x ] .~ ) )",
            "prop_expression": " \u22a2 ( A = B \u2192 ( A = C \u2194 B = C ) )",
            "step": 3,
            "theorem": "eqeq1",
            "ground_truth": "eqeq1 \u22a2 ( y = B \u2192 ( y = [ x ] .~ \u2194 B = [ x ] .~ ) )",
            "ground_truth_display": false,
            "statement_depth": 0,
            "_thrs_random_uniform": 0.720033101815273,
            "_thrs_reconstruct": 5.483320181006816e-05,
            "_thrs_obviousness": 5.482035142069351e-05,
            "_thrs_weight": 1.0,
            "_thrs_complexity": 1.0,
            "_thrs_surprisingness": 0.0,
            "_thrs_intensity": 0.0,
            "_thrs_interestingness": 0.4000109640702842,
            "_thrs_logistic_regression": 0.499998826888891,
            "_thrs_random_forest": 0.665
        },
        {
            "expression": "\u22a2 ( A /. .~ ) = { y | \u2203 x \u2208 A y = [ x ] .~ }",
            "prop_expression": " \u22a2 ( A /. .~ ) = { y | \u2203 x \u2208 A y = [ x ] .~ }",
            "step": 4,
            "theorem": "df-qs",
            "ground_truth": "df-qs \u22a2 ( A /. .~ ) = { y | \u2203 x \u2208 A y = [ x ] .~ }",
            "ground_truth_display": false,
            "statement_depth": 0,
            "_thrs_random_uniform": 0.6188628866490578,
            "_thrs_reconstruct": 0.0,
            "_thrs_obviousness": 0.0,
            "_thrs_weight": 0.6666666666666667,
            "_thrs_complexity": 0.33333333333333337,
            "_thrs_surprisingness": 0.6666666666666666,
            "_thrs_intensity": 0.08235294117647057,
            "_thrs_interestingness": 0.3498039215686274,
            "_thrs_logistic_regression": 0.9315635205960652,
            "_thrs_random_forest": 0.865
        }
    ]
}