{
    "theorem": "elrng",
    "hyps": [
        [
            1,
            2
        ],
        [
            1,
            3
        ],
        [
            3,
            4
        ]
    ],
    "expression": "( A \u2208 V \u2192 ( A \u2208 ran B \u2194 \u2203 x x B A ) )",
    "steps": [
        {
            "expression": "\u22a2 ( A \u2208 V \u2192 ( A \u2208 ran B \u2194 \u2203 x x B A ) )",
            "prop_expression": "( \ud835\udf11 \u2192 ( \ud835\udf13 \u2194 \ud835\udf12 ) ), ( \ud835\udf03 \u2194 \ud835\udf12 ) \u22a2 ( \ud835\udf11 \u2192 ( \ud835\udf13 \u2194 \ud835\udf03 ) )",
            "step": 1,
            "theorem": "syl6bbr",
            "ground_truth": "syl6bbr \u22a2 ( A \u2208 V \u2192 ( A \u2208 ran B \u2194 \u2203 x x B A ) )",
            "ground_truth_display": false,
            "statement_depth": 0,
            "_thrs_random_uniform": 0.8205347170749774,
            "_thrs_reconstruct": 3.0893473934166675e-09,
            "_thrs_obviousness": 1.0,
            "_thrs_weight": 0.19999999999999996,
            "_thrs_complexity": 0.0,
            "_thrs_surprisingness": 1.0,
            "_thrs_intensity": 1.0,
            "_thrs_interestingness": 0.64,
            "_thrs_logistic_regression": 0.9997449680630385,
            "_thrs_random_forest": 0.92
        },
        {
            "expression": "\u22a2 ( A \u2208 V \u2192 ( A \u2208 ran B \u2194 \u2203 x \u27e8 x , A \u27e9 \u2208 B ) )",
            "prop_expression": " \u22a2 ( A \u2208 V \u2192 ( A \u2208 ran B \u2194 \u2203 x \u27e8 x , A \u27e9 \u2208 B ) )",
            "step": 2,
            "theorem": "elrn2g",
            "ground_truth": "elrn2g \u22a2 ( A \u2208 V \u2192 ( A \u2208 ran B \u2194 \u2203 x \u27e8 x , A \u27e9 \u2208 B ) )",
            "ground_truth_display": false,
            "statement_depth": 0,
            "_thrs_random_uniform": 0.3902975882487343,
            "_thrs_reconstruct": 1.0,
            "_thrs_obviousness": 0.9999999596697964,
            "_thrs_weight": 0.0,
            "_thrs_complexity": 0.0,
            "_thrs_surprisingness": 1.0,
            "_thrs_intensity": 0.0,
            "_thrs_interestingness": 0.3999999919339593,
            "_thrs_logistic_regression": 0.9362818280300869,
            "_thrs_random_forest": 0.81
        },
        {
            "expression": "\u22a2 ( \u2203 x x B A \u2194 \u2203 x \u27e8 x , A \u27e9 \u2208 B )",
            "prop_expression": "( \ud835\udf11 \u2194 \ud835\udf13 ) \u22a2 ( \u2203 x \ud835\udf11 \u2194 \u2203 x \ud835\udf13 )",
            "step": 3,
            "theorem": "exbii",
            "ground_truth": "exbii \u22a2 ( \u2203 x x B A \u2194 \u2203 x \u27e8 x , A \u27e9 \u2208 B )",
            "ground_truth_display": false,
            "statement_depth": 0,
            "_thrs_random_uniform": 0.337126396234829,
            "_thrs_reconstruct": 3.724059136341527e-08,
            "_thrs_obviousness": 3.724067869199866e-08,
            "_thrs_weight": 0.6,
            "_thrs_complexity": 1.0,
            "_thrs_surprisingness": 0.0,
            "_thrs_intensity": 0.1971326164874552,
            "_thrs_interestingness": 0.35942653074562675,
            "_thrs_logistic_regression": 0.6642221867052273,
            "_thrs_random_forest": 0.855
        },
        {
            "expression": "\u22a2 ( x B A \u2194 \u27e8 x , A \u27e9 \u2208 B )",
            "prop_expression": " \u22a2 ( A R B \u2194 \u27e8 A , B \u27e9 \u2208 R )",
            "step": 4,
            "theorem": "df-br",
            "ground_truth": "df-br \u22a2 ( x B A \u2194 \u27e8 x , A \u27e9 \u2208 B )",
            "ground_truth_display": false,
            "statement_depth": 0,
            "_thrs_random_uniform": 0.3260345251664024,
            "_thrs_reconstruct": 0.0,
            "_thrs_obviousness": 0.0,
            "_thrs_weight": 1.0,
            "_thrs_complexity": 1.0,
            "_thrs_surprisingness": 0.0,
            "_thrs_intensity": 0.05069124423963131,
            "_thrs_interestingness": 0.41013824884792627,
            "_thrs_logistic_regression": 0.5679552179224543,
            "_thrs_random_forest": 0.395
        }
    ]
}