{
    "theorem": "elssabg",
    "hyps": [
        [
            1,
            2
        ],
        [
            1,
            5
        ],
        [
            2,
            3
        ],
        [
            3,
            4
        ],
        [
            5,
            6
        ],
        [
            6,
            7
        ],
        [
            6,
            8
        ]
    ],
    "expression": "( B \u2208 V \u2192 ( A \u2208 { x | ( x \u2286 B \u2227 \ud835\udf11 ) } \u2194 ( A \u2286 B \u2227 \ud835\udf13 ) ) )",
    "steps": [
        {
            "expression": "\u22a2 ( B \u2208 V \u2192 ( A \u2208 { x | ( x \u2286 B \u2227 \ud835\udf11 ) } \u2194 ( A \u2286 B \u2227 \ud835\udf13 ) ) )",
            "prop_expression": "( \ud835\udf11 \u2192 \ud835\udf13 ), ( \ud835\udf13 \u2192 \ud835\udf12 ) \u22a2 ( \ud835\udf11 \u2192 \ud835\udf12 )",
            "step": 1,
            "theorem": "syl",
            "ground_truth": "syl \u22a2 ( B \u2208 V \u2192 ( A \u2208 { x | ( x \u2286 B \u2227 \ud835\udf11 ) } \u2194 ( A \u2286 B \u2227 \ud835\udf13 ) ) )",
            "ground_truth_display": false,
            "statement_depth": 0,
            "_thrs_random_uniform": 0.52683,
            "_thrs_reconstruct": 0.0,
            "_thrs_obviousness": 1.0,
            "_thrs_weight": 0.28571,
            "_thrs_complexity": 0.0,
            "_thrs_surprisingness": 0.82353,
            "_thrs_intensity": 1.0,
            "_thrs_interestingness": 0.62185,
            "_thrs_logistic_regression": 0.99981,
            "_thrs_random_forest": 0.88
        },
        {
            "expression": "\u22a2 ( B \u2208 V \u2192 ( ( A \u2286 B \u2227 \ud835\udf13 ) \u2192 A \u2208 V ) )",
            "prop_expression": "( \ud835\udf11 \u2192 ( \ud835\udf13 \u2192 \ud835\udf12 ) ) \u22a2 ( \ud835\udf11 \u2192 ( ( \ud835\udf13 \u2227 \ud835\udf03 ) \u2192 \ud835\udf12 ) )",
            "step": 2,
            "theorem": "adantrd",
            "ground_truth": "adantrd \u22a2 ( B \u2208 V \u2192 ( ( A \u2286 B \u2227 \ud835\udf13 ) \u2192 A \u2208 V ) )",
            "ground_truth_display": false,
            "statement_depth": 0,
            "_thrs_random_uniform": 0.61618,
            "_thrs_reconstruct": 0.0,
            "_thrs_obviousness": 0.63587,
            "_thrs_weight": 0.57143,
            "_thrs_complexity": 0.25,
            "_thrs_surprisingness": 1.0,
            "_thrs_intensity": 0.43043,
            "_thrs_interestingness": 0.57755,
            "_thrs_logistic_regression": 0.98682,
            "_thrs_random_forest": 0.895
        },
        {
            "expression": "\u22a2 ( B \u2208 V \u2192 ( A \u2286 B \u2192 A \u2208 V ) )",
            "prop_expression": "( ( \ud835\udf11 \u2227 \ud835\udf13 ) \u2192 \ud835\udf12 ) \u22a2 ( \ud835\udf13 \u2192 ( \ud835\udf11 \u2192 \ud835\udf12 ) )",
            "step": 3,
            "theorem": "expcom",
            "ground_truth": "expcom \u22a2 ( B \u2208 V \u2192 ( A \u2286 B \u2192 A \u2208 V ) )",
            "ground_truth_display": false,
            "statement_depth": 0,
            "_thrs_random_uniform": 0.58706,
            "_thrs_reconstruct": 0.0,
            "_thrs_obviousness": 0.63587,
            "_thrs_weight": 0.64286,
            "_thrs_complexity": 0.5,
            "_thrs_surprisingness": 0.88235,
            "_thrs_intensity": 0.3913,
            "_thrs_interestingness": 0.61048,
            "_thrs_logistic_regression": 0.95529,
            "_thrs_random_forest": 0.74
        },
        {
            "expression": "\u22a2 ( ( A \u2286 B \u2227 B \u2208 V ) \u2192 A \u2208 V )",
            "prop_expression": " \u22a2 ( ( A \u2286 B \u2227 B \u2208 C ) \u2192 A \u2208 V )",
            "step": 4,
            "theorem": "ssexg",
            "ground_truth": "ssexg \u22a2 ( ( A \u2286 B \u2227 B \u2208 V ) \u2192 A \u2208 V )",
            "ground_truth_display": false,
            "statement_depth": 0,
            "_thrs_random_uniform": 0.86374,
            "_thrs_reconstruct": 1.0,
            "_thrs_obviousness": 0.63587,
            "_thrs_weight": 0.64286,
            "_thrs_complexity": 0.5,
            "_thrs_surprisingness": 0.88235,
            "_thrs_intensity": 0.13043,
            "_thrs_interestingness": 0.5583,
            "_thrs_logistic_regression": 0.83946,
            "_thrs_random_forest": 0.8275
        },
        {
            "expression": "\u22a2 ( ( ( A \u2286 B \u2227 \ud835\udf13 ) \u2192 A \u2208 V ) \u2192 ( A \u2208 { x | ( x \u2286 B \u2227 \ud835\udf11 ) } \u2194 ( A \u2286 B \u2227 \ud835\udf13 ) ) )",
            "prop_expression": "( x = A \u2192 ( \ud835\udf11 \u2194 \ud835\udf13 ) ) \u22a2 ( ( \ud835\udf13 \u2192 A \u2208 B ) \u2192 ( A \u2208 { x | \ud835\udf11 } \u2194 \ud835\udf13 ) )",
            "step": 5,
            "theorem": "elab3g",
            "ground_truth": "elab3g \u22a2 ( ( ( A \u2286 B \u2227 \ud835\udf13 ) \u2192 A \u2208 V ) \u2192 ( A \u2208 { x | ( x \u2286 B \u2227 \ud835\udf11 ) } \u2194 ( A \u2286 B \u2227 \ud835\udf13 ) ) )",
            "ground_truth_display": false,
            "statement_depth": 0,
            "_thrs_random_uniform": 0.07102,
            "_thrs_reconstruct": 0.56749,
            "_thrs_obviousness": 0.36413,
            "_thrs_weight": 0.0,
            "_thrs_complexity": 0.0,
            "_thrs_surprisingness": 0.82353,
            "_thrs_intensity": 0.18841,
            "_thrs_interestingness": 0.27521,
            "_thrs_logistic_regression": 0.98197,
            "_thrs_random_forest": 0.88
        },
        {
            "expression": "\u22a2 ( x = A \u2192 ( ( x \u2286 B \u2227 \ud835\udf11 ) \u2194 ( A \u2286 B \u2227 \ud835\udf13 ) ) )",
            "prop_expression": "( \ud835\udf11 \u2192 ( \ud835\udf13 \u2194 \ud835\udf12 ) ), ( \ud835\udf11 \u2192 ( \ud835\udf03 \u2194 \ud835\udf0f ) ) \u22a2 ( \ud835\udf11 \u2192 ( ( \ud835\udf13 \u2227 \ud835\udf03 ) \u2194 ( \ud835\udf12 \u2227 \ud835\udf0f ) ) )",
            "step": 6,
            "theorem": "anbi12d",
            "ground_truth": "anbi12d \u22a2 ( x = A \u2192 ( ( x \u2286 B \u2227 \ud835\udf11 ) \u2194 ( A \u2286 B \u2227 \ud835\udf13 ) ) )",
            "ground_truth_display": false,
            "statement_depth": 0,
            "_thrs_random_uniform": 0.95756,
            "_thrs_reconstruct": 5e-05,
            "_thrs_obviousness": 0.00329,
            "_thrs_weight": 0.57143,
            "_thrs_complexity": 0.5,
            "_thrs_surprisingness": 0.23529,
            "_thrs_intensity": 0.54783,
            "_thrs_interestingness": 0.37157,
            "_thrs_logistic_regression": 0.99158,
            "_thrs_random_forest": 0.865
        },
        {
            "expression": "\u22a2 ( x = A \u2192 ( x \u2286 B \u2194 A \u2286 B ) )",
            "prop_expression": " \u22a2 ( A = B \u2192 ( A \u2286 C \u2194 B \u2286 C ) )",
            "step": 7,
            "theorem": "sseq1",
            "ground_truth": "sseq1 \u22a2 ( x = A \u2192 ( x \u2286 B \u2194 A \u2286 B ) )",
            "ground_truth_display": false,
            "statement_depth": 0,
            "_thrs_random_uniform": 0.53743,
            "_thrs_reconstruct": 0.00512,
            "_thrs_obviousness": 0.00326,
            "_thrs_weight": 0.71429,
            "_thrs_complexity": 1.0,
            "_thrs_surprisingness": 0.0,
            "_thrs_intensity": 0.0,
            "_thrs_interestingness": 0.34351,
            "_thrs_logistic_regression": 0.43223,
            "_thrs_random_forest": 0.51
        },
        {
            "expression": "\u22a2 ( x = A \u2192 ( \ud835\udf11 \u2194 \ud835\udf13 ) )",
            "prop_expression": " \u22a2 ( x = A \u2192 ( \ud835\udf11 \u2194 \ud835\udf13 ) )",
            "step": 8,
            "theorem": "elssabg.1",
            "ground_truth": "elssabg.1 \u22a2 ( x = A \u2192 ( \ud835\udf11 \u2194 \ud835\udf13 ) )",
            "ground_truth_display": false,
            "statement_depth": 0,