{
    "theorem": "en2d",
    "hyps": [
        [
            1,
            2
        ],
        [
            1,
            3
        ],
        [
            1,
            4
        ],
        [
            1,
            11
        ],
        [
            4,
            5
        ],
        [
            4,
            6
        ],
        [
            4,
            8
        ],
        [
            4,
            10
        ],
        [
            6,
            7
        ],
        [
            8,
            9
        ]
    ],
    "expression": "( \ud835\udf11 \u2192 A \u2248 B )",
    "steps": [
        {
            "expression": "\u22a2 ( \ud835\udf11 \u2192 A \u2248 B )",
            "prop_expression": "( \ud835\udf11 \u2192 \ud835\udf13 ), ( \ud835\udf11 \u2192 \ud835\udf12 ), ( \ud835\udf11 \u2192 \ud835\udf03 ), ( ( \ud835\udf13 \u2227 \ud835\udf12 \u2227 \ud835\udf03 ) \u2192 \ud835\udf0f ) \u22a2 ( \ud835\udf11 \u2192 \ud835\udf0f )",
            "step": 1,
            "theorem": "syl3anc",
            "ground_truth": "syl3anc \u22a2 ( \ud835\udf11 \u2192 A \u2248 B )",
            "ground_truth_display": false,
            "statement_depth": 0,
            "_thrs_random_uniform": 0.4715220434077638,
            "_thrs_reconstruct": 2.638323916130655e-11,
            "_thrs_obviousness": 1.0,
            "_thrs_weight": 1.0,
            "_thrs_complexity": 1.0,
            "_thrs_surprisingness": 0.067619659492451,
            "_thrs_intensity": 1.0,
            "_thrs_interestingness": 0.8135239318984901,
            "_thrs_logistic_regression": 0.9946136553065463,
            "_thrs_random_forest": 0.995
        },
        {
            "expression": "\u22a2 ( \ud835\udf11 \u2192 A \u2208 V )",
            "prop_expression": " \u22a2 ( \ud835\udf11 \u2192 A \u2208 V )",
            "step": 2,
            "theorem": "en2d.1",
            "ground_truth": "en2d.1 \u22a2 ( \ud835\udf11 \u2192 A \u2208 V )",
            "ground_truth_display": false,
            "statement_depth": 0,
            "_thrs_random_uniform": 0.46862924215596535,
            "_thrs_reconstruct": 0.0,
            "_thrs_obviousness": 0.0,
            "_thrs_weight": 1.0,
            "_thrs_complexity": 1.0,
            "_thrs_surprisingness": 0.0,
            "_thrs_intensity": 0.1724137931034483,
            "_thrs_interestingness": 0.4344827586206897,
            "_thrs_logistic_regression": 0.7171337678941816,
            "_thrs_random_forest": 0.99
        },
        {
            "expression": "\u22a2 ( \ud835\udf11 \u2192 B \u2208 V )",
            "prop_expression": " \u22a2 ( \ud835\udf11 \u2192 B \u2208 V )",
            "step": 3,
            "theorem": "en2d.2",
            "ground_truth": "en2d.2 \u22a2 ( \ud835\udf11 \u2192 B \u2208 V )",
            "ground_truth_display": false,
            "statement_depth": 0,
            "_thrs_random_uniform": 0.6410575655371858,
            "_thrs_reconstruct": 0.0,
            "_thrs_obviousness": 0.0,
            "_thrs_weight": 1.0,
            "_thrs_complexity": 1.0,
            "_thrs_surprisingness": 2.995783298056959e-17,
            "_thrs_intensity": 0.1724137931034483,
            "_thrs_interestingness": 0.4344827586206897,
            "_thrs_logistic_regression": 0.7171337678941816,
            "_thrs_random_forest": 0.99
        },
        {
            "expression": "\u22a2 ( \ud835\udf11 \u2192 ( x \u2208 A |\u2192 C ) : A -1-1-onto\u2192 B )",
            "prop_expression": "F = ( x \u2208 A |\u2192 C ), ( ( \ud835\udf11 \u2227 x \u2208 A ) \u2192 C \u2208 W ), ( ( \ud835\udf11 \u2227 y \u2208 B ) \u2192 D \u2208 X ), ( \ud835\udf11 \u2192 ( ( x \u2208 A \u2227 y = C ) \u2194 ( y \u2208 B \u2227 x = D ) ) ) \u22a2 ( \ud835\udf11 \u2192 F : A -1-1-onto\u2192 B )",
            "step": 4,
            "theorem": "f1od",
            "ground_truth": "f1od \u22a2 ( \ud835\udf11 \u2192 ( x \u2208 A |\u2192 C ) : A -1-1-onto\u2192 B )",
            "ground_truth_display": false,
            "statement_depth": 0,
            "_thrs_random_uniform": 0.09058781760226142,
            "_thrs_reconstruct": 1.0,
            "_thrs_obviousness": 0.8510416123722653,
            "_thrs_weight": 0.6153846153846154,
            "_thrs_complexity": 0.19999999999999996,
            "_thrs_surprisingness": 0.5891423064567941,
            "_thrs_intensity": 0.9003831417624522,
            "_thrs_interestingness": 0.6311903351952254,
            "_thrs_logistic_regression": 0.9995407823342217,
            "_thrs_random_forest": 0.899
        },
        {
            "expression": "\u22a2 ( x \u2208 A |\u2192 C ) = ( x \u2208 A |\u2192 C )",
            "prop_expression": " \u22a2 A = A",
            "step": 5,
            "theorem": "eqid",
            "ground_truth": "eqid \u22a2 ( x \u2208 A |\u2192 C ) = ( x \u2208 A |\u2192 C )",
            "ground_truth_display": false,
            "statement_depth": 0,
            "_thrs_random_uniform": 0.3904658926140395,
            "_thrs_reconstruct": 9.7867521456779e-12,
            "_thrs_obviousness": 8.328933325835255e-12,
            "_thrs_weight": 0.5384615384615384,
            "_thrs_complexity": 0.8,
            "_thrs_surprisingness": 0.026662383552842936,
            "_thrs_intensity": 0.0,
            "_thrs_interestingness": 0.2730247844045421,
            "_thrs_logistic_regression": 0.6318001658414968,
            "_thrs_random_forest": 0.85
        },
        {
            "expression": "\u22a2 ( ( \ud835\udf11 \u2227 x \u2208 A ) \u2192 C \u2208 V )",
            "prop_expression": "( \ud835\udf11 \u2192 ( \ud835\udf13 \u2192 \ud835\udf12 ) ) \u22a2 ( ( \ud835\udf11 \u2227 \ud835\udf13 ) \u2192 \ud835\udf12 )",
            "step": 6,
            "theorem": "imp",
            "ground_truth": "imp \u22a2 ( ( \ud835\udf11 \u2227 x \u2208 A ) \u2192 C \u2208 V )",
            "ground_truth_display": false,
            "statement_depth": 0,
            "_thrs_random_uniform": 0.5597018699641132,
            "_thrs_reconstruct": 1.7139626139943757e-12,
            "_thrs_obviousness": 1.4608338555784347e-12,
            "_thrs_weight": 0.7692307692307692,
            "_thrs_complexity": 0.6,
            "_thrs_surprisingness": 0.13877288788949563,
            "_thrs_intensity": 0.1724137931034483,
            "_thrs_interestingness": 0.3360834900450348,
            "_thrs_logistic_regression": 0.9278905413609094,
            "_thrs_random_forest": 0.97
        },
        {
            "expression": "\u22a2 ( \ud835\udf11 \u2192 ( x \u2208 A \u2192 C \u2208 V ) )",
            "prop_expression": " \u22a2 ( \ud835\udf11 \u2192 ( x \u2208 A \u2192 C \u2208 V ) )",
            "step": 7,
            "theorem": "en2d.3",
            "ground_truth": "en2d.3 \u22a2 ( \ud835\udf11 \u2192 ( x \u2208 A \u2192 C \u2208 V ) )",
            "ground_truth_display": false,
            "statement_depth": 0,
            "_thrs_random_uniform": 0.5984476928612842,
            "_thrs_reconstruct": 0.0,
            "_thrs_obviousness": 0.0,
            "_thrs_weight": 0.7692307692307692,
            "_thrs_complexity": 0.6,
            "_thrs_surprisingness": 0.13877288788949563,
            "_thrs_intensity": 0.1231527093596059,
            "_thrs_interestingness": 0.3262312732959741,
            "_thrs_logistic_regression": 0.9079562259532905,
            "_thrs_random_forest": 0.98
        },
        {
            "expression": "\u22a2 ( ( \ud835\udf11 \u2227 y \u2208 B ) \u2192 D \u2208 V )",
            "prop_expression": "( \ud835\udf11 \u2192 ( \ud835\udf13 \u2192 \ud835\udf12 ) ) \u22a2 ( ( \ud835\udf11 \u2227 \ud835\udf13 ) \u2192 \ud835\udf12 )",
            "step": 8,
            "theorem": "imp",
            "ground_truth": "imp \u22a2 ( ( \ud835\udf11 \u2227 y \u2208 B ) \u2192 D \u2208 V )",
            "ground_truth_display": false,
            "statement_depth": 0,
            "_thrs_random_uniform": 0.9114079432621569,