{
    "theorem": "enfi",
    "hyps": [
        [
            1,
            2
        ],
        [
            1,
            4
        ],
        [
            1,
            5
        ],
        [
            2,
            3
        ]
    ],
    "expression": "( A \u2248 B \u2192 ( A \u2208 Fin \u2194 B \u2208 Fin ) )",
    "steps": [
        {
            "expression": "\u22a2 ( A \u2248 B \u2192 ( A \u2208 Fin \u2194 B \u2208 Fin ) )",
            "prop_expression": "( \ud835\udf11 \u2192 ( \ud835\udf13 \u2194 \ud835\udf12 ) ), ( \ud835\udf03 \u2194 \ud835\udf13 ), ( \ud835\udf0f \u2194 \ud835\udf12 ) \u22a2 ( \ud835\udf11 \u2192 ( \ud835\udf03 \u2194 \ud835\udf0f ) )",
            "step": 1,
            "theorem": "3bitr4g",
            "ground_truth": "3bitr4g \u22a2 ( A \u2248 B \u2192 ( A \u2208 Fin \u2194 B \u2208 Fin ) )",
            "ground_truth_display": false,
            "statement_depth": 0,
            "_thrs_random_uniform": 0.20344922408511756,
            "_thrs_reconstruct": 0.0,
            "_thrs_obviousness": 1.0,
            "_thrs_weight": 1.0,
            "_thrs_complexity": 0.5,
            "_thrs_surprisingness": 1.0,
            "_thrs_intensity": 1.0,
            "_thrs_interestingness": 0.9,
            "_thrs_logistic_regression": 0.9984931691498001,
            "_thrs_random_forest": 0.87
        },
        {
            "expression": "\u22a2 ( A \u2248 B \u2192 ( \u2203 x \u2208 _om A \u2248 x \u2194 \u2203 x \u2208 _om B \u2248 x ) )",
            "prop_expression": "( \ud835\udf11 \u2192 ( \ud835\udf13 \u2194 \ud835\udf12 ) ) \u22a2 ( \ud835\udf11 \u2192 ( \u2203 x \u2208 A \ud835\udf13 \u2194 \u2203 x \u2208 A \ud835\udf12 ) )",
            "step": 2,
            "theorem": "rexbidv",
            "ground_truth": "rexbidv \u22a2 ( A \u2248 B \u2192 ( \u2203 x \u2208 _om A \u2248 x \u2194 \u2203 x \u2208 _om B \u2248 x ) )",
            "ground_truth_display": false,
            "statement_depth": 0,
            "_thrs_random_uniform": 0.8821501252712634,
            "_thrs_reconstruct": 1.2645442922293252e-10,
            "_thrs_obviousness": 0.9972247025843205,
            "_thrs_weight": 0.0,
            "_thrs_complexity": 0.0,
            "_thrs_surprisingness": 1.0,
            "_thrs_intensity": 0.2094890510948905,
            "_thrs_interestingness": 0.4413427507358422,
            "_thrs_logistic_regression": 0.9785010655101413,
            "_thrs_random_forest": 0.72
        },
        {
            "expression": "\u22a2 ( A \u2248 B \u2192 ( A \u2248 x \u2194 B \u2248 x ) )",
            "prop_expression": " \u22a2 ( A \u2248 B \u2192 ( A \u2248 C \u2194 B \u2248 C ) )",
            "step": 3,
            "theorem": "enen1",
            "ground_truth": "enen1 \u22a2 ( A \u2248 B \u2192 ( A \u2248 x \u2194 B \u2248 x ) )",
            "ground_truth_display": false,
            "statement_depth": 0,
            "_thrs_random_uniform": 0.7139312968262911,
            "_thrs_reconstruct": 1.0,
            "_thrs_obviousness": 0.997224702447572,
            "_thrs_weight": 1.0,
            "_thrs_complexity": 1.0,
            "_thrs_surprisingness": 0.0,
            "_thrs_intensity": 0.0,
            "_thrs_interestingness": 0.5994449404895145,
            "_thrs_logistic_regression": 0.47867314697111185,
            "_thrs_random_forest": 0.815
        },
        {
            "expression": "\u22a2 ( A \u2208 Fin \u2194 \u2203 x \u2208 _om A \u2248 x )",
            "prop_expression": " \u22a2 ( A \u2208 Fin \u2194 \u2203 x \u2208 _om A \u2248 x )",
            "step": 4,
            "theorem": "isfi",
            "ground_truth": "isfi \u22a2 ( A \u2208 Fin \u2194 \u2203 x \u2208 _om A \u2248 x )",
            "ground_truth_display": false,
            "statement_depth": 0,
            "_thrs_random_uniform": 0.6592930092709275,
            "_thrs_reconstruct": 0.0013895769369882882,
            "_thrs_obviousness": 0.0,
            "_thrs_weight": 1.0,
            "_thrs_complexity": 0.0,
            "_thrs_surprisingness": 0.6000000000000003,
            "_thrs_intensity": 0.1021897810218978,
            "_thrs_interestingness": 0.3404379562043796,
            "_thrs_logistic_regression": 0.9919973554811297,
            "_thrs_random_forest": 0.9375
        },
        {
            "expression": "\u22a2 ( B \u2208 Fin \u2194 \u2203 x \u2208 _om B \u2248 x )",
            "prop_expression": " \u22a2 ( A \u2208 Fin \u2194 \u2203 x \u2208 _om A \u2248 x )",
            "step": 5,
            "theorem": "isfi",
            "ground_truth": "isfi \u22a2 ( B \u2208 Fin \u2194 \u2203 x \u2208 _om B \u2248 x )",
            "ground_truth_display": false,
            "statement_depth": 0,
            "_thrs_random_uniform": 0.3644992711620708,
            "_thrs_reconstruct": 0.0013895769369882882,
            "_thrs_obviousness": 0.0,
            "_thrs_weight": 1.0,
            "_thrs_complexity": 0.0,
            "_thrs_surprisingness": 0.6000000000000003,
            "_thrs_intensity": 0.1021897810218978,
            "_thrs_interestingness": 0.3404379562043796,
            "_thrs_logistic_regression": 0.9919973554811297,
            "_thrs_random_forest": 0.9375
        }
    ]
}