{
    "theorem": "equsex",
    "hyps": [
        [
            1,
            2
        ],
        [
            1,
            3
        ],
        [
            1,
            5
        ],
        [
            3,
            4
        ],
        [
            5,
            6
        ],
        [
            6,
            7
        ],
        [
            6,
            9
        ],
        [
            7,
            8
        ],
        [
            9,
            10
        ]
    ],
    "expression": "( \u2203 x ( x = y \u2227 \ud835\udf11 ) \u2194 \ud835\udf13 )",
    "steps": [
        {
            "expression": "\u22a2 ( \u2203 x ( x = y \u2227 \ud835\udf11 ) \u2194 \ud835\udf13 )",
            "prop_expression": "( \ud835\udf11 \u2194 \ud835\udf13 ), ( \ud835\udf12 \u2194 \ud835\udf11 ), ( \ud835\udf03 \u2194 \ud835\udf13 ) \u22a2 ( \ud835\udf12 \u2194 \ud835\udf03 )",
            "step": 1,
            "theorem": "3bitr4i",
            "ground_truth": "3bitr4i \u22a2 ( \u2203 x ( x = y \u2227 \ud835\udf11 ) \u2194 \ud835\udf13 )",
            "ground_truth_display": false,
            "statement_depth": 0,
            "_thrs_random_uniform": 0.1351619547471391,
            "_thrs_reconstruct": 0.044082989848103195,
            "_thrs_obviousness": 1.0,
            "_thrs_weight": 0.6,
            "_thrs_complexity": 0.0,
            "_thrs_surprisingness": 1.0,
            "_thrs_intensity": 1.0,
            "_thrs_interestingness": 0.72,
            "_thrs_logistic_regression": 0.9998258401129859,
            "_thrs_random_forest": 0.9
        },
        {
            "expression": "\u22a2 ( \u2203 x \u00ac ( x = y \u2192 \u00ac \ud835\udf11 ) \u2194 \u00ac \u2200 x ( x = y \u2192 \u00ac \ud835\udf11 ) )",
            "prop_expression": " \u22a2 ( \u2203 x \u00ac \ud835\udf11 \u2194 \u00ac \u2200 x \ud835\udf11 )",
            "step": 2,
            "theorem": "exnal",
            "ground_truth": "exnal \u22a2 ( \u2203 x \u00ac ( x = y \u2192 \u00ac \ud835\udf11 ) \u2194 \u00ac \u2200 x ( x = y \u2192 \u00ac \ud835\udf11 ) )",
            "ground_truth_display": false,
            "statement_depth": 0,
            "_thrs_random_uniform": 0.5754953397252814,
            "_thrs_reconstruct": 0.5143715174414167,
            "_thrs_obviousness": 0.24250633702871513,
            "_thrs_weight": 0.0,
            "_thrs_complexity": 0.5,
            "_thrs_surprisingness": 0.0,
            "_thrs_intensity": 0.0,
            "_thrs_interestingness": 0.14850126740574304,
            "_thrs_logistic_regression": 0.8272301178922788,
            "_thrs_random_forest": 0.985
        },
        {
            "expression": "\u22a2 ( \u2203 x ( x = y \u2227 \ud835\udf11 ) \u2194 \u2203 x \u00ac ( x = y \u2192 \u00ac \ud835\udf11 ) )",
            "prop_expression": "( \ud835\udf11 \u2194 \ud835\udf13 ) \u22a2 ( \u2203 x \ud835\udf11 \u2194 \u2203 x \ud835\udf13 )",
            "step": 3,
            "theorem": "exbii",
            "ground_truth": "exbii \u22a2 ( \u2203 x ( x = y \u2227 \ud835\udf11 ) \u2194 \u2203 x \u00ac ( x = y \u2192 \u00ac \ud835\udf11 ) )",
            "ground_truth_display": false,
            "statement_depth": 0,
            "_thrs_random_uniform": 0.6571611669058239,
            "_thrs_reconstruct": 1.0,
            "_thrs_obviousness": 0.47146256598494407,
            "_thrs_weight": 0.0,
            "_thrs_complexity": 0.5,
            "_thrs_surprisingness": 0.0,
            "_thrs_intensity": 0.09803921568627451,
            "_thrs_interestingness": 0.21390035633424373,
            "_thrs_logistic_regression": 0.8885001833670075,
            "_thrs_random_forest": 0.965
        },
        {
            "expression": "\u22a2 ( ( x = y \u2227 \ud835\udf11 ) \u2194 \u00ac ( x = y \u2192 \u00ac \ud835\udf11 ) )",
            "prop_expression": " \u22a2 ( ( \ud835\udf11 \u2227 \ud835\udf13 ) \u2194 \u00ac ( \ud835\udf11 \u2192 \u00ac \ud835\udf13 ) )",
            "step": 4,
            "theorem": "df-an",
            "ground_truth": "df-an \u22a2 ( ( x = y \u2227 \ud835\udf11 ) \u2194 \u00ac ( x = y \u2192 \u00ac \ud835\udf11 ) )",
            "ground_truth_display": false,
            "statement_depth": 0,
            "_thrs_random_uniform": 0.035484689008284165,
            "_thrs_reconstruct": 0.0,
            "_thrs_obviousness": 0.0,
            "_thrs_weight": 0.4,
            "_thrs_complexity": 0.5,
            "_thrs_surprisingness": 0.0,
            "_thrs_intensity": 0.032679738562091505,
            "_thrs_interestingness": 0.1865359477124183,
            "_thrs_logistic_regression": 0.895172957852841,
            "_thrs_random_forest": 0.445
        },
        {
            "expression": "\u22a2 ( \ud835\udf13 \u2194 \u00ac \u2200 x ( x = y \u2192 \u00ac \ud835\udf11 ) )",
            "prop_expression": "( \ud835\udf11 \u2194 \u00ac \ud835\udf13 ) \u22a2 ( \ud835\udf13 \u2194 \u00ac \ud835\udf11 )",
            "step": 5,
            "theorem": "con2bii",
            "ground_truth": "con2bii \u22a2 ( \ud835\udf13 \u2194 \u00ac \u2200 x ( x = y \u2192 \u00ac \ud835\udf11 ) )",
            "ground_truth_display": false,
            "statement_depth": 0,
            "_thrs_random_uniform": 0.2942669593610894,
            "_thrs_reconstruct": 0.24356203724906494,
            "_thrs_obviousness": 0.2652442933004055,
            "_thrs_weight": 0.6,
            "_thrs_complexity": 0.0,
            "_thrs_surprisingness": 1.0,
            "_thrs_intensity": 0.16339869281045752,
            "_thrs_interestingness": 0.4057285972221726,
            "_thrs_logistic_regression": 0.985287399143111,
            "_thrs_random_forest": 0.97
        },
        {
            "expression": "\u22a2 ( \u2200 x ( x = y \u2192 \u00ac \ud835\udf11 ) \u2194 \u00ac \ud835\udf13 )",
            "prop_expression": "( \ud835\udf13 \u2192 \u2200 x \ud835\udf13 ), ( x = y \u2192 ( \ud835\udf11 \u2194 \ud835\udf13 ) ) \u22a2 ( \u2200 x ( x = y \u2192 \ud835\udf11 ) \u2194 \ud835\udf13 )",
            "step": 6,
            "theorem": "equsal",
            "ground_truth": "equsal \u22a2 ( \u2200 x ( x = y \u2192 \u00ac \ud835\udf11 ) \u2194 \u00ac \ud835\udf13 )",
            "ground_truth_display": false,
            "statement_depth": 0,
            "_thrs_random_uniform": 0.14477408388619617,
            "_thrs_reconstruct": 0.13678106633081444,
            "_thrs_obviousness": 0.15041305956469617,
            "_thrs_weight": 0.6,
            "_thrs_complexity": 0.0,
            "_thrs_surprisingness": 1.0,
            "_thrs_intensity": 0.2679738562091503,
            "_thrs_interestingness": 0.4036773831547693,
            "_thrs_logistic_regression": 0.9916599538703494,
            "_thrs_random_forest": 0.7
        },
        {
            "expression": "\u22a2 ( \u00ac \ud835\udf13 \u2192 \u2200 x \u00ac \ud835\udf13 )",
            "prop_expression": "( \ud835\udf11 \u2192 \u2200 x \ud835\udf11 ) \u22a2 ( \u00ac \ud835\udf11 \u2192 \u2200 x \u00ac \ud835\udf11 )",
            "step": 7,
            "theorem": "hbn",
            "ground_truth": "hbn \u22a2 ( \u00ac \ud835\udf13 \u2192 \u2200 x \u00ac \ud835\udf13 )",
            "ground_truth_display": false,
            "statement_depth": 0,
            "_thrs_random_uniform": 0.604761481955254,
            "_thrs_reconstruct": 0.001252289901534234,
            "_thrs_obviousness": 0.0005915309856525621,
            "_thrs_weight": 1.0,
            "_thrs_complexity": 1.0,
            "_thrs_surprisingness": 0.0,
            "_thrs_intensity": 0.16339869281045752,
            "_thrs_interestingness": 0.432798044759222,
            "_thrs_logistic_regression": 0.707152660854461,
            "_thrs_random_forest": 0.61
        },
        {
            "expression": "\u22a2 ( \ud835\udf13 \u2192 \u2200 x \ud835\udf13 )",
            "prop_expression": " \u22a2 ( \ud835\udf13 \u2192 \u2200 x \ud835\udf13 )",
            "step": 8,
            "theorem": "equsex.1",