{
    "theorem": "eubid",
    "hyps": [
        [
            1,
            2
        ],
        [
            1,
            7
        ],
        [
            1,
            8
        ],
        [
            2,
            3
        ],
        [
            3,
            4
        ],
        [
            3,
            5
        ],
        [
            5,
            6
        ]
    ],
    "expression": "( \ud835\udf11 \u2192 ( E! x \ud835\udf13 \u2194 E! x \ud835\udf12 ) )",
    "steps": [
        {
            "expression": "\u22a2 ( \ud835\udf11 \u2192 ( E! x \ud835\udf13 \u2194 E! x \ud835\udf12 ) )",
            "prop_expression": "( \ud835\udf11 \u2192 ( \ud835\udf13 \u2194 \ud835\udf12 ) ), ( \ud835\udf03 \u2194 \ud835\udf13 ), ( \ud835\udf0f \u2194 \ud835\udf12 ) \u22a2 ( \ud835\udf11 \u2192 ( \ud835\udf03 \u2194 \ud835\udf0f ) )",
            "step": 1,
            "theorem": "3bitr4g",
            "ground_truth": "3bitr4g \u22a2 ( \ud835\udf11 \u2192 ( E! x \ud835\udf13 \u2194 E! x \ud835\udf12 ) )",
            "ground_truth_display": false,
            "statement_depth": 0,
            "_thrs_random_uniform": 0.9298757758296782,
            "_thrs_reconstruct": 0.15874526528704047,
            "_thrs_obviousness": 1.0,
            "_thrs_weight": 0.75,
            "_thrs_complexity": 0.33333333333333337,
            "_thrs_surprisingness": 1.0,
            "_thrs_intensity": 1.0,
            "_thrs_interestingness": 0.8166666666666668,
            "_thrs_logistic_regression": 0.9991794189837795,
            "_thrs_random_forest": 0.95
        },
        {
            "expression": "\u22a2 ( \ud835\udf11 \u2192 ( \u2203 y \u2200 x ( \ud835\udf13 \u2194 x = y ) \u2194 \u2203 y \u2200 x ( \ud835\udf12 \u2194 x = y ) ) )",
            "prop_expression": "( \ud835\udf11 \u2192 ( \ud835\udf13 \u2194 \ud835\udf12 ) ) \u22a2 ( \ud835\udf11 \u2192 ( \u2203 x \ud835\udf13 \u2194 \u2203 x \ud835\udf12 ) )",
            "step": 2,
            "theorem": "exbidv",
            "ground_truth": "exbidv \u22a2 ( \ud835\udf11 \u2192 ( \u2203 y \u2200 x ( \ud835\udf13 \u2194 x = y ) \u2194 \u2203 y \u2200 x ( \ud835\udf12 \u2194 x = y ) ) )",
            "ground_truth_display": false,
            "statement_depth": 0,
            "_thrs_random_uniform": 0.26239681024355754,
            "_thrs_reconstruct": 1.0,
            "_thrs_obviousness": 0.902748371127272,
            "_thrs_weight": 0.0,
            "_thrs_complexity": 0.0,
            "_thrs_surprisingness": 1.0,
            "_thrs_intensity": 0.10909090909090907,
            "_thrs_interestingness": 0.4023678560436362,
            "_thrs_logistic_regression": 0.9638893935490456,
            "_thrs_random_forest": 0.99
        },
        {
            "expression": "\u22a2 ( \ud835\udf11 \u2192 ( \u2200 x ( \ud835\udf13 \u2194 x = y ) \u2194 \u2200 x ( \ud835\udf12 \u2194 x = y ) ) )",
            "prop_expression": "( \ud835\udf11 \u2192 \u2200 x \ud835\udf11 ), ( \ud835\udf11 \u2192 ( \ud835\udf13 \u2194 \ud835\udf12 ) ) \u22a2 ( \ud835\udf11 \u2192 ( \u2200 x \ud835\udf13 \u2194 \u2200 x \ud835\udf12 ) )",
            "step": 3,
            "theorem": "albid",
            "ground_truth": "albid \u22a2 ( \ud835\udf11 \u2192 ( \u2200 x ( \ud835\udf13 \u2194 x = y ) \u2194 \u2200 x ( \ud835\udf12 \u2194 x = y ) ) )",
            "ground_truth_display": false,
            "statement_depth": 0,
            "_thrs_random_uniform": 0.4857544500741161,
            "_thrs_reconstruct": 0.00723445058247703,
            "_thrs_obviousness": 0.29014756659053814,
            "_thrs_weight": 0.25,
            "_thrs_complexity": 0.0,
            "_thrs_surprisingness": 1.0,
            "_thrs_intensity": 0.1911111111111111,
            "_thrs_interestingness": 0.34625173554032984,
            "_thrs_logistic_regression": 0.982325774609273,
            "_thrs_random_forest": 0.81
        },
        {
            "expression": "\u22a2 ( \ud835\udf11 \u2192 \u2200 x \ud835\udf11 )",
            "prop_expression": " \u22a2 ( \ud835\udf11 \u2192 \u2200 x \ud835\udf11 )",
            "step": 4,
            "theorem": "eubid.1",
            "ground_truth": "eubid.1 \u22a2 ( \ud835\udf11 \u2192 \u2200 x \ud835\udf11 )",
            "ground_truth_display": false,
            "statement_depth": 0,
            "_thrs_random_uniform": 0.09264130180644348,
            "_thrs_reconstruct": 0.0,
            "_thrs_obviousness": 0.0,
            "_thrs_weight": 1.0,
            "_thrs_complexity": 1.0,
            "_thrs_surprisingness": 0.0,
            "_thrs_intensity": 0.06666666666666667,
            "_thrs_interestingness": 0.4133333333333334,
            "_thrs_logistic_regression": 0.5889705870063715,
            "_thrs_random_forest": 0.87
        },
        {
            "expression": "\u22a2 ( \ud835\udf11 \u2192 ( ( \ud835\udf13 \u2194 x = y ) \u2194 ( \ud835\udf12 \u2194 x = y ) ) )",
            "prop_expression": "( \ud835\udf11 \u2192 ( \ud835\udf13 \u2194 \ud835\udf12 ) ) \u22a2 ( \ud835\udf11 \u2192 ( ( \ud835\udf13 \u2194 \ud835\udf03 ) \u2194 ( \ud835\udf12 \u2194 \ud835\udf03 ) ) )",
            "step": 5,
            "theorem": "bibi1d",
            "ground_truth": "bibi1d \u22a2 ( \ud835\udf11 \u2192 ( ( \ud835\udf13 \u2194 x = y ) \u2194 ( \ud835\udf12 \u2194 x = y ) ) )",
            "ground_truth_display": false,
            "statement_depth": 0,
            "_thrs_random_uniform": 0.9670674187981378,
            "_thrs_reconstruct": 0.466391886347807,
            "_thrs_obviousness": 0.28571282451426055,
            "_thrs_weight": 0.5,
            "_thrs_complexity": 0.0,
            "_thrs_surprisingness": 1.0,
            "_thrs_intensity": 0.08,
            "_thrs_interestingness": 0.37314256490285214,
            "_thrs_logistic_regression": 0.9748422836997032,
            "_thrs_random_forest": 0.835
        },
        {
            "expression": "\u22a2 ( \ud835\udf11 \u2192 ( \ud835\udf13 \u2194 \ud835\udf12 ) )",
            "prop_expression": " \u22a2 ( \ud835\udf11 \u2192 ( \ud835\udf13 \u2194 \ud835\udf12 ) )",
            "step": 6,
            "theorem": "eubid.2",
            "ground_truth": "eubid.2 \u22a2 ( \ud835\udf11 \u2192 ( \ud835\udf13 \u2194 \ud835\udf12 ) )",
            "ground_truth_display": false,
            "statement_depth": 0,
            "_thrs_random_uniform": 0.6312250071999967,
            "_thrs_reconstruct": 0.0,
            "_thrs_obviousness": 0.0,
            "_thrs_weight": 1.0,
            "_thrs_complexity": 0.6666666666666667,
            "_thrs_surprisingness": 1.0,
            "_thrs_intensity": 0.15999999999999998,
            "_thrs_interestingness": 0.5653333333333335,
            "_thrs_logistic_regression": 0.7689865600145596,
            "_thrs_random_forest": 0.99
        },
        {
            "expression": "\u22a2 ( E! x \ud835\udf13 \u2194 \u2203 y \u2200 x ( \ud835\udf13 \u2194 x = y ) )",
            "prop_expression": " \u22a2 ( E! x \ud835\udf11 \u2194 \u2203 y \u2200 x ( \ud835\udf11 \u2194 x = y ) )",
            "step": 7,
            "theorem": "df-eu",
            "ground_truth": "df-eu \u22a2 ( E! x \ud835\udf13 \u2194 \u2203 y \u2200 x ( \ud835\udf13 \u2194 x = y ) )",
            "ground_truth_display": false,
            "statement_depth": 0,
            "_thrs_random_uniform": 0.20319783831923044,
            "_thrs_reconstruct": 0.0,
            "_thrs_obviousness": 0.0,
            "_thrs_weight": 0.5,
            "_thrs_complexity": 0.6666666666666667,
            "_thrs_surprisingness": 0.0,
            "_thrs_intensity": 0.0,
            "_thrs_interestingness": 0.23333333333333334,
            "_thrs_logistic_regression": 0.7715134407902495,
            "_thrs_random_forest": 0.985
        },
        {
            "expression": "\u22a2 ( E! x \ud835\udf12 \u2194 \u2203 y \u2200 x ( \ud835\udf12 \u2194 x = y ) )",