{
    "theorem": "eubid",
    "hyps": [
        [
            1,
            2
        ],
        [
            1,
            7
        ],
        [
            1,
            8
        ],
        [
            2,
            3
        ],
        [
            3,
            4
        ],
        [
            3,
            5
        ],
        [
            5,
            6
        ]
    ],
    "expression": "( \ud835\udf11 \u2192 ( E! x \ud835\udf13 \u2194 E! x \ud835\udf12 ) )",
    "steps": [
        {
            "expression": "\u22a2 ( \ud835\udf11 \u2192 ( E! x \ud835\udf13 \u2194 E! x \ud835\udf12 ) )",
            "prop_expression": "( \ud835\udf11 \u2192 ( \ud835\udf13 \u2194 \ud835\udf12 ) ), ( \ud835\udf03 \u2194 \ud835\udf13 ), ( \ud835\udf0f \u2194 \ud835\udf12 ) \u22a2 ( \ud835\udf11 \u2192 ( \ud835\udf03 \u2194 \ud835\udf0f ) )",
            "step": 1,
            "theorem": "3bitr4g",
            "ground_truth": "3bitr4g \u22a2 ( \ud835\udf11 \u2192 ( E! x \ud835\udf13 \u2194 E! x \ud835\udf12 ) )",
            "ground_truth_display": false,
            "statement_depth": 0,
            "_thrs_random_uniform": 0.80041,
            "_thrs_reconstruct": 0.15875,
            "_thrs_obviousness": 1.0,
            "_thrs_weight": 0.75,
            "_thrs_complexity": 0.33333,
            "_thrs_surprisingness": 1.0,
            "_thrs_intensity": 1.0,
            "_thrs_interestingness": 0.81667,
            "_thrs_logistic_regression": 0.99918,
            "_thrs_random_forest": 0.95
        },
        {
            "expression": "\u22a2 ( \ud835\udf11 \u2192 ( \u2203 y \u2200 x ( \ud835\udf13 \u2194 x = y ) \u2194 \u2203 y \u2200 x ( \ud835\udf12 \u2194 x = y ) ) )",
            "prop_expression": "( \ud835\udf11 \u2192 ( \ud835\udf13 \u2194 \ud835\udf12 ) ) \u22a2 ( \ud835\udf11 \u2192 ( \u2203 x \ud835\udf13 \u2194 \u2203 x \ud835\udf12 ) )",
            "step": 2,
            "theorem": "exbidv",
            "ground_truth": "exbidv \u22a2 ( \ud835\udf11 \u2192 ( \u2203 y \u2200 x ( \ud835\udf13 \u2194 x = y ) \u2194 \u2203 y \u2200 x ( \ud835\udf12 \u2194 x = y ) ) )",
            "ground_truth_display": false,
            "statement_depth": 0,
            "_thrs_random_uniform": 0.95353,
            "_thrs_reconstruct": 1.0,
            "_thrs_obviousness": 0.90275,
            "_thrs_weight": 0.0,
            "_thrs_complexity": 0.0,
            "_thrs_surprisingness": 1.0,
            "_thrs_intensity": 0.10909,
            "_thrs_interestingness": 0.40237,
            "_thrs_logistic_regression": 0.96389,
            "_thrs_random_forest": 0.99
        },
        {
            "expression": "\u22a2 ( \ud835\udf11 \u2192 ( \u2200 x ( \ud835\udf13 \u2194 x = y ) \u2194 \u2200 x ( \ud835\udf12 \u2194 x = y ) ) )",
            "prop_expression": "( \ud835\udf11 \u2192 \u2200 x \ud835\udf11 ), ( \ud835\udf11 \u2192 ( \ud835\udf13 \u2194 \ud835\udf12 ) ) \u22a2 ( \ud835\udf11 \u2192 ( \u2200 x \ud835\udf13 \u2194 \u2200 x \ud835\udf12 ) )",
            "step": 3,
            "theorem": "albid",
            "ground_truth": "albid \u22a2 ( \ud835\udf11 \u2192 ( \u2200 x ( \ud835\udf13 \u2194 x = y ) \u2194 \u2200 x ( \ud835\udf12 \u2194 x = y ) ) )",
            "ground_truth_display": false,
            "statement_depth": 0,
            "_thrs_random_uniform": 0.70982,
            "_thrs_reconstruct": 0.00723,
            "_thrs_obviousness": 0.29015,
            "_thrs_weight": 0.25,
            "_thrs_complexity": 0.0,
            "_thrs_surprisingness": 1.0,
            "_thrs_intensity": 0.19111,
            "_thrs_interestingness": 0.34625,
            "_thrs_logistic_regression": 0.98233,
            "_thrs_random_forest": 0.81
        },
        {
            "expression": "\u22a2 ( \ud835\udf11 \u2192 \u2200 x \ud835\udf11 )",
            "prop_expression": " \u22a2 ( \ud835\udf11 \u2192 \u2200 x \ud835\udf11 )",
            "step": 4,
            "theorem": "eubid.1",
            "ground_truth": "eubid.1 \u22a2 ( \ud835\udf11 \u2192 \u2200 x \ud835\udf11 )",
            "ground_truth_display": false,
            "statement_depth": 0,
            "_thrs_random_uniform": 0.81778,
            "_thrs_reconstruct": 0.0,
            "_thrs_obviousness": 0.0,
            "_thrs_weight": 1.0,
            "_thrs_complexity": 1.0,
            "_thrs_surprisingness": 0.0,
            "_thrs_intensity": 0.06667,
            "_thrs_interestingness": 0.41333,
            "_thrs_logistic_regression": 0.58897,
            "_thrs_random_forest": 0.87
        },
        {
            "expression": "\u22a2 ( \ud835\udf11 \u2192 ( ( \ud835\udf13 \u2194 x = y ) \u2194 ( \ud835\udf12 \u2194 x = y ) ) )",
            "prop_expression": "( \ud835\udf11 \u2192 ( \ud835\udf13 \u2194 \ud835\udf12 ) ) \u22a2 ( \ud835\udf11 \u2192 ( ( \ud835\udf13 \u2194 \ud835\udf03 ) \u2194 ( \ud835\udf12 \u2194 \ud835\udf03 ) ) )",
            "step": 5,
            "theorem": "bibi1d",
            "ground_truth": "bibi1d \u22a2 ( \ud835\udf11 \u2192 ( ( \ud835\udf13 \u2194 x = y ) \u2194 ( \ud835\udf12 \u2194 x = y ) ) )",
            "ground_truth_display": false,
            "statement_depth": 0,
            "_thrs_random_uniform": 0.14839,
            "_thrs_reconstruct": 0.46639,
            "_thrs_obviousness": 0.28571,
            "_thrs_weight": 0.5,
            "_thrs_complexity": 0.0,
            "_thrs_surprisingness": 1.0,
            "_thrs_intensity": 0.08,
            "_thrs_interestingness": 0.37314,
            "_thrs_logistic_regression": 0.97484,
            "_thrs_random_forest": 0.835
        },
        {
            "expression": "\u22a2 ( \ud835\udf11 \u2192 ( \ud835\udf13 \u2194 \ud835\udf12 ) )",
            "prop_expression": " \u22a2 ( \ud835\udf11 \u2192 ( \ud835\udf13 \u2194 \ud835\udf12 ) )",
            "step": 6,
            "theorem": "eubid.2",
            "ground_truth": "eubid.2 \u22a2 ( \ud835\udf11 \u2192 ( \ud835\udf13 \u2194 \ud835\udf12 ) )",
            "ground_truth_display": false,
            "statement_depth": 0,
            "_thrs_random_uniform": 0.3573,
            "_thrs_reconstruct": 0.0,
            "_thrs_obviousness": 0.0,
            "_thrs_weight": 1.0,
            "_thrs_complexity": 0.66667,
            "_thrs_surprisingness": 1.0,
            "_thrs_intensity": 0.16,
            "_thrs_interestingness": 0.56533,
            "_thrs_logistic_regression": 0.76899,
            "_thrs_random_forest": 0.99
        },
        {
            "expression": "\u22a2 ( E! x \ud835\udf13 \u2194 \u2203 y \u2200 x ( \ud835\udf13 \u2194 x = y ) )",
            "prop_expression": " \u22a2 ( E! x \ud835\udf11 \u2194 \u2203 y \u2200 x ( \ud835\udf11 \u2194 x = y ) )",
            "step": 7,
            "theorem": "df-eu",
            "ground_truth": "df-eu \u22a2 ( E! x \ud835\udf13 \u2194 \u2203 y \u2200 x ( \ud835\udf13 \u2194 x = y ) )",
            "ground_truth_display": false,
            "statement_depth": 0,
            "_thrs_random_uniform": 0.54421,
            "_thrs_reconstruct": 0.0,
            "_thrs_obviousness": 0.0,
            "_thrs_weight": 0.5,
            "_thrs_complexity": 0.66667,
            "_thrs_surprisingness": 0.0,
            "_thrs_intensity": 0.0,
            "_thrs_interestingness": 0.23333,
            "_thrs_logistic_regression": 0.77151,
            "_thrs_random_forest": 0.985
        },
        {
            "expression": "\u22a2 ( E! x \ud835\udf12 \u2194 \u2203 y \u2200 x ( \ud835\udf12 \u2194 x = y ) )",
            "prop_expression": " \u22a2 ( E! x \ud835\udf11 \u2194 \u2203 y \u2200 x ( \ud835\udf11 \u2194 x = y ) )",
            "step": 8,
            "theorem": "df-eu",
            "ground_truth": "df-eu \u22a2 ( E! x \ud835\udf12 \u2194 \u2203 y \u2200 x ( \ud835\udf12 \u2194 x = y ) )",
            "ground_truth_display": false,
            "statement_depth": 0,
            "_thrs_random_uniform": 0.69497,
            "_thrs_reconstruct": 0.0,