{
    "theorem": "euuni2",
    "hyps": [
        [
            1,
            2
        ],
        [
            1,
            3
        ],
        [
            1,
            5
        ],
        [
            3,
            4
        ],
        [
            5,
            6
        ],
        [
            5,
            8
        ],
        [
            6,
            7
        ],
        [
            8,
            9
        ],
        [
            9,
            10
        ]
    ],
    "expression": "( ( A \u2208 B \u2227 E! x \ud835\udf11 ) \u2192 ( \ud835\udf13 \u2194 U. { x | \ud835\udf11 } = A ) )",
    "steps": [
        {
            "expression": "\u22a2 ( ( A \u2208 B \u2227 E! x \ud835\udf11 ) \u2192 ( \ud835\udf13 \u2194 U. { x | \ud835\udf11 } = A ) )",
            "prop_expression": "( \ud835\udf11 \u2192 \ud835\udf13 ), ( \ud835\udf0f \u2192 \ud835\udf12 ), ( ( \ud835\udf13 \u2227 \ud835\udf12 ) \u2192 \ud835\udf03 ) \u22a2 ( ( \ud835\udf11 \u2227 \ud835\udf0f ) \u2192 \ud835\udf03 )",
            "step": 1,
            "theorem": "syl2an",
            "ground_truth": "syl2an \u22a2 ( ( A \u2208 B \u2227 E! x \ud835\udf11 ) \u2192 ( \ud835\udf13 \u2194 U. { x | \ud835\udf11 } = A ) )",
            "ground_truth_display": false,
            "statement_depth": 0,
            "_thrs_random_uniform": 0.519348211038554,
            "_thrs_reconstruct": 6.874068294729133e-08,
            "_thrs_obviousness": 1.0,
            "_thrs_weight": 0.4,
            "_thrs_complexity": 0.0,
            "_thrs_surprisingness": 0.9756097560975611,
            "_thrs_intensity": 1.0,
            "_thrs_interestingness": 0.6751219512195121,
            "_thrs_logistic_regression": 0.9997960945424199,
            "_thrs_random_forest": 0.97
        },
        {
            "expression": "\u22a2 ( A \u2208 B \u2192 A \u2208 V )",
            "prop_expression": " \u22a2 ( A \u2208 B \u2192 A \u2208 V )",
            "step": 2,
            "theorem": "elex",
            "ground_truth": "elex \u22a2 ( A \u2208 B \u2192 A \u2208 V )",
            "ground_truth_display": false,
            "statement_depth": 0,
            "_thrs_random_uniform": 0.5733815139100307,
            "_thrs_reconstruct": 8.121073693533615e-06,
            "_thrs_obviousness": 8.050134452022006e-06,
            "_thrs_weight": 0.8,
            "_thrs_complexity": 1.0,
            "_thrs_surprisingness": 0.6829268292682928,
            "_thrs_intensity": 0.10416666666666664,
            "_thrs_interestingness": 0.5174203092138823,
            "_thrs_logistic_regression": 0.36500776166058113,
            "_thrs_random_forest": 0.88
        },
        {
            "expression": "\u22a2 ( E! x \ud835\udf11 \u2192 E! x \u2208 V \ud835\udf11 )",
            "prop_expression": "( \ud835\udf11 \u2194 \ud835\udf13 ) \u22a2 ( \ud835\udf13 \u2192 \ud835\udf11 )",
            "step": 3,
            "theorem": "biimpri",
            "ground_truth": "biimpri \u22a2 ( E! x \ud835\udf11 \u2192 E! x \u2208 V \ud835\udf11 )",
            "ground_truth_display": false,
            "statement_depth": 0,
            "_thrs_random_uniform": 0.36049967391037385,
            "_thrs_reconstruct": 1.7283103097985486e-08,
            "_thrs_obviousness": 8.346382092122496e-06,
            "_thrs_weight": 0.8,
            "_thrs_complexity": 1.0,
            "_thrs_surprisingness": 0.0,
            "_thrs_intensity": 0.3125,
            "_thrs_interestingness": 0.4225016692764184,
            "_thrs_logistic_regression": 0.8168872272452377,
            "_thrs_random_forest": 0.86
        },
        {
            "expression": "\u22a2 ( E! x \u2208 V \ud835\udf11 \u2194 E! x \ud835\udf11 )",
            "prop_expression": " \u22a2 ( E! x \u2208 V \ud835\udf11 \u2194 E! x \ud835\udf11 )",
            "step": 4,
            "theorem": "reuv",
            "ground_truth": "reuv \u22a2 ( E! x \u2208 V \ud835\udf11 \u2194 E! x \ud835\udf11 )",
            "ground_truth_display": false,
            "statement_depth": 0,
            "_thrs_random_uniform": 0.8235309023626188,
            "_thrs_reconstruct": 8.402643595289222e-06,
            "_thrs_obviousness": 8.329244783034036e-06,
            "_thrs_weight": 0.8,
            "_thrs_complexity": 1.0,
            "_thrs_surprisingness": 0.0,
            "_thrs_intensity": 0.10416666666666664,
            "_thrs_interestingness": 0.38083499918228997,
            "_thrs_logistic_regression": 0.591773189195457,
            "_thrs_random_forest": 0.585
        },
        {
            "expression": "\u22a2 ( ( A \u2208 V \u2227 E! x \u2208 V \ud835\udf11 ) \u2192 ( \ud835\udf13 \u2194 U. { x | \ud835\udf11 } = A ) )",
            "prop_expression": "( \ud835\udf11 \u2192 ( \ud835\udf13 \u2194 \ud835\udf12 ) ), ( \ud835\udf12 \u2194 \ud835\udf03 ) \u22a2 ( \ud835\udf11 \u2192 ( \ud835\udf13 \u2194 \ud835\udf03 ) )",
            "step": 5,
            "theorem": "syl6bb",
            "ground_truth": "syl6bb \u22a2 ( ( A \u2208 V \u2227 E! x \u2208 V \ud835\udf11 ) \u2192 ( \ud835\udf13 \u2194 U. { x | \ud835\udf11 } = A ) )",
            "ground_truth_display": false,
            "statement_depth": 0,
            "_thrs_random_uniform": 0.2787692803930445,
            "_thrs_reconstruct": 1.6595748499105194e-07,
            "_thrs_obviousness": 0.9999835353277046,
            "_thrs_weight": 0.19999999999999996,
            "_thrs_complexity": 0.0,
            "_thrs_surprisingness": 1.0,
            "_thrs_intensity": 0.9375,
            "_thrs_interestingness": 0.6274967070655408,
            "_thrs_logistic_regression": 0.9996427218552065,
            "_thrs_random_forest": 0.945
        },
        {
            "expression": "\u22a2 ( ( A \u2208 V \u2227 E! x \u2208 V \ud835\udf11 ) \u2192 ( \ud835\udf13 \u2194 U. { x \u2208 V | \ud835\udf11 } = A ) )",
            "prop_expression": "( x = B \u2192 ( \ud835\udf11 \u2194 \ud835\udf13 ) ) \u22a2 ( ( B \u2208 A \u2227 E! x \u2208 A \ud835\udf11 ) \u2192 ( \ud835\udf13 \u2194 U. { x \u2208 A | \ud835\udf11 } = B ) )",
            "step": 6,
            "theorem": "reuuni2",
            "ground_truth": "reuuni2 \u22a2 ( ( A \u2208 V \u2227 E! x \u2208 V \ud835\udf11 ) \u2192 ( \ud835\udf13 \u2194 U. { x \u2208 V | \ud835\udf11 } = A ) )",
            "ground_truth_display": false,
            "statement_depth": 0,
            "_thrs_random_uniform": 0.04935970553938529,
            "_thrs_reconstruct": 1.0,
            "_thrs_obviousness": 0.9912647952540995,
            "_thrs_weight": 0.0,
            "_thrs_complexity": 0.0,
            "_thrs_surprisingness": 1.0,
            "_thrs_intensity": 0.0,
            "_thrs_interestingness": 0.3982529590508199,
            "_thrs_logistic_regression": 0.9363264199982918,
            "_thrs_random_forest": 0.725
        },
        {
            "expression": "\u22a2 ( x = A \u2192 ( \ud835\udf11 \u2194 \ud835\udf13 ) )",
            "prop_expression": " \u22a2 ( x = A \u2192 ( \ud835\udf11 \u2194 \ud835\udf13 ) )",
            "step": 7,
            "theorem": "euuni2.1",
            "ground_truth": "euuni2.1 \u22a2 ( x = A \u2192 ( \ud835\udf11 \u2194 \ud835\udf13 ) )",
            "ground_truth_display": false,
            "statement_depth": 0,
            "_thrs_random_uniform": 0.6970752147352172,
            "_thrs_reconstruct": 0.0,
            "_thrs_obviousness": 0.0,
            "_thrs_weight": 1.0,
            "_thrs_complexity": 1.0,
            "_thrs_surprisingness": 0.2682926829268293,
            "_thrs_intensity": 0.3125,
            "_thrs_interestingness": 0.5161585365853659,
            "_thrs_logistic_regression": 0.7896399905814052,
            "_thrs_random_forest": 0.945
        },
        {
            "expression": "\u22a2 ( U. { x \u2208 V | \ud835\udf11 } = A \u2194 U. { x | \ud835\udf11 } = A )",
            "prop_expression": "A = B \u22a2 ( A = C \u2194 B = C )",
            "step": 8,
            "theorem": "eqeq1i",