{
    "theorem": "exp43",
    "hyps": [
        [
            1,
            2
        ],
        [
            2,
            3
        ]
    ],
    "expression": "( \ud835\udf11 \u2192 ( \ud835\udf13 \u2192 ( \ud835\udf12 \u2192 ( \ud835\udf03 \u2192 \ud835\udf0f ) ) ) )",
    "steps": [
        {
            "expression": "\u22a2 ( \ud835\udf11 \u2192 ( \ud835\udf13 \u2192 ( \ud835\udf12 \u2192 ( \ud835\udf03 \u2192 \ud835\udf0f ) ) ) )",
            "prop_expression": "( ( \ud835\udf11 \u2227 \ud835\udf13 ) \u2192 ( ( \ud835\udf12 \u2227 \ud835\udf03 ) \u2192 \ud835\udf0f ) ) \u22a2 ( \ud835\udf11 \u2192 ( \ud835\udf13 \u2192 ( \ud835\udf12 \u2192 ( \ud835\udf03 \u2192 \ud835\udf0f ) ) ) )",
            "step": 1,
            "theorem": "exp4b",
            "ground_truth": "exp4b \u22a2 ( \ud835\udf11 \u2192 ( \ud835\udf13 \u2192 ( \ud835\udf12 \u2192 ( \ud835\udf03 \u2192 \ud835\udf0f ) ) ) )",
            "ground_truth_display": false,
            "statement_depth": 0,
            "_thrs_random_uniform": 0.6311542741797758,
            "_thrs_reconstruct": 1.0,
            "_thrs_obviousness": 1.0,
            "_thrs_weight": 0.5,
            "_thrs_complexity": 0.5,
            "_thrs_surprisingness": 0.5,
            "_thrs_intensity": 0.5,
            "_thrs_interestingness": 0.6,
            "_thrs_logistic_regression": 0.9819918928963435,
            "_thrs_random_forest": 0.96
        },
        {
            "expression": "\u22a2 ( ( \ud835\udf11 \u2227 \ud835\udf13 ) \u2192 ( ( \ud835\udf12 \u2227 \ud835\udf03 ) \u2192 \ud835\udf0f ) )",
            "prop_expression": "( ( \ud835\udf11 \u2227 \ud835\udf13 ) \u2192 \ud835\udf12 ) \u22a2 ( \ud835\udf11 \u2192 ( \ud835\udf13 \u2192 \ud835\udf12 ) )",
            "step": 2,
            "theorem": "ex",
            "ground_truth": "ex \u22a2 ( ( \ud835\udf11 \u2227 \ud835\udf13 ) \u2192 ( ( \ud835\udf12 \u2227 \ud835\udf03 ) \u2192 \ud835\udf0f ) )",
            "ground_truth_display": false,
            "statement_depth": 0,
            "_thrs_random_uniform": 0.4244416550302138,
            "_thrs_reconstruct": 0.39715902529160413,
            "_thrs_obviousness": 0.28429752066115704,
            "_thrs_weight": 0.5,
            "_thrs_complexity": 0.5,
            "_thrs_surprisingness": 0.5,
            "_thrs_intensity": 0.5,
            "_thrs_interestingness": 0.4568595041322315,
            "_thrs_logistic_regression": 0.9830438447801456,
            "_thrs_random_forest": 0.8
        },
        {
            "expression": "\u22a2 ( ( ( \ud835\udf11 \u2227 \ud835\udf13 ) \u2227 ( \ud835\udf12 \u2227 \ud835\udf03 ) ) \u2192 \ud835\udf0f )",
            "prop_expression": " \u22a2 ( ( ( \ud835\udf11 \u2227 \ud835\udf13 ) \u2227 ( \ud835\udf12 \u2227 \ud835\udf03 ) ) \u2192 \ud835\udf0f )",
            "step": 3,
            "theorem": "exp43.1",
            "ground_truth": "exp43.1 \u22a2 ( ( ( \ud835\udf11 \u2227 \ud835\udf13 ) \u2227 ( \ud835\udf12 \u2227 \ud835\udf03 ) ) \u2192 \ud835\udf0f )",
            "ground_truth_display": false,
            "statement_depth": 0,
            "_thrs_random_uniform": 0.22131740898370833,
            "_thrs_reconstruct": 0.0,
            "_thrs_obviousness": 0.0,
            "_thrs_weight": 0.5,
            "_thrs_complexity": 0.5,
            "_thrs_surprisingness": 0.5,
            "_thrs_intensity": 0.5,
            "_thrs_interestingness": 0.4,
            "_thrs_logistic_regression": 0.9834447430592566,
            "_thrs_random_forest": 0.99
        }
    ]
}