{
    "theorem": "expclz",
    "hyps": [
        [
            1,
            2
        ],
        [
            1,
            3
        ]
    ],
    "expression": "( ( A \u2208 \u2102 \u2227 A \u2260 0 \u2227 N \u2208 \u2124 ) \u2192 ( A ^ N ) \u2208 \u2102 )",
    "steps": [
        {
            "number": 10116,
            "expression": "\u22a2 ( ( A \u2208 \u2102 \u2227 A \u2260 0 \u2227 N \u2208 \u2124 ) \u2192 ( A ^ N ) \u2208 \u2102 )",
            "prop_expression": "( \ud835\udf11 \u2192 \ud835\udf13 ), ( \ud835\udf13 \u2192 \ud835\udf12 ) \u22a2 ( \ud835\udf11 \u2192 \ud835\udf12 )",
            "step": 1,
            "theorem": "syl",
            "ground_truth": "syl \u22a2 ( ( A \u2208 \u2102 \u2227 A \u2260 0 \u2227 N \u2208 \u2124 ) \u2192 ( A ^ N ) \u2208 \u2102 )",
            "ground_truth_display": false,
            "statement_depth": 0,
            "_thrs_random_uniform": 0.6437,
            "_thrs_reconstruct": 0.0,
            "_thrs_obviousness": 1.0,
            "_thrs_weight": 0.66667,
            "_thrs_complexity": 1.0,
            "_thrs_surprisingness": 0.85714,
            "_thrs_intensity": 1.0,
            "_thrs_interestingness": 0.90476,
            "_thrs_logistic_regression": 0.97878,
            "_thrs_random_forest": 0.745
        },
        {
            "number": 10116,
            "expression": "\u22a2 ( ( A \u2208 \u2102 \u2227 A \u2260 0 \u2227 N \u2208 \u2124 ) \u2192 ( A ^ N ) \u2208 ( \u2102 \u2216 { 0 } ) )",
            "prop_expression": " \u22a2 ( ( A \u2208 \u2102 \u2227 A \u2260 0 \u2227 N \u2208 \u2124 ) \u2192 ( A ^ N ) \u2208 ( \u2102 \u2216 { 0 } ) )",
            "step": 2,
            "theorem": "expclzlem",
            "ground_truth": "expclzlem \u22a2 ( ( A \u2208 \u2102 \u2227 A \u2260 0 \u2227 N \u2208 \u2124 ) \u2192 ( A ^ N ) \u2208 ( \u2102 \u2216 { 0 } ) )",
            "ground_truth_display": false,
            "statement_depth": 0,
            "_thrs_random_uniform": 0.61126,
            "_thrs_reconstruct": 1.0,
            "_thrs_obviousness": 1.0,
            "_thrs_weight": 0.0,
            "_thrs_complexity": 0.0,
            "_thrs_surprisingness": 1.0,
            "_thrs_intensity": 0.0,
            "_thrs_interestingness": 0.4,
            "_thrs_logistic_regression": 0.93628,
            "_thrs_random_forest": 0.84
        },
        {
            "number": 10116,
            "expression": "\u22a2 ( ( A ^ N ) \u2208 ( \u2102 \u2216 { 0 } ) \u2192 ( A ^ N ) \u2208 \u2102 )",
            "prop_expression": " \u22a2 ( A \u2208 ( B \u2216 C ) \u2192 A \u2208 B )",
            "step": 3,
            "theorem": "eldifi",
            "ground_truth": "eldifi \u22a2 ( ( A ^ N ) \u2208 ( \u2102 \u2216 { 0 } ) \u2192 ( A ^ N ) \u2208 \u2102 )",
            "ground_truth_display": false,
            "statement_depth": 0,
            "_thrs_random_uniform": 0.82097,
            "_thrs_reconstruct": 0.0,
            "_thrs_obviousness": 0.0,
            "_thrs_weight": 1.0,
            "_thrs_complexity": 1.0,
            "_thrs_surprisingness": 0.0,
            "_thrs_intensity": 0.03894,
            "_thrs_interestingness": 0.40779,
            "_thrs_logistic_regression": 0.55234,
            "_thrs_random_forest": 0.73
        }
    ],
    "is_train": false
}