{
    "theorem": "expne0i",
    "hyps": [
        [
            1,
            2
        ],
        [
            1,
            3
        ]
    ],
    "expression": "( ( A \u2208 \u2102 \u2227 A \u2260 0 \u2227 N \u2208 \u2124 ) \u2192 ( A ^ N ) \u2260 0 )",
    "steps": [
        {
            "number": 10122,
            "expression": "\u22a2 ( ( A \u2208 \u2102 \u2227 A \u2260 0 \u2227 N \u2208 \u2124 ) \u2192 ( A ^ N ) \u2260 0 )",
            "prop_expression": "( \ud835\udf11 \u2192 \ud835\udf13 ), ( \ud835\udf13 \u2192 \ud835\udf12 ) \u22a2 ( \ud835\udf11 \u2192 \ud835\udf12 )",
            "step": 1,
            "theorem": "syl",
            "ground_truth": "syl \u22a2 ( ( A \u2208 \u2102 \u2227 A \u2260 0 \u2227 N \u2208 \u2124 ) \u2192 ( A ^ N ) \u2260 0 )",
            "ground_truth_display": false,
            "statement_depth": 0,
            "_thrs_random_uniform": 0.95923,
            "_thrs_reconstruct": 0.0,
            "_thrs_obviousness": 1.0,
            "_thrs_weight": 0.75,
            "_thrs_complexity": 1.0,
            "_thrs_surprisingness": 0.85714,
            "_thrs_intensity": 1.0,
            "_thrs_interestingness": 0.92143,
            "_thrs_logistic_regression": 0.98037,
            "_thrs_random_forest": 0.775
        },
        {
            "number": 10122,
            "expression": "\u22a2 ( ( A \u2208 \u2102 \u2227 A \u2260 0 \u2227 N \u2208 \u2124 ) \u2192 ( A ^ N ) \u2208 ( \u2102 \u2216 { 0 } ) )",
            "prop_expression": " \u22a2 ( ( A \u2208 \u2102 \u2227 A \u2260 0 \u2227 N \u2208 \u2124 ) \u2192 ( A ^ N ) \u2208 ( \u2102 \u2216 { 0 } ) )",
            "step": 2,
            "theorem": "expclzlem",
            "ground_truth": "expclzlem \u22a2 ( ( A \u2208 \u2102 \u2227 A \u2260 0 \u2227 N \u2208 \u2124 ) \u2192 ( A ^ N ) \u2208 ( \u2102 \u2216 { 0 } ) )",
            "ground_truth_display": false,
            "statement_depth": 0,
            "_thrs_random_uniform": 0.97266,
            "_thrs_reconstruct": 1.0,
            "_thrs_obviousness": 1.0,
            "_thrs_weight": 0.0,
            "_thrs_complexity": 0.0,
            "_thrs_surprisingness": 1.0,
            "_thrs_intensity": 0.0,
            "_thrs_interestingness": 0.4,
            "_thrs_logistic_regression": 0.93628,
            "_thrs_random_forest": 0.835
        },
        {
            "number": 10122,
            "expression": "\u22a2 ( ( A ^ N ) \u2208 ( \u2102 \u2216 { 0 } ) \u2192 ( A ^ N ) \u2260 0 )",
            "prop_expression": " \u22a2 ( A \u2208 ( B \u2216 { C } ) \u2192 A \u2260 C )",
            "step": 3,
            "theorem": "eldifsni",
            "ground_truth": "eldifsni \u22a2 ( ( A ^ N ) \u2208 ( \u2102 \u2216 { 0 } ) \u2192 ( A ^ N ) \u2260 0 )",
            "ground_truth_display": false,
            "statement_depth": 0,
            "_thrs_random_uniform": 0.07749,
            "_thrs_reconstruct": 0.0,
            "_thrs_obviousness": 0.0,
            "_thrs_weight": 1.0,
            "_thrs_complexity": 1.0,
            "_thrs_surprisingness": 0.0,
            "_thrs_intensity": 0.07562,
            "_thrs_interestingness": 0.41512,
            "_thrs_logistic_regression": 0.60061,
            "_thrs_random_forest": 0.785
        }
    ],
    "is_train": false
}