{
    "theorem": "expt",
    "hyps": [
        [
            1,
            2
        ],
        [
            2,
            3
        ]
    ],
    "expression": "( ( \u00ac ( \ud835\udf11 \u2192 \u00ac \ud835\udf13 ) \u2192 \ud835\udf12 ) \u2192 ( \ud835\udf11 \u2192 ( \ud835\udf13 \u2192 \ud835\udf12 ) ) )",
    "steps": [
        {
            "expression": "\u22a2 ( ( \u00ac ( \ud835\udf11 \u2192 \u00ac \ud835\udf13 ) \u2192 \ud835\udf12 ) \u2192 ( \ud835\udf11 \u2192 ( \ud835\udf13 \u2192 \ud835\udf12 ) ) )",
            "prop_expression": "( \ud835\udf11 \u2192 ( \ud835\udf13 \u2192 \ud835\udf12 ) ) \u22a2 ( \ud835\udf13 \u2192 ( \ud835\udf11 \u2192 \ud835\udf12 ) )",
            "step": 1,
            "theorem": "com12",
            "ground_truth": "com12 \u22a2 ( ( \u00ac ( \ud835\udf11 \u2192 \u00ac \ud835\udf13 ) \u2192 \ud835\udf12 ) \u2192 ( \ud835\udf11 \u2192 ( \ud835\udf13 \u2192 \ud835\udf12 ) ) )",
            "ground_truth_display": false,
            "statement_depth": 0,
            "_thrs_random_uniform": 0.9402604499236682,
            "_thrs_reconstruct": 0.0,
            "_thrs_obviousness": 1.0,
            "_thrs_weight": 0.0,
            "_thrs_complexity": 0.0,
            "_thrs_surprisingness": 0.5,
            "_thrs_intensity": 1.0,
            "_thrs_interestingness": 0.5,
            "_thrs_logistic_regression": 0.9998431944152827,
            "_thrs_random_forest": 0.94
        },
        {
            "expression": "\u22a2 ( \ud835\udf11 \u2192 ( ( \u00ac ( \ud835\udf11 \u2192 \u00ac \ud835\udf13 ) \u2192 \ud835\udf12 ) \u2192 ( \ud835\udf13 \u2192 \ud835\udf12 ) ) )",
            "prop_expression": "( \ud835\udf11 \u2192 ( \ud835\udf13 \u2192 \ud835\udf12 ) ) \u22a2 ( \ud835\udf11 \u2192 ( ( \ud835\udf12 \u2192 \ud835\udf03 ) \u2192 ( \ud835\udf13 \u2192 \ud835\udf03 ) ) )",
            "step": 2,
            "theorem": "imim1d",
            "ground_truth": "imim1d \u22a2 ( \ud835\udf11 \u2192 ( ( \u00ac ( \ud835\udf11 \u2192 \u00ac \ud835\udf13 ) \u2192 \ud835\udf12 ) \u2192 ( \ud835\udf13 \u2192 \ud835\udf12 ) ) )",
            "ground_truth_display": false,
            "statement_depth": 0,
            "_thrs_random_uniform": 0.0474472432562949,
            "_thrs_reconstruct": 0.4329896907216495,
            "_thrs_obviousness": 0.7692307692307693,
            "_thrs_weight": 0.0,
            "_thrs_complexity": 0.0,
            "_thrs_surprisingness": 0.5,
            "_thrs_intensity": 1.0,
            "_thrs_interestingness": 0.45384615384615384,
            "_thrs_logistic_regression": 0.9998462609487503,
            "_thrs_random_forest": 0.995
        },
        {
            "expression": "\u22a2 ( \ud835\udf11 \u2192 ( \ud835\udf13 \u2192 \u00ac ( \ud835\udf11 \u2192 \u00ac \ud835\udf13 ) ) )",
            "prop_expression": " \u22a2 ( \ud835\udf11 \u2192 ( \ud835\udf13 \u2192 \u00ac ( \ud835\udf11 \u2192 \u00ac \ud835\udf13 ) ) )",
            "step": 3,
            "theorem": "pm3.2im",
            "ground_truth": "pm3.2im \u22a2 ( \ud835\udf11 \u2192 ( \ud835\udf13 \u2192 \u00ac ( \ud835\udf11 \u2192 \u00ac \ud835\udf13 ) ) )",
            "ground_truth_display": false,
            "statement_depth": 0,
            "_thrs_random_uniform": 0.7865881746991438,
            "_thrs_reconstruct": 1.0,
            "_thrs_obviousness": 0.0,
            "_thrs_weight": 1.0,
            "_thrs_complexity": 1.0,
            "_thrs_surprisingness": 0.5,
            "_thrs_intensity": 0.0,
            "_thrs_interestingness": 0.5,
            "_thrs_logistic_regression": 0.33688020817427905,
            "_thrs_random_forest": 0.33
        }
    ]
}