{
    "theorem": "exrot3",
    "hyps": [
        [
            1,
            2
        ],
        [
            1,
            3
        ]
    ],
    "expression": "( \u2203 x \u2203 y \u2203 z \ud835\udf11 \u2194 \u2203 y \u2203 z \u2203 x \ud835\udf11 )",
    "steps": [
        {
            "number": 1658,
            "expression": "\u22a2 ( \u2203 x \u2203 y \u2203 z \ud835\udf11 \u2194 \u2203 y \u2203 z \u2203 x \ud835\udf11 )",
            "prop_expression": "( \ud835\udf11 \u2194 \ud835\udf13 ), ( \ud835\udf13 \u2194 \ud835\udf12 ) \u22a2 ( \ud835\udf11 \u2194 \ud835\udf12 )",
            "step": 1,
            "theorem": "bitri",
            "ground_truth": "bitri \u22a2 ( \u2203 x \u2203 y \u2203 z \ud835\udf11 \u2194 \u2203 y \u2203 z \u2203 x \ud835\udf11 )",
            "ground_truth_display": false,
            "statement_depth": 0,
            "_thrs_random_uniform": 0.75699,
            "_thrs_reconstruct": 0.0,
            "_thrs_obviousness": 1.0,
            "_thrs_weight": 0.5,
            "_thrs_complexity": 0.5,
            "_thrs_surprisingness": 0.5,
            "_thrs_intensity": 1.0,
            "_thrs_interestingness": 0.7,
            "_thrs_logistic_regression": 0.99877,
            "_thrs_random_forest": 0.855
        },
        {
            "number": 1658,
            "expression": "\u22a2 ( \u2203 x \u2203 y \u2203 z \ud835\udf11 \u2194 \u2203 z \u2203 y \u2203 x \ud835\udf11 )",
            "prop_expression": " \u22a2 ( \u2203 x \u2203 y \u2203 z \ud835\udf11 \u2194 \u2203 z \u2203 y \u2203 x \ud835\udf11 )",
            "step": 2,
            "theorem": "excom13",
            "ground_truth": "excom13 \u22a2 ( \u2203 x \u2203 y \u2203 z \ud835\udf11 \u2194 \u2203 z \u2203 y \u2203 x \ud835\udf11 )",
            "ground_truth_display": false,
            "statement_depth": 0,
            "_thrs_random_uniform": 0.37938,
            "_thrs_reconstruct": 1.0,
            "_thrs_obviousness": 0.71205,
            "_thrs_weight": 0.5,
            "_thrs_complexity": 0.5,
            "_thrs_surprisingness": 0.5,
            "_thrs_intensity": 0.0,
            "_thrs_interestingness": 0.44241,
            "_thrs_logistic_regression": 0.79011,
            "_thrs_random_forest": 0.99
        },
        {
            "number": 1658,
            "expression": "\u22a2 ( \u2203 z \u2203 y \u2203 x \ud835\udf11 \u2194 \u2203 y \u2203 z \u2203 x \ud835\udf11 )",
            "prop_expression": " \u22a2 ( \u2203 x \u2203 y \ud835\udf11 \u2194 \u2203 y \u2203 x \ud835\udf11 )",
            "step": 3,
            "theorem": "excom",
            "ground_truth": "excom \u22a2 ( \u2203 z \u2203 y \u2203 x \ud835\udf11 \u2194 \u2203 y \u2203 z \u2203 x \ud835\udf11 )",
            "ground_truth_display": false,
            "statement_depth": 0,
            "_thrs_random_uniform": 0.01193,
            "_thrs_reconstruct": 0.28435,
            "_thrs_obviousness": 0.0,
            "_thrs_weight": 0.5,
            "_thrs_complexity": 0.5,
            "_thrs_surprisingness": 0.5,
            "_thrs_intensity": 0.0,
            "_thrs_interestingness": 0.3,
            "_thrs_logistic_regression": 0.80004,
            "_thrs_random_forest": 0.96
        }
    ],
    "is_train": false
}