{
    "theorem": "exsb",
    "hyps": [
        [
            1,
            2
        ],
        [
            1,
            4
        ],
        [
            2,
            3
        ],
        [
            4,
            5
        ]
    ],
    "expression": "( \u2203 x \ud835\udf11 \u2194 \u2203 y \u2200 x ( x = y \u2192 \ud835\udf11 ) )",
    "steps": [
        {
            "expression": "\u22a2 ( \u2203 x \ud835\udf11 \u2194 \u2203 y \u2200 x ( x = y \u2192 \ud835\udf11 ) )",
            "prop_expression": "( \ud835\udf11 \u2194 \ud835\udf13 ), ( \ud835\udf13 \u2194 \ud835\udf12 ) \u22a2 ( \ud835\udf11 \u2194 \ud835\udf12 )",
            "step": 1,
            "theorem": "bitri",
            "ground_truth": "bitri \u22a2 ( \u2203 x \ud835\udf11 \u2194 \u2203 y \u2200 x ( x = y \u2192 \ud835\udf11 ) )",
            "ground_truth_display": false,
            "statement_depth": 0,
            "_thrs_random_uniform": 0.41890007183486655,
            "_thrs_reconstruct": 0.0007985123605338,
            "_thrs_obviousness": 1.0,
            "_thrs_weight": 0.33333333333333337,
            "_thrs_complexity": 0.0,
            "_thrs_surprisingness": 0.5,
            "_thrs_intensity": 1.0,
            "_thrs_interestingness": 0.5666666666666667,
            "_thrs_logistic_regression": 0.9998858930487735,
            "_thrs_random_forest": 0.96
        },
        {
            "expression": "\u22a2 ( \u2203 x \ud835\udf11 \u2194 \u2203 y [. y / x ]. \ud835\udf11 )",
            "prop_expression": "( \ud835\udf11 \u2192 \u2200 y \ud835\udf11 ) \u22a2 ( \u2203 x \ud835\udf11 \u2194 \u2203 y [. y / x ]. \ud835\udf11 )",
            "step": 2,
            "theorem": "sb8e",
            "ground_truth": "sb8e \u22a2 ( \u2203 x \ud835\udf11 \u2194 \u2203 y [. y / x ]. \ud835\udf11 )",
            "ground_truth_display": false,
            "statement_depth": 0,
            "_thrs_random_uniform": 0.20343793792946374,
            "_thrs_reconstruct": 1.0,
            "_thrs_obviousness": 0.5695469341978854,
            "_thrs_weight": 0.5,
            "_thrs_complexity": 0.0,
            "_thrs_surprisingness": 0.5,
            "_thrs_intensity": 0.18750000000000003,
            "_thrs_interestingness": 0.35140938683957706,
            "_thrs_logistic_regression": 0.9925353105056265,
            "_thrs_random_forest": 0.99
        },
        {
            "expression": "\u22a2 ( \ud835\udf11 \u2192 \u2200 y \ud835\udf11 )",
            "prop_expression": " \u22a2 ( \ud835\udf11 \u2192 \u2200 x \ud835\udf11 )",
            "step": 3,
            "theorem": "ax-17",
            "ground_truth": "ax-17 \u22a2 ( \ud835\udf11 \u2192 \u2200 y \ud835\udf11 )",
            "ground_truth_display": false,
            "statement_depth": 0,
            "_thrs_random_uniform": 0.2087582141304286,
            "_thrs_reconstruct": 0.0,
            "_thrs_obviousness": 0.0,
            "_thrs_weight": 1.0,
            "_thrs_complexity": 1.0,
            "_thrs_surprisingness": 0.5,
            "_thrs_intensity": 0.1388888888888889,
            "_thrs_interestingness": 0.5277777777777778,
            "_thrs_logistic_regression": 0.5180348326234104,
            "_thrs_random_forest": 0.9383333333333335
        },
        {
            "expression": "\u22a2 ( \u2203 y [. y / x ]. \ud835\udf11 \u2194 \u2203 y \u2200 x ( x = y \u2192 \ud835\udf11 ) )",
            "prop_expression": "( \ud835\udf11 \u2194 \ud835\udf13 ) \u22a2 ( \u2203 x \ud835\udf11 \u2194 \u2203 x \ud835\udf13 )",
            "step": 4,
            "theorem": "exbii",
            "ground_truth": "exbii \u22a2 ( \u2203 y [. y / x ]. \ud835\udf11 \u2194 \u2203 y \u2200 x ( x = y \u2192 \ud835\udf11 ) )",
            "ground_truth_display": false,
            "statement_depth": 0,
            "_thrs_random_uniform": 0.22594657996224898,
            "_thrs_reconstruct": 0.043262074687426474,
            "_thrs_obviousness": 0.42999815803495833,
            "_thrs_weight": 0.0,
            "_thrs_complexity": 0.0,
            "_thrs_surprisingness": 0.5,
            "_thrs_intensity": 0.20370370370370375,
            "_thrs_interestingness": 0.22674037234773242,
            "_thrs_logistic_regression": 0.9891489563707705,
            "_thrs_random_forest": 0.885
        },
        {
            "expression": "\u22a2 ( [. y / x ]. \ud835\udf11 \u2194 \u2200 x ( x = y \u2192 \ud835\udf11 ) )",
            "prop_expression": " \u22a2 ( [. y / x ]. \ud835\udf11 \u2194 \u2200 x ( x = y \u2192 \ud835\udf11 ) )",
            "step": 5,
            "theorem": "sb6",
            "ground_truth": "sb6 \u22a2 ( [. y / x ]. \ud835\udf11 \u2194 \u2200 x ( x = y \u2192 \ud835\udf11 ) )",
            "ground_truth_display": false,
            "statement_depth": 0,
            "_thrs_random_uniform": 0.9346321331691534,
            "_thrs_reconstruct": 0.7117207332527047,
            "_thrs_obviousness": 0.40535831979874976,
            "_thrs_weight": 0.33333333333333337,
            "_thrs_complexity": 0.0,
            "_thrs_surprisingness": 0.5,
            "_thrs_intensity": 0.0,
            "_thrs_interestingness": 0.24773833062641662,
            "_thrs_logistic_regression": 0.9766490027572609,
            "_thrs_random_forest": 0.735
        }
    ]
}