{
    "theorem": "f1oen2g",
    "hyps": [
        [
            1,
            2
        ],
        [
            1,
            6
        ],
        [
            1,
            7
        ],
        [
            2,
            3
        ],
        [
            3,
            4
        ],
        [
            3,
            5
        ]
    ],
    "expression": "( ( A \u2208 V \u2227 B \u2208 W \u2227 F : A -1-1-onto\u2192 B ) \u2192 A \u2248 B )",
    "steps": [
        {
            "expression": "\u22a2 ( ( A \u2208 V \u2227 B \u2208 W \u2227 F : A -1-1-onto\u2192 B ) \u2192 A \u2248 B )",
            "prop_expression": "( \ud835\udf11 \u2192 \ud835\udf13 ), ( \ud835\udf11 \u2192 \ud835\udf12 ), ( ( \ud835\udf13 \u2227 \ud835\udf12 ) \u2192 \ud835\udf03 ) \u22a2 ( \ud835\udf11 \u2192 \ud835\udf03 )",
            "step": 1,
            "theorem": "syl2anc",
            "ground_truth": "syl2anc \u22a2 ( ( A \u2208 V \u2227 B \u2208 W \u2227 F : A -1-1-onto\u2192 B ) \u2192 A \u2248 B )",
            "ground_truth_display": false,
            "statement_depth": 0,
            "_thrs_random_uniform": 0.5451,
            "_thrs_reconstruct": 0.0,
            "_thrs_obviousness": 1.0,
            "_thrs_weight": 0.16667,
            "_thrs_complexity": 0.0,
            "_thrs_surprisingness": 0.87736,
            "_thrs_intensity": 1.0,
            "_thrs_interestingness": 0.60881,
            "_thrs_logistic_regression": 0.99978,
            "_thrs_random_forest": 0.925
        },
        {
            "expression": "\u22a2 ( ( A \u2208 V \u2227 B \u2208 W \u2227 F : A -1-1-onto\u2192 B ) \u2192 F \u2208 V )",
            "prop_expression": "( ( \ud835\udf11 \u2227 \ud835\udf13 \u2227 \ud835\udf12 ) \u2192 \ud835\udf03 ) \u22a2 ( ( \ud835\udf13 \u2227 \ud835\udf12 \u2227 \ud835\udf11 ) \u2192 \ud835\udf03 )",
            "step": 2,
            "theorem": "3coml",
            "ground_truth": "3coml \u22a2 ( ( A \u2208 V \u2227 B \u2208 W \u2227 F : A -1-1-onto\u2192 B ) \u2192 F \u2208 V )",
            "ground_truth_display": false,
            "statement_depth": 0,
            "_thrs_random_uniform": 0.78269,
            "_thrs_reconstruct": 0.0,
            "_thrs_obviousness": 0.24407,
            "_thrs_weight": 0.16667,
            "_thrs_complexity": 0.0,
            "_thrs_surprisingness": 0.91509,
            "_thrs_intensity": 0.24632,
            "_thrs_interestingness": 0.31443,
            "_thrs_logistic_regression": 0.98732,
            "_thrs_random_forest": 0.91
        },
        {
            "expression": "\u22a2 ( ( F : A -1-1-onto\u2192 B \u2227 A \u2208 V \u2227 B \u2208 W ) \u2192 F \u2208 V )",
            "prop_expression": "( \ud835\udf11 \u2192 \ud835\udf13 ), ( ( \ud835\udf13 \u2227 \ud835\udf12 \u2227 \ud835\udf03 ) \u2192 \ud835\udf0f ) \u22a2 ( ( \ud835\udf11 \u2227 \ud835\udf12 \u2227 \ud835\udf03 ) \u2192 \ud835\udf0f )",
            "step": 3,
            "theorem": "syl3an1",
            "ground_truth": "syl3an1 \u22a2 ( ( F : A -1-1-onto\u2192 B \u2227 A \u2208 V \u2227 B \u2208 W ) \u2192 F \u2208 V )",
            "ground_truth_display": false,
            "statement_depth": 0,
            "_thrs_random_uniform": 0.21595,
            "_thrs_reconstruct": 0.0,
            "_thrs_obviousness": 0.24407,
            "_thrs_weight": 0.16667,
            "_thrs_complexity": 0.0,
            "_thrs_surprisingness": 0.91509,
            "_thrs_intensity": 0.46105,
            "_thrs_interestingness": 0.35738,
            "_thrs_logistic_regression": 0.99599,
            "_thrs_random_forest": 0.745
        },
        {
            "expression": "\u22a2 ( F : A -1-1-onto\u2192 B \u2192 F : A -\u2192 B )",
            "prop_expression": " \u22a2 ( F : A -1-1-onto\u2192 B \u2192 F : A -\u2192 B )",
            "step": 4,
            "theorem": "f1of",
            "ground_truth": "f1of \u22a2 ( F : A -1-1-onto\u2192 B \u2192 F : A -\u2192 B )",
            "ground_truth_display": false,
            "statement_depth": 0,
            "_thrs_random_uniform": 0.02637,
            "_thrs_reconstruct": 0.0,
            "_thrs_obviousness": 0.0,
            "_thrs_weight": 1.0,
            "_thrs_complexity": 1.0,
            "_thrs_surprisingness": 0.0,
            "_thrs_intensity": 0.06158,
            "_thrs_interestingness": 0.41232,
            "_thrs_logistic_regression": 0.58231,
            "_thrs_random_forest": 0.62
        },
        {
            "expression": "\u22a2 ( ( F : A -\u2192 B \u2227 A \u2208 V \u2227 B \u2208 W ) \u2192 F \u2208 V )",
            "prop_expression": " \u22a2 ( ( F : A -\u2192 B \u2227 A \u2208 V \u2227 B \u2208 W ) \u2192 F \u2208 V )",
            "step": 5,
            "theorem": "fex2",
            "ground_truth": "fex2 \u22a2 ( ( F : A -\u2192 B \u2227 A \u2208 V \u2227 B \u2208 W ) \u2192 F \u2208 V )",
            "ground_truth_display": false,
            "statement_depth": 0,
            "_thrs_random_uniform": 0.20302,
            "_thrs_reconstruct": 0.32288,
            "_thrs_obviousness": 0.24407,
            "_thrs_weight": 0.16667,
            "_thrs_complexity": 0.0,
            "_thrs_surprisingness": 1.0,
            "_thrs_intensity": 0.05684,
            "_thrs_interestingness": 0.29352,
            "_thrs_logistic_regression": 0.9615,
            "_thrs_random_forest": 0.715
        },
        {
            "expression": "\u22a2 ( ( A \u2208 V \u2227 B \u2208 W \u2227 F : A -1-1-onto\u2192 B ) \u2192 F : A -1-1-onto\u2192 B )",
            "prop_expression": " \u22a2 ( ( \ud835\udf11 \u2227 \ud835\udf13 \u2227 \ud835\udf12 ) \u2192 \ud835\udf12 )",
            "step": 6,
            "theorem": "simp3",
            "ground_truth": "simp3 \u22a2 ( ( A \u2208 V \u2227 B \u2208 W \u2227 F : A -1-1-onto\u2192 B ) \u2192 F : A -1-1-onto\u2192 B )",
            "ground_truth_display": false,
            "statement_depth": 0,
            "_thrs_random_uniform": 0.81168,
            "_thrs_reconstruct": 0.0,
            "_thrs_obviousness": 0.0,
            "_thrs_weight": 0.0,
            "_thrs_complexity": 0.33333,
            "_thrs_surprisingness": 0.4717,
            "_thrs_intensity": 0.0,
            "_thrs_interestingness": 0.16101,
            "_thrs_logistic_regression": 0.85752,
            "_thrs_random_forest": 0.675
        },
        {
            "expression": "\u22a2 ( ( F \u2208 V \u2227 F : A -1-1-onto\u2192 B ) \u2192 A \u2248 B )",
            "prop_expression": " \u22a2 ( ( F \u2208 V \u2227 F : A -1-1-onto\u2192 B ) \u2192 A \u2248 B )",
            "step": 7,
            "theorem": "f1oen3g",
            "ground_truth": "f1oen3g \u22a2 ( ( F \u2208 V \u2227 F : A -1-1-onto\u2192 B ) \u2192 A \u2248 B )",
            "ground_truth_display": false,
            "statement_depth": 0,
            "_thrs_random_uniform": 0.37127,
            "_thrs_reconstruct": 1.0,
            "_thrs_obviousness": 0.75593,
            "_thrs_weight": 0.66667,
            "_thrs_complexity": 0.33333,
            "_thrs_surprisingness": 0.64151,
            "_thrs_intensity": 0.09853,
            "_thrs_interestingness": 0.49919,
            "_thrs_logistic_regression": 0.93509,
            "_thrs_random_forest": 0.94
        }
    ]
}