{
    "theorem": "f1oen",
    "hyps": [
        [
            1,
            2
        ],
        [
            1,
            3
        ]
    ],
    "expression": "( F : A -1-1-onto\u2192 B \u2192 A \u2248 B )",
    "steps": [
        {
            "expression": "\u22a2 ( F : A -1-1-onto\u2192 B \u2192 A \u2248 B )",
            "prop_expression": "\ud835\udf11, ( ( \ud835\udf11 \u2227 \ud835\udf13 ) \u2192 \ud835\udf12 ) \u22a2 ( \ud835\udf13 \u2192 \ud835\udf12 )",
            "step": 1,
            "theorem": "mpan",
            "ground_truth": "mpan \u22a2 ( F : A -1-1-onto\u2192 B \u2192 A \u2248 B )",
            "ground_truth_display": false,
            "statement_depth": 0,
            "_thrs_random_uniform": 0.9291539094184966,
            "_thrs_reconstruct": 3.640495978261914e-12,
            "_thrs_obviousness": 1.0,
            "_thrs_weight": 0.4285714285714286,
            "_thrs_complexity": 0.5,
            "_thrs_surprisingness": 0.3333333333333333,
            "_thrs_intensity": 1.0,
            "_thrs_interestingness": 0.6523809523809524,
            "_thrs_logistic_regression": 0.9989461128929211,
            "_thrs_random_forest": 0.88
        },
        {
            "expression": "\u22a2 A \u2208 V",
            "prop_expression": " \u22a2 A \u2208 V",
            "step": 2,
            "theorem": "f1oen.1",
            "ground_truth": "f1oen.1 \u22a2 A \u2208 V",
            "ground_truth_display": false,
            "statement_depth": 0,
            "_thrs_random_uniform": 0.03512038004340323,
            "_thrs_reconstruct": 0.0,
            "_thrs_obviousness": 0.0,
            "_thrs_weight": 1.0,
            "_thrs_complexity": 1.0,
            "_thrs_surprisingness": 0.0,
            "_thrs_intensity": 0.47882736156351785,
            "_thrs_interestingness": 0.4957654723127035,
            "_thrs_logistic_regression": 0.9297983162901111,
            "_thrs_random_forest": 0.885
        },
        {
            "expression": "\u22a2 ( ( A \u2208 V \u2227 F : A -1-1-onto\u2192 B ) \u2192 A \u2248 B )",
            "prop_expression": " \u22a2 ( ( A \u2208 C \u2227 F : A -1-1-onto\u2192 B ) \u2192 A \u2248 B )",
            "step": 3,
            "theorem": "f1oeng",
            "ground_truth": "f1oeng \u22a2 ( ( A \u2208 V \u2227 F : A -1-1-onto\u2192 B ) \u2192 A \u2248 B )",
            "ground_truth_display": false,
            "statement_depth": 0,
            "_thrs_random_uniform": 0.13597181878503684,
            "_thrs_reconstruct": 1.0,
            "_thrs_obviousness": 0.9999999999963575,
            "_thrs_weight": 0.0,
            "_thrs_complexity": 0.0,
            "_thrs_surprisingness": 1.0,
            "_thrs_intensity": 0.0,
            "_thrs_interestingness": 0.3999999999992715,
            "_thrs_logistic_regression": 0.9362818278241574,
            "_thrs_random_forest": 0.775
        }
    ]
}