{
    "theorem": "f1oeng",
    "hyps": [
        [
            1,
            2
        ],
        [
            1,
            6
        ],
        [
            2,
            3
        ],
        [
            3,
            4
        ],
        [
            3,
            5
        ],
        [
            6,
            7
        ]
    ],
    "expression": "( ( A \u2208 C \u2227 F : A -1-1-onto\u2192 B ) \u2192 A \u2248 B )",
    "steps": [
        {
            "expression": "\u22a2 ( ( A \u2208 C \u2227 F : A -1-1-onto\u2192 B ) \u2192 A \u2248 B )",
            "prop_expression": "( ( \ud835\udf11 \u2227 \ud835\udf13 ) \u2192 \ud835\udf12 ), ( ( \ud835\udf11 \u2227 \ud835\udf13 \u2227 \ud835\udf12 ) \u2192 \ud835\udf03 ) \u22a2 ( ( \ud835\udf11 \u2227 \ud835\udf13 ) \u2192 \ud835\udf03 )",
            "step": 1,
            "theorem": "mpd3an3",
            "ground_truth": "mpd3an3 \u22a2 ( ( A \u2208 C \u2227 F : A -1-1-onto\u2192 B ) \u2192 A \u2248 B )",
            "ground_truth_display": false,
            "statement_depth": 0,
            "_thrs_random_uniform": 0.4476477216536152,
            "_thrs_reconstruct": 1.6937312471849924e-11,
            "_thrs_obviousness": 1.0,
            "_thrs_weight": 0.6,
            "_thrs_complexity": 0.33333333333333337,
            "_thrs_surprisingness": 0.7045454545454546,
            "_thrs_intensity": 1.0,
            "_thrs_interestingness": 0.7275757575757577,
            "_thrs_logistic_regression": 0.9993653463989141,
            "_thrs_random_forest": 0.975
        },
        {
            "expression": "\u22a2 ( ( A \u2208 C \u2227 F : A -1-1-onto\u2192 B ) \u2192 B \u2208 V )",
            "prop_expression": "( \ud835\udf11 \u2192 ( \ud835\udf13 \u2192 \ud835\udf12 ) ) \u22a2 ( ( \ud835\udf11 \u2227 \ud835\udf13 ) \u2192 \ud835\udf12 )",
            "step": 2,
            "theorem": "imp",
            "ground_truth": "imp \u22a2 ( ( A \u2208 C \u2227 F : A -1-1-onto\u2192 B ) \u2192 B \u2208 V )",
            "ground_truth_display": false,
            "statement_depth": 0,
            "_thrs_random_uniform": 0.4257961176851267,
            "_thrs_reconstruct": 7.177017685352852e-13,
            "_thrs_obviousness": 0.9287353624765458,
            "_thrs_weight": 0.6,
            "_thrs_complexity": 0.33333333333333337,
            "_thrs_surprisingness": 0.4545454545454544,
            "_thrs_intensity": 0.2752924982794219,
            "_thrs_interestingness": 0.5183813297269512,
            "_thrs_logistic_regression": 0.9780378212030972,
            "_thrs_random_forest": 0.905
        },
        {
            "expression": "\u22a2 ( A \u2208 C \u2192 ( F : A -1-1-onto\u2192 B \u2192 B \u2208 V ) )",
            "prop_expression": "( \ud835\udf11 \u2192 \ud835\udf13 ), ( \ud835\udf12 \u2192 ( \ud835\udf13 \u2192 \ud835\udf03 ) ) \u22a2 ( \ud835\udf12 \u2192 ( \ud835\udf11 \u2192 \ud835\udf03 ) )",
            "step": 3,
            "theorem": "syl5",
            "ground_truth": "syl5 \u22a2 ( A \u2208 C \u2192 ( F : A -1-1-onto\u2192 B \u2192 B \u2208 V ) )",
            "ground_truth_display": false,
            "statement_depth": 0,
            "_thrs_random_uniform": 0.526280990307753,
            "_thrs_reconstruct": 0.0,
            "_thrs_obviousness": 0.9287353624758469,
            "_thrs_weight": 0.6,
            "_thrs_complexity": 0.33333333333333337,
            "_thrs_surprisingness": 0.4545454545454544,
            "_thrs_intensity": 0.6868547832071576,
            "_thrs_interestingness": 0.6006937867123585,
            "_thrs_logistic_regression": 0.9975686677385467,
            "_thrs_random_forest": 0.865
        },
        {
            "expression": "\u22a2 ( F : A -1-1-onto\u2192 B \u2192 F : A -onto\u2192 B )",
            "prop_expression": " \u22a2 ( F : A -1-1-onto\u2192 B \u2192 F : A -onto\u2192 B )",
            "step": 4,
            "theorem": "f1ofo",
            "ground_truth": "f1ofo \u22a2 ( F : A -1-1-onto\u2192 B \u2192 F : A -onto\u2192 B )",
            "ground_truth_display": false,
            "statement_depth": 0,
            "_thrs_random_uniform": 0.5315716592546829,
            "_thrs_reconstruct": 2.883343493280202e-08,
            "_thrs_obviousness": 0.0,
            "_thrs_weight": 1.0,
            "_thrs_complexity": 1.0,
            "_thrs_surprisingness": 0.0,
            "_thrs_intensity": 0.006882312456985524,
            "_thrs_interestingness": 0.40137646249139713,
            "_thrs_logistic_regression": 0.5092826085197723,
            "_thrs_random_forest": 0.71
        },
        {
            "expression": "\u22a2 ( A \u2208 C \u2192 ( F : A -onto\u2192 B \u2192 B \u2208 V ) )",
            "prop_expression": " \u22a2 ( A \u2208 C \u2192 ( F : A -onto\u2192 B \u2192 B \u2208 V ) )",
            "step": 5,
            "theorem": "fornex",
            "ground_truth": "fornex \u22a2 ( A \u2208 C \u2192 ( F : A -onto\u2192 B \u2192 B \u2208 V ) )",
            "ground_truth_display": false,
            "statement_depth": 0,
            "_thrs_random_uniform": 0.6904358719115876,
            "_thrs_reconstruct": 1.0,
            "_thrs_obviousness": 0.9287353356971516,
            "_thrs_weight": 0.6,
            "_thrs_complexity": 0.33333333333333337,
            "_thrs_surprisingness": 0.4545454545454544,
            "_thrs_intensity": 0.06056434962147277,
            "_thrs_interestingness": 0.47543569463948254,
            "_thrs_logistic_regression": 0.9332440835541579,
            "_thrs_random_forest": 0.815
        },
        {
            "expression": "\u22a2 ( ( A \u2208 C \u2227 F : A -1-1-onto\u2192 B \u2227 B \u2208 V ) \u2192 A \u2248 B )",
            "prop_expression": "( ( \ud835\udf11 \u2227 \ud835\udf13 \u2227 \ud835\udf12 ) \u2192 \ud835\udf03 ) \u22a2 ( ( \ud835\udf11 \u2227 \ud835\udf12 \u2227 \ud835\udf13 ) \u2192 \ud835\udf03 )",
            "step": 6,
            "theorem": "3com23",
            "ground_truth": "3com23 \u22a2 ( ( A \u2208 C \u2227 F : A -1-1-onto\u2192 B \u2227 B \u2208 V ) \u2192 A \u2248 B )",
            "ground_truth_display": false,
            "statement_depth": 0,
            "_thrs_random_uniform": 0.49513728226264153,
            "_thrs_reconstruct": 1.3443149401563111e-11,
            "_thrs_obviousness": 0.07126461072902862,
            "_thrs_weight": 0.0,
            "_thrs_complexity": 0.0,
            "_thrs_surprisingness": 1.0,
            "_thrs_intensity": 0.2752924982794219,
            "_thrs_interestingness": 0.2693114218016901,
            "_thrs_logistic_regression": 0.9859686646129141,
            "_thrs_random_forest": 0.715
        },
        {
            "expression": "\u22a2 ( ( A \u2208 C \u2227 B \u2208 V \u2227 F : A -1-1-onto\u2192 B ) \u2192 A \u2248 B )",
            "prop_expression": " \u22a2 ( ( A \u2208 V \u2227 B \u2208 W \u2227 F : A -1-1-onto\u2192 B ) \u2192 A \u2248 B )",
            "step": 7,
            "theorem": "f1oen2g",
            "ground_truth": "f1oen2g \u22a2 ( ( A \u2208 C \u2227 B \u2208 V \u2227 F : A -1-1-onto\u2192 B ) \u2192 A \u2248 B )",
            "ground_truth_display": false,
            "statement_depth": 0,
            "_thrs_random_uniform": 0.6440166683315717,
            "_thrs_reconstruct": 0.07673298592310263,
            "_thrs_obviousness": 0.07126461071651116,
            "_thrs_weight": 0.0,
            "_thrs_complexity": 0.0,
            "_thrs_surprisingness": 1.0,
            "_thrs_intensity": 0.0,
            "_thrs_interestingness": 0.21425292214330222,
            "_thrs_logistic_regression": 0.9408631511449832,
            "_thrs_random_forest": 0.745
        }
    ]
}