{
    "theorem": "fdiagfn",
    "hyps": [
        [
            1,
            2
        ],
        [
            1,
            7
        ],
        [
            2,
            3
        ],
        [
            2,
            5
        ],
        [
            3,
            4
        ],
        [
            5,
            6
        ]
    ],
    "expression": "( ( B \u2208 V \u2227 I \u2208 W ) \u2192 F : B -\u2192 ( B ^m I ) )",
    "steps": [
        {
            "expression": "\u22a2 ( ( B \u2208 V \u2227 I \u2208 W ) \u2192 F : B -\u2192 ( B ^m I ) )",
            "prop_expression": "( ( \ud835\udf11 \u2227 x \u2208 A ) \u2192 B \u2208 C ), F = ( x \u2208 A |\u2192 B ) \u22a2 ( \ud835\udf11 \u2192 F : A -\u2192 C )",
            "step": 1,
            "theorem": "fmptd",
            "ground_truth": "fmptd \u22a2 ( ( B \u2208 V \u2227 I \u2208 W ) \u2192 F : B -\u2192 ( B ^m I ) )",
            "ground_truth_display": false,
            "statement_depth": 0,
            "_thrs_random_uniform": 0.4397622932926426,
            "_thrs_reconstruct": 1.0,
            "_thrs_obviousness": 1.0,
            "_thrs_weight": 0.7142857142857143,
            "_thrs_complexity": 0.33333333333333337,
            "_thrs_surprisingness": 0.9649122807017545,
            "_thrs_intensity": 0.7120147874306839,
            "_thrs_interestingness": 0.7449092231502974,
            "_thrs_logistic_regression": 0.9961822382628384,
            "_thrs_random_forest": 0.865
        },
        {
            "expression": "\u22a2 ( ( ( B \u2208 V \u2227 I \u2208 W ) \u2227 x \u2208 B ) \u2192 ( I \u00d7 { x } ) \u2208 ( B ^m I ) )",
            "prop_expression": "( \ud835\udf11 \u2192 \ud835\udf12 ), ( \ud835\udf11 \u2192 ( \ud835\udf13 \u2194 \ud835\udf12 ) ) \u22a2 ( \ud835\udf11 \u2192 \ud835\udf13 )",
            "step": 2,
            "theorem": "mpbird",
            "ground_truth": "mpbird \u22a2 ( ( ( B \u2208 V \u2227 I \u2208 W ) \u2227 x \u2208 B ) \u2192 ( I \u00d7 { x } ) \u2208 ( B ^m I ) )",
            "ground_truth_display": false,
            "statement_depth": 0,
            "_thrs_random_uniform": 0.6542320626645007,
            "_thrs_reconstruct": 3.896772178968099e-12,
            "_thrs_obviousness": 0.2253876284246628,
            "_thrs_weight": 0.4285714285714286,
            "_thrs_complexity": 0.33333333333333337,
            "_thrs_surprisingness": 0.7017543859649126,
            "_thrs_intensity": 1.0,
            "_thrs_interestingness": 0.5378093552588675,
            "_thrs_logistic_regression": 0.9993032471526471,
            "_thrs_random_forest": 0.905
        },
        {
            "expression": "\u22a2 ( ( ( B \u2208 V \u2227 I \u2208 W ) \u2227 x \u2208 B ) \u2192 ( I \u00d7 { x } ) : I -\u2192 B )",
            "prop_expression": "( \ud835\udf11 \u2192 \ud835\udf13 ) \u22a2 ( ( \ud835\udf12 \u2227 \ud835\udf11 ) \u2192 \ud835\udf13 )",
            "step": 3,
            "theorem": "adantl",
            "ground_truth": "adantl \u22a2 ( ( ( B \u2208 V \u2227 I \u2208 W ) \u2227 x \u2208 B ) \u2192 ( I \u00d7 { x } ) : I -\u2192 B )",
            "ground_truth_display": false,
            "statement_depth": 0,
            "_thrs_random_uniform": 0.4845222093325201,
            "_thrs_reconstruct": 2.6132640010588914e-12,
            "_thrs_obviousness": 0.10691923245646677,
            "_thrs_weight": 0.5,
            "_thrs_complexity": 0.33333333333333337,
            "_thrs_surprisingness": 0.6666666666666671,
            "_thrs_intensity": 0.20628465804066548,
            "_thrs_interestingness": 0.3626407780994265,
            "_thrs_logistic_regression": 0.9573664489392052,
            "_thrs_random_forest": 0.675
        },
        {
            "expression": "\u22a2 ( x \u2208 B \u2192 ( I \u00d7 { x } ) : I -\u2192 B )",
            "prop_expression": " \u22a2 ( B \u2208 C \u2192 ( A \u00d7 { B } ) : A -\u2192 C )",
            "step": 4,
            "theorem": "fconst6g",
            "ground_truth": "fconst6g \u22a2 ( x \u2208 B \u2192 ( I \u00d7 { x } ) : I -\u2192 B )",
            "ground_truth_display": false,
            "statement_depth": 0,
            "_thrs_random_uniform": 0.3281175677857455,
            "_thrs_reconstruct": 0.13802933748269403,
            "_thrs_obviousness": 0.10691923245444208,
            "_thrs_weight": 0.9285714285714286,
            "_thrs_complexity": 1.0,
            "_thrs_surprisingness": 0.0,
            "_thrs_intensity": 0.12199630314232902,
            "_thrs_interestingness": 0.43149739283363997,
            "_thrs_logistic_regression": 0.6412919145681629,
            "_thrs_random_forest": 0.73
        },
        {
            "expression": "\u22a2 ( ( ( B \u2208 V \u2227 I \u2208 W ) \u2227 x \u2208 B ) \u2192 ( ( I \u00d7 { x } ) \u2208 ( B ^m I ) \u2194 ( I \u00d7 { x } ) : I -\u2192 B ) )",
            "prop_expression": "( \ud835\udf11 \u2192 \ud835\udf13 ) \u22a2 ( ( \ud835\udf11 \u2227 \ud835\udf12 ) \u2192 \ud835\udf13 )",
            "step": 5,
            "theorem": "adantr",
            "ground_truth": "adantr \u22a2 ( ( ( B \u2208 V \u2227 I \u2208 W ) \u2227 x \u2208 B ) \u2192 ( ( I \u00d7 { x } ) \u2208 ( B ^m I ) \u2194 ( I \u00d7 { x } ) : I -\u2192 B ) )",
            "ground_truth_display": false,
            "statement_depth": 0,
            "_thrs_random_uniform": 0.10501612684759232,
            "_thrs_reconstruct": 3.672607122037792e-13,
            "_thrs_obviousness": 0.11846839596517672,
            "_thrs_weight": 0.0,
            "_thrs_complexity": 0.0,
            "_thrs_surprisingness": 1.0,
            "_thrs_intensity": 0.24651319106032596,
            "_thrs_interestingness": 0.27299631740510055,
            "_thrs_logistic_regression": 0.9835849806264176,
            "_thrs_random_forest": 0.47
        },
        {
            "expression": "\u22a2 ( ( B \u2208 V \u2227 I \u2208 W ) \u2192 ( ( I \u00d7 { x } ) \u2208 ( B ^m I ) \u2194 ( I \u00d7 { x } ) : I -\u2192 B ) )",
            "prop_expression": " \u22a2 ( ( A \u2208 V \u2227 B \u2208 W ) \u2192 ( C \u2208 ( A ^m B ) \u2194 C : B -\u2192 A ) )",
            "step": 6,
            "theorem": "elmapg",
            "ground_truth": "elmapg \u22a2 ( ( B \u2208 V \u2227 I \u2208 W ) \u2192 ( ( I \u00d7 { x } ) \u2208 ( B ^m I ) \u2194 ( I \u00d7 { x } ) : I -\u2192 B ) )",
            "ground_truth_display": false,
            "statement_depth": 0,
            "_thrs_random_uniform": 0.12210364931058115,
            "_thrs_reconstruct": 0.15293894122031843,
            "_thrs_obviousness": 0.11846839596489181,
            "_thrs_weight": 0.2142857142857143,
            "_thrs_complexity": 0.0,
            "_thrs_surprisingness": 1.0,
            "_thrs_intensity": 0.0,
            "_thrs_interestingness": 0.2665508220501212,
            "_thrs_logistic_regression": 0.9510736679050728,
            "_thrs_random_forest": 0.815
        },
        {
            "expression": "\u22a2 F = ( x \u2208 B |\u2192 ( I \u00d7 { x } ) )",
            "prop_expression": " \u22a2 F = ( x \u2208 B |\u2192 ( I \u00d7 { x } ) )",
            "step": 7,
            "theorem": "fdiagfn.f",
            "ground_truth": "fdiagfn.f \u22a2 F = ( x \u2208 B |\u2192 ( I \u00d7 { x } ) )",
            "ground_truth_display": false,
            "statement_depth": 0,
            "_thrs_random_uniform": 0.8662455156940252,
            "_thrs_reconstruct": 0.0,
            "_thrs_obviousness": 0.0,
            "_thrs_weight": 1.0,
            "_thrs_complexity": 0.6666666666666667,
            "_thrs_surprisingness": 0.4210526315789476,
            "_thrs_intensity": 0.2536968576709797,
            "_thrs_interestingness": 0.4682832311833188,
            "_thrs_logistic_regression": 0.9236012535525981,
            "_thrs_random_forest": 0.97
        }
    ]
}