{
    "theorem": "fisn",
    "hyps": [
        [
            1,
            2
        ],
        [
            1,
            12
        ],
        [
            2,
            3
        ],
        [
            3,
            4
        ],
        [
            3,
            9
        ],
        [
            4,
            5
        ],
        [
            4,
            8
        ],
        [
            5,
            6
        ],
        [
            5,
            7
        ],
        [
            9,
            10
        ],
        [
            10,
            11
        ],
        [
            12,
            13
        ],
        [
            12,
            14
        ]
    ],
    "expression": "( fi ` { A } ) = { A }",
    "steps": [
        {
            "expression": "\u22a2 ( fi ` { A } ) = { A }",
            "prop_expression": "\ud835\udf11, ( \ud835\udf11 \u2194 \ud835\udf13 ) \u22a2 \ud835\udf13",
            "step": 1,
            "theorem": "mpbi",
            "ground_truth": "mpbi \u22a2 ( fi ` { A } ) = { A }",
            "ground_truth_display": false,
            "statement_depth": 0,
            "_thrs_random_uniform": 0.2149708468866992,
            "_thrs_reconstruct": 3.7668802813455766e-19,
            "_thrs_obviousness": 1.0,
            "_thrs_weight": 0.9333333333333333,
            "_thrs_complexity": 0.8333333333333334,
            "_thrs_surprisingness": 0.14421252371916507,
            "_thrs_intensity": 1.0,
            "_thrs_interestingness": 0.7821758380771663,
            "_thrs_logistic_regression": 0.9972626839780294,
            "_thrs_random_forest": 0.915
        },
        {
            "expression": "\u22a2 \u2200 x \u2208 { A } \u2200 y \u2208 { A } ( x \u2229 y ) \u2208 { A }",
            "prop_expression": "( ( x \u2208 A \u2227 y \u2208 A ) \u2192 \ud835\udf11 ) \u22a2 \u2200 x \u2208 A \u2200 y \u2208 A \ud835\udf11",
            "step": 2,
            "theorem": "rgen2a",
            "ground_truth": "rgen2a \u22a2 \u2200 x \u2208 { A } \u2200 y \u2208 { A } ( x \u2229 y ) \u2208 { A }",
            "ground_truth_display": false,
            "statement_depth": 0,
            "_thrs_random_uniform": 0.38770192270004666,
            "_thrs_reconstruct": 2.896987108834013e-14,
            "_thrs_obviousness": 7.759381701978935e-11,
            "_thrs_weight": 0.4666666666666667,
            "_thrs_complexity": 0.5,
            "_thrs_surprisingness": 0.16318785578747627,
            "_thrs_intensity": 0.2372881355932203,
            "_thrs_interestingness": 0.2734285316249914,
            "_thrs_logistic_regression": 0.9565306515218343,
            "_thrs_random_forest": 0.905
        },
        {
            "expression": "\u22a2 ( ( x \u2208 { A } \u2227 y \u2208 { A } ) \u2192 ( x \u2229 y ) \u2208 { A } )",
            "prop_expression": "( \ud835\udf11 \u2192 \ud835\udf13 ), ( \ud835\udf12 \u2194 \ud835\udf13 ) \u22a2 ( \ud835\udf11 \u2192 \ud835\udf12 )",
            "step": 3,
            "theorem": "sylibr",
            "ground_truth": "sylibr \u22a2 ( ( x \u2208 { A } \u2227 y \u2208 { A } ) \u2192 ( x \u2229 y ) \u2208 { A } )",
            "ground_truth_display": false,
            "statement_depth": 0,
            "_thrs_random_uniform": 0.4342696228619576,
            "_thrs_reconstruct": 4.079555964829817e-18,
            "_thrs_obviousness": 7.756484714747493e-11,
            "_thrs_weight": 0.4666666666666667,
            "_thrs_complexity": 0.5,
            "_thrs_surprisingness": 0.16318785578747627,
            "_thrs_intensity": 0.5479198767334359,
            "_thrs_interestingness": 0.33555487985302873,
            "_thrs_logistic_regression": 0.9915685872340412,
            "_thrs_random_forest": 0.49
        },
        {
            "expression": "\u22a2 ( ( x \u2208 { A } \u2227 y \u2208 { A } ) \u2192 ( x \u2229 y ) = A )",
            "prop_expression": "( \ud835\udf11 \u2192 A = B ), B = C \u22a2 ( \ud835\udf11 \u2192 A = C )",
            "step": 4,
            "theorem": "syl6eq",
            "ground_truth": "syl6eq \u22a2 ( ( x \u2208 { A } \u2227 y \u2208 { A } ) \u2192 ( x \u2229 y ) = A )",
            "ground_truth_display": false,
            "statement_depth": 0,
            "_thrs_random_uniform": 0.5987903788576973,
            "_thrs_reconstruct": 4.780454208551951e-16,
            "_thrs_obviousness": 6.562903792654101e-11,
            "_thrs_weight": 0.5333333333333333,
            "_thrs_complexity": 0.5,
            "_thrs_surprisingness": 0.16318785578747627,
            "_thrs_intensity": 0.49355932203389824,
            "_thrs_interestingness": 0.3380161022440674,
            "_thrs_logistic_regression": 0.9894141489934916,
            "_thrs_random_forest": 0.45
        },
        {
            "expression": "\u22a2 ( ( x \u2208 { A } \u2227 y \u2208 { A } ) \u2192 ( x \u2229 y ) = ( A \u2229 A ) )",
            "prop_expression": "( \ud835\udf11 \u2192 A = B ), ( \ud835\udf13 \u2192 C = D ) \u22a2 ( ( \ud835\udf11 \u2227 \ud835\udf13 ) \u2192 ( A \u2229 C ) = ( B \u2229 D ) )",
            "step": 5,
            "theorem": "ineqan12d",
            "ground_truth": "ineqan12d \u22a2 ( ( x \u2208 { A } \u2227 y \u2208 { A } ) \u2192 ( x \u2229 y ) = ( A \u2229 A ) )",
            "ground_truth_display": false,
            "statement_depth": 0,
            "_thrs_random_uniform": 0.5439900152378478,
            "_thrs_reconstruct": 4.774340744044309e-11,
            "_thrs_obviousness": 5.966116739649253e-11,
            "_thrs_weight": 0.4,
            "_thrs_complexity": 0.5,
            "_thrs_surprisingness": 0.16318785578747627,
            "_thrs_intensity": 0.25508474576271184,
            "_thrs_interestingness": 0.2636545203219699,
            "_thrs_logistic_regression": 0.9578597811128731,
            "_thrs_random_forest": 0.385
        },
        {
            "expression": "\u22a2 ( x \u2208 { A } \u2192 x = A )",
            "prop_expression": " \u22a2 ( A \u2208 { B } \u2192 A = B )",
            "step": 6,
            "theorem": "elsni",
            "ground_truth": "elsni \u22a2 ( x \u2208 { A } \u2192 x = A )",
            "ground_truth_display": false,
            "statement_depth": 0,
            "_thrs_random_uniform": 0.32564179955499717,
            "_thrs_reconstruct": 5.959438738856307e-12,
            "_thrs_obviousness": 5.958321223870466e-12,
            "_thrs_weight": 0.8666666666666667,
            "_thrs_complexity": 0.8333333333333334,
            "_thrs_surprisingness": 0.0,
            "_thrs_intensity": 0.06644067796610167,
            "_thrs_interestingness": 0.3532881355944121,
            "_thrs_logistic_regression": 0.7461532177146926,
            "_thrs_random_forest": 0.3625
        },
        {
            "expression": "\u22a2 ( y \u2208 { A } \u2192 y = A )",
            "prop_expression": " \u22a2 ( A \u2208 { B } \u2192 A = B )",
            "step": 7,
            "theorem": "elsni",
            "ground_truth": "elsni \u22a2 ( y \u2208 { A } \u2192 y = A )",
            "ground_truth_display": false,
            "statement_depth": 0,
            "_thrs_random_uniform": 0.13780946807538053,
            "_thrs_reconstruct": 5.959438738856307e-12,
            "_thrs_obviousness": 5.958321223870466e-12,
            "_thrs_weight": 0.8666666666666667,
            "_thrs_complexity": 0.8333333333333334,
            "_thrs_surprisingness": 0.0,
            "_thrs_intensity": 0.06644067796610167,
            "_thrs_interestingness": 0.3532881355944121,
            "_thrs_logistic_regression": 0.7461532177146926,
            "_thrs_random_forest": 0.3625
        },
        {
            "expression": "\u22a2 ( A \u2229 A ) = A",
            "prop_expression": " \u22a2 ( A \u2229 A ) = A",
            "step": 8,
            "theorem": "inidm",
            "ground_truth": "inidm \u22a2 ( A \u2229 A ) = A",
            "ground_truth_display": false,
            "statement_depth": 0,