{
    "theorem": "fiuni",
    "hyps": [
        [
            1,
            2
        ],
        [
            1,
            5
        ],
        [
            2,
            3
        ],
        [
            2,
            4
        ],
        [
            5,
            6
        ],
        [
            6,
            7
        ],
        [
            6,
            10
        ],
        [
            7,
            8
        ],
        [
            7,
            9
        ]
    ],
    "expression": "( A \u2208 V \u2192 U. A = U. ( fi ` A ) )",
    "steps": [
        {
            "expression": "\u22a2 ( A \u2208 V \u2192 U. A = U. ( fi ` A ) )",
            "prop_expression": "( \ud835\udf11 \u2192 A \u2286 B ), ( \ud835\udf11 \u2192 B \u2286 A ) \u22a2 ( \ud835\udf11 \u2192 A = B )",
            "step": 1,
            "theorem": "eqssd",
            "ground_truth": "eqssd \u22a2 ( A \u2208 V \u2192 U. A = U. ( fi ` A ) )",
            "ground_truth_display": false,
            "statement_depth": 0,
            "_thrs_random_uniform": 0.889678244401208,
            "_thrs_reconstruct": 1.1792283584685324e-14,
            "_thrs_obviousness": 1.0,
            "_thrs_weight": 0.7,
            "_thrs_complexity": 0.25,
            "_thrs_surprisingness": 0.7103448275862068,
            "_thrs_intensity": 0.7015468607825296,
            "_thrs_interestingness": 0.6723783376737473,
            "_thrs_logistic_regression": 0.9980969579314575,
            "_thrs_random_forest": 0.895
        },
        {
            "expression": "\u22a2 ( A \u2208 V \u2192 U. A \u2286 U. ( fi ` A ) )",
            "prop_expression": "( \ud835\udf11 \u2192 \ud835\udf13 ), ( \ud835\udf13 \u2192 \ud835\udf12 ) \u22a2 ( \ud835\udf11 \u2192 \ud835\udf12 )",
            "step": 2,
            "theorem": "syl",
            "ground_truth": "syl \u22a2 ( A \u2208 V \u2192 U. A \u2286 U. ( fi ` A ) )",
            "ground_truth_display": false,
            "statement_depth": 0,
            "_thrs_random_uniform": 0.8487485932479597,
            "_thrs_reconstruct": 2.110128086666582e-21,
            "_thrs_obviousness": 5.069277003836839e-05,
            "_thrs_weight": 0.6,
            "_thrs_complexity": 0.0,
            "_thrs_surprisingness": 1.0,
            "_thrs_intensity": 0.7452229299363057,
            "_thrs_interestingness": 0.4690547245412688,
            "_thrs_logistic_regression": 0.9993681721253664,
            "_thrs_random_forest": 0.87
        },
        {
            "expression": "\u22a2 ( A \u2208 V \u2192 A \u2286 ( fi ` A ) )",
            "prop_expression": " \u22a2 ( A \u2208 V \u2192 A \u2286 ( fi ` A ) )",
            "step": 3,
            "theorem": "ssfii",
            "ground_truth": "ssfii \u22a2 ( A \u2208 V \u2192 A \u2286 ( fi ` A ) )",
            "ground_truth_display": false,
            "statement_depth": 0,
            "_thrs_random_uniform": 0.14158896803433207,
            "_thrs_reconstruct": 5.069533992870395e-05,
            "_thrs_obviousness": 5.069276491377245e-05,
            "_thrs_weight": 0.8,
            "_thrs_complexity": 0.25,
            "_thrs_surprisingness": 0.8068965517241378,
            "_thrs_intensity": 0.17197452229299362,
            "_thrs_interestingness": 0.40578435335640906,
            "_thrs_logistic_regression": 0.9693855221207213,
            "_thrs_random_forest": 0.62
        },
        {
            "expression": "\u22a2 ( A \u2286 ( fi ` A ) \u2192 U. A \u2286 U. ( fi ` A ) )",
            "prop_expression": " \u22a2 ( A \u2286 B \u2192 U. A \u2286 U. B )",
            "step": 4,
            "theorem": "uniss",
            "ground_truth": "uniss \u22a2 ( A \u2286 ( fi ` A ) \u2192 U. A \u2286 U. ( fi ` A ) )",
            "ground_truth_display": false,
            "statement_depth": 0,
            "_thrs_random_uniform": 0.9920456970592241,
            "_thrs_reconstruct": 5.124855732979904e-12,
            "_thrs_obviousness": 0.0,
            "_thrs_weight": 0.4,
            "_thrs_complexity": 0.5,
            "_thrs_surprisingness": 0.15862068965517231,
            "_thrs_intensity": 0.019108280254777076,
            "_thrs_interestingness": 0.2155457939819899,
            "_thrs_logistic_regression": 0.8649040385200129,
            "_thrs_random_forest": 0.495
        },
        {
            "expression": "\u22a2 ( A \u2208 V \u2192 U. ( fi ` A ) \u2286 U. A )",
            "prop_expression": "\ud835\udf11 \u22a2 ( \ud835\udf13 \u2192 \ud835\udf11 )",
            "step": 5,
            "theorem": "a1i",
            "ground_truth": "a1i \u22a2 ( A \u2208 V \u2192 U. ( fi ` A ) \u2286 U. A )",
            "ground_truth_display": false,
            "statement_depth": 0,
            "_thrs_random_uniform": 0.20758535577483272,
            "_thrs_reconstruct": 5.275320216666455e-22,
            "_thrs_obviousness": 0.9999493072248252,
            "_thrs_weight": 0.6,
            "_thrs_complexity": 0.0,
            "_thrs_surprisingness": 1.0,
            "_thrs_intensity": 0.277452229299363,
            "_thrs_interestingness": 0.5754803073048376,
            "_thrs_logistic_regression": 0.9914796090437945,
            "_thrs_random_forest": 0.86
        },
        {
            "expression": "\u22a2 U. ( fi ` A ) \u2286 U. A",
            "prop_expression": "A \u2286 B, B = C \u22a2 A \u2286 C",
            "step": 6,
            "theorem": "sseqtri",
            "ground_truth": "sseqtri \u22a2 U. ( fi ` A ) \u2286 U. A",
            "ground_truth_display": false,
            "statement_depth": 0,
            "_thrs_random_uniform": 0.28569624739002064,
            "_thrs_reconstruct": 4.607583741213771e-14,
            "_thrs_obviousness": 0.9999493072248252,
            "_thrs_weight": 0.9,
            "_thrs_complexity": 0.5,
            "_thrs_surprisingness": 0.15862068965517231,
            "_thrs_intensity": 0.6469517743403094,
            "_thrs_interestingness": 0.6411043542440614,
            "_thrs_logistic_regression": 0.9964439703265203,
            "_thrs_random_forest": 0.875
        },
        {
            "expression": "\u22a2 U. ( fi ` A ) \u2286 U. \ud835\udcab U. A",
            "prop_expression": "\ud835\udf11, ( \ud835\udf11 \u2192 \ud835\udf13 ) \u22a2 \ud835\udf13",
            "step": 7,
            "theorem": "ax-mp",
            "ground_truth": "ax-mp \u22a2 U. ( fi ` A ) \u2286 U. \ud835\udcab U. A",
            "ground_truth_display": false,
            "statement_depth": 0,
            "_thrs_random_uniform": 0.1517875281424107,
            "_thrs_reconstruct": 0.0,
            "_thrs_obviousness": 0.9999493071682886,
            "_thrs_weight": 0.7,
            "_thrs_complexity": 0.25,
            "_thrs_surprisingness": 0.4965517241379308,
            "_thrs_intensity": 1.0,
            "_thrs_interestingness": 0.6893002062612439,
            "_thrs_logistic_regression": 0.9997148841421187,
            "_thrs_random_forest": 0.735
        },
        {
            "expression": "\u22a2 ( fi ` A ) \u2286 \ud835\udcab U. A",
            "prop_expression": " \u22a2 ( fi ` A ) \u2286 \ud835\udcab U. A",
            "step": 8,
            "theorem": "fipwuni",
            "ground_truth": "fipwuni \u22a2 ( fi ` A ) \u2286 \ud835\udcab U. A",
            "ground_truth_display": false,
            "statement_depth": 0,
            "_thrs_random_uniform": 0.563083983685973,
            "_thrs_reconstruct": 1.0,
            "_thrs_obviousness": 0.999949307163164,
            "_thrs_weight": 0.9,
            "_thrs_complexity": 0.25,
            "_thrs_surprisingness": 0.4965517241379308,
            "_thrs_intensity": 0.22111010009099177,
            "_thrs_interestingness": 0.5735222262784173,
            "_thrs_logistic_regression": 0.9844870148914862,
            "_thrs_random_forest": 0.84
        },
        {
            "expression": "\u22a2 ( ( fi ` A ) \u2286 \ud835\udcab U. A \u2192 U. ( fi ` A ) \u2286 U. \ud835\udcab U. A )",