{
    "theorem": "fnasrn",
    "hyps": [
        [
            1,
            2
        ],
        [
            1,
            3
        ],
        [
            1,
            5
        ],
        [
            3,
            4
        ],
        [
            5,
            6
        ],
        [
            5,
            8
        ],
        [
            6,
            7
        ],
        [
            8,
            9
        ],
        [
            9,
            10
        ]
    ],
    "expression": "( x \u2208 A |\u2192 B ) = ran ( x \u2208 A |\u2192 \u27e8 x , B \u27e9 )",
    "steps": [
        {
            "expression": "\u22a2 ( x \u2208 A |\u2192 B ) = ran ( x \u2208 A |\u2192 \u27e8 x , B \u27e9 )",
            "prop_expression": "A = B, C = A, D = B \u22a2 C = D",
            "step": 1,
            "theorem": "3eqtr4i",
            "ground_truth": "3eqtr4i \u22a2 ( x \u2208 A |\u2192 B ) = ran ( x \u2208 A |\u2192 \u27e8 x , B \u27e9 )",
            "ground_truth_display": false,
            "statement_depth": 0,
            "_thrs_random_uniform": 0.1915707503379217,
            "_thrs_reconstruct": 3.702754105354416e-08,
            "_thrs_obviousness": 1.0,
            "_thrs_weight": 0.25,
            "_thrs_complexity": 0.25,
            "_thrs_surprisingness": 0.6,
            "_thrs_intensity": 1.0,
            "_thrs_interestingness": 0.62,
            "_thrs_logistic_regression": 0.999496300245601,
            "_thrs_random_forest": 0.98
        },
        {
            "expression": "\u22a2 \u222a x \u2208 A { \u27e8 x , B \u27e9 } = { y | \u2203 x \u2208 A y \u2208 { \u27e8 x , B \u27e9 } }",
            "prop_expression": " \u22a2 \u222a x \u2208 A B = { y | \u2203 x \u2208 A y \u2208 B }",
            "step": 2,
            "theorem": "df-iun",
            "ground_truth": "df-iun \u22a2 \u222a x \u2208 A { \u27e8 x , B \u27e9 } = { y | \u2203 x \u2208 A y \u2208 { \u27e8 x , B \u27e9 } }",
            "ground_truth_display": false,
            "statement_depth": 0,
            "_thrs_random_uniform": 0.3038859638334329,
            "_thrs_reconstruct": 0.0,
            "_thrs_obviousness": 0.0,
            "_thrs_weight": 0.08333333333333337,
            "_thrs_complexity": 0.25,
            "_thrs_surprisingness": 0.6,
            "_thrs_intensity": 0.0057142857142856935,
            "_thrs_interestingness": 0.18780952380952382,
            "_thrs_logistic_regression": 0.8961189698069736,
            "_thrs_random_forest": 0.85
        },
        {
            "expression": "\u22a2 ( x \u2208 A |\u2192 B ) = \u222a x \u2208 A { \u27e8 x , B \u27e9 }",
            "prop_expression": "B \u2208 V \u22a2 ( x \u2208 A |\u2192 B ) = \u222a x \u2208 A { \u27e8 x , B \u27e9 }",
            "step": 3,
            "theorem": "dfmpt",
            "ground_truth": "dfmpt \u22a2 ( x \u2208 A |\u2192 B ) = \u222a x \u2208 A { \u27e8 x , B \u27e9 }",
            "ground_truth_display": false,
            "statement_depth": 0,
            "_thrs_random_uniform": 0.15084891015146296,
            "_thrs_reconstruct": 0.027666701403206418,
            "_thrs_obviousness": 0.026921838706014726,
            "_thrs_weight": 0.33333333333333337,
            "_thrs_complexity": 0.25,
            "_thrs_surprisingness": 1.0,
            "_thrs_intensity": 0.06181818181818184,
            "_thrs_interestingness": 0.334414670771506,
            "_thrs_logistic_regression": 0.8958455395878663,
            "_thrs_random_forest": 0.925
        },
        {
            "expression": "\u22a2 B \u2208 V",
            "prop_expression": " \u22a2 B \u2208 V",
            "step": 4,
            "theorem": "fnasrn.1",
            "ground_truth": "fnasrn.1 \u22a2 B \u2208 V",
            "ground_truth_display": false,
            "statement_depth": 0,
            "_thrs_random_uniform": 0.2974836573240226,
            "_thrs_reconstruct": 0.0,
            "_thrs_obviousness": 0.0,
            "_thrs_weight": 1.0,
            "_thrs_complexity": 1.0,
            "_thrs_surprisingness": 0.3,
            "_thrs_intensity": 0.27999999999999997,
            "_thrs_interestingness": 0.5159999999999999,
            "_thrs_logistic_regression": 0.7510932001740823,
            "_thrs_random_forest": 0.88
        },
        {
            "expression": "\u22a2 ran ( x \u2208 A |\u2192 \u27e8 x , B \u27e9 ) = { y | \u2203 x \u2208 A y \u2208 { \u27e8 x , B \u27e9 } }",
            "prop_expression": "A = B, C = B \u22a2 A = C",
            "step": 5,
            "theorem": "eqtr4i",
            "ground_truth": "eqtr4i \u22a2 ran ( x \u2208 A |\u2192 \u27e8 x , B \u27e9 ) = { y | \u2203 x \u2208 A y \u2208 { \u27e8 x , B \u27e9 } }",
            "ground_truth_display": false,
            "statement_depth": 0,
            "_thrs_random_uniform": 0.24410808578675802,
            "_thrs_reconstruct": 1.8513748309065466e-08,
            "_thrs_obviousness": 0.9730781252631964,
            "_thrs_weight": 0.0,
            "_thrs_complexity": 0.0,
            "_thrs_surprisingness": 0.6,
            "_thrs_intensity": 0.728,
            "_thrs_interestingness": 0.46021562505263935,
            "_thrs_logistic_regression": 0.9992232251937941,
            "_thrs_random_forest": 0.935
        },
        {
            "expression": "\u22a2 ran ( x \u2208 A |\u2192 \u27e8 x , B \u27e9 ) = { y | \u2203 x \u2208 A y = \u27e8 x , B \u27e9 }",
            "prop_expression": "F = ( x \u2208 A |\u2192 B ) \u22a2 ran F = { y | \u2203 x \u2208 A y = B }",
            "step": 6,
            "theorem": "rnmpt",
            "ground_truth": "rnmpt \u22a2 ran ( x \u2208 A |\u2192 \u27e8 x , B \u27e9 ) = { y | \u2203 x \u2208 A y = \u27e8 x , B \u27e9 }",
            "ground_truth_display": false,
            "statement_depth": 0,
            "_thrs_random_uniform": 0.5053645391826492,
            "_thrs_reconstruct": 1.0,
            "_thrs_obviousness": 0.9730772858748673,
            "_thrs_weight": 0.08333333333333337,
            "_thrs_complexity": 0.0,
            "_thrs_surprisingness": 0.6,
            "_thrs_intensity": 0.3759999999999999,
            "_thrs_interestingness": 0.4064821238416402,
            "_thrs_logistic_regression": 0.9952259976611483,
            "_thrs_random_forest": 0.69
        },
        {
            "expression": "\u22a2 ( x \u2208 A |\u2192 \u27e8 x , B \u27e9 ) = ( x \u2208 A |\u2192 \u27e8 x , B \u27e9 )",
            "prop_expression": " \u22a2 A = A",
            "step": 7,
            "theorem": "eqid",
            "ground_truth": "eqid \u22a2 ( x \u2208 A |\u2192 \u27e8 x , B \u27e9 ) = ( x \u2208 A |\u2192 \u27e8 x , B \u27e9 )",
            "ground_truth_display": false,
            "statement_depth": 0,
            "_thrs_random_uniform": 0.9906665243986859,
            "_thrs_reconstruct": 1.6974327853186433e-10,
            "_thrs_obviousness": 1.6517332874124378e-10,
            "_thrs_weight": 0.25,
            "_thrs_complexity": 0.5,
            "_thrs_surprisingness": 0.6,
            "_thrs_intensity": 0.0,
            "_thrs_interestingness": 0.27000000003303465,
            "_thrs_logistic_regression": 0.733536709410311,
            "_thrs_random_forest": 0.76
        },
        {
            "expression": "\u22a2 { y | \u2203 x \u2208 A y \u2208 { \u27e8 x , B \u27e9 } } = { y | \u2203 x \u2208 A y = \u27e8 x , B \u27e9 }",
            "prop_expression": "( \ud835\udf11 \u2194 \ud835\udf13 ) \u22a2 { x | \ud835\udf11 } = { x | \ud835\udf13 }",
            "step": 8,
            "theorem": "abbii",
            "ground_truth": "abbii \u22a2 { y | \u2203 x \u2208 A y \u2208 { \u27e8 x , B \u27e9 } } = { y | \u2203 x \u2208 A y = \u27e8 x , B \u27e9 }",
            "ground_truth_display": false,
            "statement_depth": 0,
            "_thrs_random_uniform": 0.9887393133677469,
            "_thrs_reconstruct": 7.654036809956757e-07,
            "_thrs_obviousness": 8.213729346653572e-07,
            "_thrs_weight": 0.0,