{
    "theorem": "fneu",
    "hyps": [
        [
            1,
            2
        ],
        [
            2,
            3
        ],
        [
            2,
            5
        ],
        [
            3,
            4
        ],
        [
            5,
            6
        ],
        [
            5,
            9
        ],
        [
            6,
            7
        ],
        [
            7,
            8
        ]
    ],
    "expression": "( ( F Fn A \u2227 B \u2208 A ) \u2192 E! y B F y )",
    "steps": [
        {
            "expression": "\u22a2 ( ( F Fn A \u2227 B \u2208 A ) \u2192 E! y B F y )",
            "prop_expression": "( ( Fun F \u2227 B \u2208 dom F ) \u2192 \ud835\udf11 ) \u22a2 ( ( F Fn A \u2227 B \u2208 A ) \u2192 \ud835\udf11 )",
            "step": 1,
            "theorem": "funfni",
            "ground_truth": "funfni \u22a2 ( ( F Fn A \u2227 B \u2208 A ) \u2192 E! y B F y )",
            "ground_truth_display": false,
            "statement_depth": 0,
            "_thrs_random_uniform": 0.08292949126024207,
            "_thrs_reconstruct": 1.326403833966287e-08,
            "_thrs_obviousness": 1.0,
            "_thrs_weight": 0.5,
            "_thrs_complexity": 0.0,
            "_thrs_surprisingness": 0.3333333333333333,
            "_thrs_intensity": 0.3488372093023256,
            "_thrs_interestingness": 0.43643410852713177,
            "_thrs_logistic_regression": 0.9973996326094879,
            "_thrs_random_forest": 0.965
        },
        {
            "expression": "\u22a2 ( ( Fun F \u2227 B \u2208 dom F ) \u2192 E! y B F y )",
            "prop_expression": "( \ud835\udf11 \u2192 \ud835\udf13 ), ( \ud835\udf11 \u2192 ( \ud835\udf13 \u2194 \ud835\udf12 ) ) \u22a2 ( \ud835\udf11 \u2192 \ud835\udf12 )",
            "step": 2,
            "theorem": "mpbid",
            "ground_truth": "mpbid \u22a2 ( ( Fun F \u2227 B \u2208 dom F ) \u2192 E! y B F y )",
            "ground_truth_display": false,
            "statement_depth": 0,
            "_thrs_random_uniform": 0.013570144455284039,
            "_thrs_reconstruct": 4.59784049022056e-12,
            "_thrs_obviousness": 0.9999999867937078,
            "_thrs_weight": 0.5,
            "_thrs_complexity": 0.0,
            "_thrs_surprisingness": 1.0,
            "_thrs_intensity": 1.0,
            "_thrs_interestingness": 0.6999999973587416,
            "_thrs_logistic_regression": 0.9998084152413969,
            "_thrs_random_forest": 0.96
        },
        {
            "expression": "\u22a2 ( ( Fun F \u2227 B \u2208 dom F ) \u2192 \u2203* y B F y )",
            "prop_expression": "( \ud835\udf11 \u2192 \ud835\udf13 ) \u22a2 ( ( \ud835\udf11 \u2227 \ud835\udf12 ) \u2192 \ud835\udf13 )",
            "step": 3,
            "theorem": "adantr",
            "ground_truth": "adantr \u22a2 ( ( Fun F \u2227 B \u2208 dom F ) \u2192 \u2203* y B F y )",
            "ground_truth_display": false,
            "statement_depth": 0,
            "_thrs_random_uniform": 0.7007855999210884,
            "_thrs_reconstruct": 1.0016723925123363e-11,
            "_thrs_obviousness": 0.995582281518136,
            "_thrs_weight": 0.5,
            "_thrs_complexity": 0.0,
            "_thrs_surprisingness": 1.0,
            "_thrs_intensity": 0.3023255813953488,
            "_thrs_interestingness": 0.559581572582697,
            "_thrs_logistic_regression": 0.9918045296304836,
            "_thrs_random_forest": 0.84
        },
        {
            "expression": "\u22a2 ( Fun F \u2192 \u2203* y B F y )",
            "prop_expression": " \u22a2 ( Fun F \u2192 \u2203* y A F y )",
            "step": 4,
            "theorem": "funmo",
            "ground_truth": "funmo \u22a2 ( Fun F \u2192 \u2203* y B F y )",
            "ground_truth_display": false,
            "statement_depth": 0,
            "_thrs_random_uniform": 0.6083393333576026,
            "_thrs_reconstruct": 1.0,
            "_thrs_obviousness": 0.9955822815080887,
            "_thrs_weight": 1.0,
            "_thrs_complexity": 0.6666666666666667,
            "_thrs_surprisingness": 0.3333333333333333,
            "_thrs_intensity": 0.19379844961240308,
            "_thrs_interestingness": 0.6378761462240984,
            "_thrs_logistic_regression": 0.9004930843014137,
            "_thrs_random_forest": 0.92
        },
        {
            "expression": "\u22a2 ( ( Fun F \u2227 B \u2208 dom F ) \u2192 ( \u2203* y B F y \u2194 E! y B F y ) )",
            "prop_expression": "( \ud835\udf11 \u2192 \ud835\udf13 ), ( \ud835\udf13 \u2192 \ud835\udf12 ) \u22a2 ( \ud835\udf11 \u2192 \ud835\udf12 )",
            "step": 5,
            "theorem": "syl",
            "ground_truth": "syl \u22a2 ( ( Fun F \u2227 B \u2208 dom F ) \u2192 ( \u2203* y B F y \u2194 E! y B F y ) )",
            "ground_truth_display": false,
            "statement_depth": 0,
            "_thrs_random_uniform": 0.15363364114286737,
            "_thrs_reconstruct": 0.0,
            "_thrs_obviousness": 0.0043591748823171425,
            "_thrs_weight": 0.0,
            "_thrs_complexity": 0.0,
            "_thrs_surprisingness": 1.0,
            "_thrs_intensity": 0.6146179401993355,
            "_thrs_interestingness": 0.3237954230163305,
            "_thrs_logistic_regression": 0.9977373360398073,
            "_thrs_random_forest": 0.955
        },
        {
            "expression": "\u22a2 ( ( Fun F \u2227 B \u2208 dom F ) \u2192 \u2203 y B F y )",
            "prop_expression": "( \ud835\udf11 \u2192 \ud835\udf13 ) \u22a2 ( ( \ud835\udf12 \u2227 \ud835\udf11 ) \u2192 \ud835\udf13 )",
            "step": 6,
            "theorem": "adantl",
            "ground_truth": "adantl \u22a2 ( ( Fun F \u2227 B \u2208 dom F ) \u2192 \u2203 y B F y )",
            "ground_truth_display": false,
            "statement_depth": 0,
            "_thrs_random_uniform": 0.24062113958140652,
            "_thrs_reconstruct": 7.16397289369106e-11,
            "_thrs_obviousness": 0.00430064449364034,
            "_thrs_weight": 0.5,
            "_thrs_complexity": 0.0,
            "_thrs_surprisingness": 1.0,
            "_thrs_intensity": 0.3302325581395349,
            "_thrs_interestingness": 0.3669066405266351,
            "_thrs_logistic_regression": 0.9935125156497604,
            "_thrs_random_forest": 0.63
        },
        {
            "expression": "\u22a2 ( B \u2208 dom F \u2192 \u2203 y B F y )",
            "prop_expression": "( \ud835\udf11 \u2192 ( \ud835\udf11 \u2194 \ud835\udf13 ) ) \u22a2 ( \ud835\udf11 \u2192 \ud835\udf13 )",
            "step": 7,
            "theorem": "ibi",
            "ground_truth": "ibi \u22a2 ( B \u2208 dom F \u2192 \u2203 y B F y )",
            "ground_truth_display": false,
            "statement_depth": 0,
            "_thrs_random_uniform": 0.19922553093533035,
            "_thrs_reconstruct": 4.672480757918945e-12,
            "_thrs_obviousness": 0.004300644422238587,
            "_thrs_weight": 0.75,
            "_thrs_complexity": 0.33333333333333337,
            "_thrs_surprisingness": 0.6666666666666666,
            "_thrs_intensity": 0.5813953488372092,
            "_thrs_interestingness": 0.46713919865188946,
            "_thrs_logistic_regression": 0.9954257952680675,
            "_thrs_random_forest": 0.695
        },
        {
            "expression": "\u22a2 ( B \u2208 dom F \u2192 ( B \u2208 dom F \u2194 \u2203 y B F y ) )",
            "prop_expression": " \u22a2 ( A \u2208 V \u2192 ( A \u2208 dom B \u2194 \u2203 y A B y ) )",
            "step": 8,
            "theorem": "eldmg",
            "ground_truth": "eldmg \u22a2 ( B \u2208 dom F \u2192 ( B \u2208 dom F \u2194 \u2203 y B F y ) )",
            "ground_truth_display": false,
            "statement_depth": 0,
            "_thrs_random_uniform": 0.3307245369358953,
            "_thrs_reconstruct": 0.004378260466981512,
            "_thrs_obviousness": 0.0043006444175121596,
            "_thrs_weight": 0.25,