{
    "theorem": "fnrnfv",
    "hyps": [
        [
            1,
            2
        ],
        [
            1,
            5
        ],
        [
            2,
            3
        ],
        [
            2,
            4
        ],
        [
            5,
            6
        ]
    ],
    "expression": "( F Fn A \u2192 ran F = { y | \u2203 x \u2208 A y = ( F ` x ) } )",
    "steps": [
        {
            "expression": "\u22a2 ( F Fn A \u2192 ran F = { y | \u2203 x \u2208 A y = ( F ` x ) } )",
            "prop_expression": "( \ud835\udf11 \u2192 A = B ), B = C \u22a2 ( \ud835\udf11 \u2192 A = C )",
            "step": 1,
            "theorem": "syl6eq",
            "ground_truth": "syl6eq \u22a2 ( F Fn A \u2192 ran F = { y | \u2203 x \u2208 A y = ( F ` x ) } )",
            "ground_truth_display": false,
            "statement_depth": 0,
            "_thrs_random_uniform": 0.20564562320353696,
            "_thrs_reconstruct": 7.001692035352381e-10,
            "_thrs_obviousness": 1.0,
            "_thrs_weight": 0.7142857142857143,
            "_thrs_complexity": 0.0,
            "_thrs_surprisingness": 0.7999999999999999,
            "_thrs_intensity": 0.8654292343387471,
            "_thrs_interestingness": 0.6759429897248923,
            "_thrs_logistic_regression": 0.9997538081014418,
            "_thrs_random_forest": 0.995
        },
        {
            "expression": "\u22a2 ( F Fn A \u2192 ran F = ran ( x \u2208 A |\u2192 ( F ` x ) ) )",
            "prop_expression": "( \ud835\udf11 \u2194 \ud835\udf13 ), ( \ud835\udf13 \u2192 \ud835\udf12 ) \u22a2 ( \ud835\udf11 \u2192 \ud835\udf12 )",
            "step": 2,
            "theorem": "sylbi",
            "ground_truth": "sylbi \u22a2 ( F Fn A \u2192 ran F = ran ( x \u2208 A |\u2192 ( F ` x ) ) )",
            "ground_truth_display": false,
            "statement_depth": 0,
            "_thrs_random_uniform": 0.20606277758909164,
            "_thrs_reconstruct": 0.0,
            "_thrs_obviousness": 0.9610561410576305,
            "_thrs_weight": 0.7142857142857143,
            "_thrs_complexity": 0.0,
            "_thrs_surprisingness": 1.0,
            "_thrs_intensity": 1.0,
            "_thrs_interestingness": 0.735068371068669,
            "_thrs_logistic_regression": 0.9998443422049622,
            "_thrs_random_forest": 0.905
        },
        {
            "expression": "\u22a2 ( F Fn A \u2194 F = ( x \u2208 A |\u2192 ( F ` x ) ) )",
            "prop_expression": " \u22a2 ( F Fn A \u2194 F = ( x \u2208 A |\u2192 ( F ` x ) ) )",
            "step": 3,
            "theorem": "dffn5",
            "ground_truth": "dffn5 \u22a2 ( F Fn A \u2194 F = ( x \u2208 A |\u2192 ( F ` x ) ) )",
            "ground_truth_display": false,
            "statement_depth": 0,
            "_thrs_random_uniform": 0.5555490604975301,
            "_thrs_reconstruct": 1.0,
            "_thrs_obviousness": 0.9590188434221465,
            "_thrs_weight": 1.0,
            "_thrs_complexity": 0.5,
            "_thrs_surprisingness": 0.49999999999999994,
            "_thrs_intensity": 0.13435983969626664,
            "_thrs_interestingness": 0.6186757366236827,
            "_thrs_logistic_regression": 0.9245798087354435,
            "_thrs_random_forest": 0.89
        },
        {
            "expression": "\u22a2 ( F = ( x \u2208 A |\u2192 ( F ` x ) ) \u2192 ran F = ran ( x \u2208 A |\u2192 ( F ` x ) ) )",
            "prop_expression": " \u22a2 ( A = B \u2192 ran A = ran B )",
            "step": 4,
            "theorem": "rneq",
            "ground_truth": "rneq \u22a2 ( F = ( x \u2208 A |\u2192 ( F ` x ) ) \u2192 ran F = ran ( x \u2208 A |\u2192 ( F ` x ) ) )",
            "ground_truth_display": false,
            "statement_depth": 0,
            "_thrs_random_uniform": 0.4770991583093197,
            "_thrs_reconstruct": 0.0021243562088154003,
            "_thrs_obviousness": 0.0020372976283336967,
            "_thrs_weight": 0.0,
            "_thrs_complexity": 0.5,
            "_thrs_surprisingness": 0.49999999999999994,
            "_thrs_intensity": 0.0,
            "_thrs_interestingness": 0.20040745952566671,
            "_thrs_logistic_regression": 0.7128932274463933,
            "_thrs_random_forest": 0.505
        },
        {
            "expression": "\u22a2 ran ( x \u2208 A |\u2192 ( F ` x ) ) = { y | \u2203 x \u2208 A y = ( F ` x ) }",
            "prop_expression": "F = ( x \u2208 A |\u2192 B ) \u22a2 ran F = { y | \u2203 x \u2208 A y = B }",
            "step": 5,
            "theorem": "rnmpt",
            "ground_truth": "rnmpt \u22a2 ran ( x \u2208 A |\u2192 ( F ` x ) ) = { y | \u2203 x \u2208 A y = ( F ` x ) }",
            "ground_truth_display": false,
            "statement_depth": 0,
            "_thrs_random_uniform": 0.7450072939652992,
            "_thrs_reconstruct": 0.040608021969612426,
            "_thrs_obviousness": 0.03894385826374366,
            "_thrs_weight": 0.2857142857142857,
            "_thrs_complexity": 0.0,
            "_thrs_surprisingness": 0.49999999999999994,
            "_thrs_intensity": 0.42227378190255227,
            "_thrs_interestingness": 0.2493863851761163,
            "_thrs_logistic_regression": 0.9975221576057567,
            "_thrs_random_forest": 0.885
        },
        {
            "expression": "\u22a2 ( x \u2208 A |\u2192 ( F ` x ) ) = ( x \u2208 A |\u2192 ( F ` x ) )",
            "prop_expression": " \u22a2 A = A",
            "step": 6,
            "theorem": "eqid",
            "ground_truth": "eqid \u22a2 ( x \u2208 A |\u2192 ( F ` x ) ) = ( x \u2208 A |\u2192 ( F ` x ) )",
            "ground_truth_display": false,
            "statement_depth": 0,
            "_thrs_random_uniform": 0.22610133873538973,
            "_thrs_reconstruct": 6.333564170556909e-12,
            "_thrs_obviousness": 0.0,
            "_thrs_weight": 0.5714285714285714,
            "_thrs_complexity": 1.0,
            "_thrs_surprisingness": 0.0,
            "_thrs_intensity": 0.0215445807093139,
            "_thrs_interestingness": 0.3185946304275771,
            "_thrs_logistic_regression": 0.42739239691098463,
            "_thrs_random_forest": 0.65
        }
    ]
}