{
    "theorem": "foelrn",
    "hyps": [
        [
            1,
            2
        ],
        [
            1,
            4
        ],
        [
            2,
            3
        ],
        [
            4,
            5
        ],
        [
            5,
            6
        ]
    ],
    "expression": "( ( F : A -onto\u2192 B \u2227 C \u2208 B ) \u2192 \u2203 x \u2208 A C = ( F ` x ) )",
    "steps": [
        {
            "expression": "\u22a2 ( ( F : A -onto\u2192 B \u2227 C \u2208 B ) \u2192 \u2203 x \u2208 A C = ( F ` x ) )",
            "prop_expression": "( \ud835\udf11 \u2192 \ud835\udf13 ), ( ( \ud835\udf13 \u2227 \ud835\udf12 ) \u2192 \ud835\udf03 ) \u22a2 ( ( \ud835\udf11 \u2227 \ud835\udf12 ) \u2192 \ud835\udf03 )",
            "step": 1,
            "theorem": "sylan",
            "ground_truth": "sylan \u22a2 ( ( F : A -onto\u2192 B \u2227 C \u2208 B ) \u2192 \u2203 x \u2208 A C = ( F ` x ) )",
            "ground_truth_display": false,
            "statement_depth": 0,
            "_thrs_random_uniform": 0.7553282858683573,
            "_thrs_reconstruct": 0.0,
            "_thrs_obviousness": 1.0,
            "_thrs_weight": 0.6,
            "_thrs_complexity": 0.25,
            "_thrs_surprisingness": 1.0,
            "_thrs_intensity": 1.0,
            "_thrs_interestingness": 0.77,
            "_thrs_logistic_regression": 0.9993799267506114,
            "_thrs_random_forest": 0.96
        },
        {
            "expression": "\u22a2 ( F : A -onto\u2192 B \u2192 \u2200 y \u2208 B \u2203 x \u2208 A y = ( F ` x ) )",
            "prop_expression": "( \ud835\udf11 \u2194 ( \ud835\udf13 \u2227 \ud835\udf12 ) ) \u22a2 ( \ud835\udf11 \u2192 \ud835\udf12 )",
            "step": 2,
            "theorem": "simprbi",
            "ground_truth": "simprbi \u22a2 ( F : A -onto\u2192 B \u2192 \u2200 y \u2208 B \u2203 x \u2208 A y = ( F ` x ) )",
            "ground_truth_display": false,
            "statement_depth": 0,
            "_thrs_random_uniform": 0.7459431249218322,
            "_thrs_reconstruct": 6.361191338958927e-12,
            "_thrs_obviousness": 0.999997380149881,
            "_thrs_weight": 0.6,
            "_thrs_complexity": 0.25,
            "_thrs_surprisingness": 0.75,
            "_thrs_intensity": 0.38755980861244016,
            "_thrs_interestingness": 0.5975114377524642,
            "_thrs_logistic_regression": 0.988098766585399,
            "_thrs_random_forest": 0.855
        },
        {
            "expression": "\u22a2 ( F : A -onto\u2192 B \u2194 ( F : A -\u2192 B \u2227 \u2200 y \u2208 B \u2203 x \u2208 A y = ( F ` x ) ) )",
            "prop_expression": " \u22a2 ( F : A -onto\u2192 B \u2194 ( F : A -\u2192 B \u2227 \u2200 y \u2208 B \u2203 x \u2208 A y = ( F ` x ) ) )",
            "step": 3,
            "theorem": "dffo3",
            "ground_truth": "dffo3 \u22a2 ( F : A -onto\u2192 B \u2194 ( F : A -\u2192 B \u2227 \u2200 y \u2208 B \u2203 x \u2208 A y = ( F ` x ) ) )",
            "ground_truth_display": false,
            "statement_depth": 0,
            "_thrs_random_uniform": 0.9063915649851118,
            "_thrs_reconstruct": 1.0,
            "_thrs_obviousness": 0.9999973801390003,
            "_thrs_weight": 0.19999999999999996,
            "_thrs_complexity": 0.0,
            "_thrs_surprisingness": 1.0,
            "_thrs_intensity": 0.0,
            "_thrs_interestingness": 0.4399994760278,
            "_thrs_logistic_regression": 0.9467579469086034,
            "_thrs_random_forest": 0.83
        },
        {
            "expression": "\u22a2 ( ( \u2200 y \u2208 B \u2203 x \u2208 A y = ( F ` x ) \u2227 C \u2208 B ) \u2192 \u2203 x \u2208 A C = ( F ` x ) )",
            "prop_expression": "( x = A \u2192 ( \ud835\udf11 \u2194 \ud835\udf13 ) ) \u22a2 ( ( \u2200 x \u2208 B \ud835\udf11 \u2227 A \u2208 B ) \u2192 \ud835\udf13 )",
            "step": 4,
            "theorem": "rcla4cva",
            "ground_truth": "rcla4cva \u22a2 ( ( \u2200 y \u2208 B \u2203 x \u2208 A y = ( F ` x ) \u2227 C \u2208 B ) \u2192 \u2203 x \u2208 A C = ( F ` x ) )",
            "ground_truth_display": false,
            "statement_depth": 0,
            "_thrs_random_uniform": 0.01147572559603316,
            "_thrs_reconstruct": 2.618620135384887e-06,
            "_thrs_obviousness": 2.6195583889359427e-06,
            "_thrs_weight": 0.0,
            "_thrs_complexity": 0.25,
            "_thrs_surprisingness": 0.75,
            "_thrs_intensity": 0.24976076555023924,
            "_thrs_interestingness": 0.2499526770217256,
            "_thrs_logistic_regression": 0.9604172585041739,
            "_thrs_random_forest": 0.845
        },
        {
            "expression": "\u22a2 ( y = C \u2192 ( \u2203 x \u2208 A y = ( F ` x ) \u2194 \u2203 x \u2208 A C = ( F ` x ) ) )",
            "prop_expression": "( \ud835\udf11 \u2192 ( \ud835\udf13 \u2194 \ud835\udf12 ) ) \u22a2 ( \ud835\udf11 \u2192 ( \u2203 x \u2208 A \ud835\udf13 \u2194 \u2203 x \u2208 A \ud835\udf12 ) )",
            "step": 5,
            "theorem": "rexbidv",
            "ground_truth": "rexbidv \u22a2 ( y = C \u2192 ( \u2203 x \u2208 A y = ( F ` x ) \u2194 \u2203 x \u2208 A C = ( F ` x ) ) )",
            "ground_truth_display": false,
            "statement_depth": 0,
            "_thrs_random_uniform": 0.2741880088475862,
            "_thrs_reconstruct": 9.360765183126632e-10,
            "_thrs_obviousness": 9.405936488742503e-10,
            "_thrs_weight": 0.4,
            "_thrs_complexity": 0.5,
            "_thrs_surprisingness": 0.5,
            "_thrs_intensity": 0.22607655502392346,
            "_thrs_interestingness": 0.3252153111929034,
            "_thrs_logistic_regression": 0.9249081715310069,
            "_thrs_random_forest": 0.605
        },
        {
            "expression": "\u22a2 ( y = C \u2192 ( y = ( F ` x ) \u2194 C = ( F ` x ) ) )",
            "prop_expression": " \u22a2 ( A = B \u2192 ( A = C \u2194 B = C ) )",
            "step": 6,
            "theorem": "eqeq1",
            "ground_truth": "eqeq1 \u22a2 ( y = C \u2192 ( y = ( F ` x ) \u2194 C = ( F ` x ) ) )",
            "ground_truth_display": false,
            "statement_depth": 0,
            "_thrs_random_uniform": 0.6260205459380903,
            "_thrs_reconstruct": 2.8269160278796157e-10,
            "_thrs_obviousness": 0.0,
            "_thrs_weight": 1.0,
            "_thrs_complexity": 1.0,
            "_thrs_surprisingness": 0.0,
            "_thrs_intensity": 0.0,
            "_thrs_interestingness": 0.4,
            "_thrs_logistic_regression": 0.5,
            "_thrs_random_forest": 0.7535714285714286
        }
    ]
}