{
    "theorem": "fofi",
    "hyps": [
        [
            1,
            2
        ],
        [
            1,
            3
        ]
    ],
    "expression": "( ( A \u2208 Fin \u2227 F : A -onto\u2192 B ) \u2192 B \u2208 Fin )",
    "steps": [
        {
            "expression": "\u22a2 ( ( A \u2208 Fin \u2227 F : A -onto\u2192 B ) \u2192 B \u2208 Fin )",
            "prop_expression": "( ( \ud835\udf11 \u2227 \ud835\udf13 ) \u2192 \ud835\udf12 ), ( ( \ud835\udf11 \u2227 \ud835\udf12 ) \u2192 \ud835\udf03 ) \u22a2 ( ( \ud835\udf11 \u2227 \ud835\udf13 ) \u2192 \ud835\udf03 )",
            "step": 1,
            "theorem": "syldan",
            "ground_truth": "syldan \u22a2 ( ( A \u2208 Fin \u2227 F : A -onto\u2192 B ) \u2192 B \u2208 Fin )",
            "ground_truth_display": false,
            "statement_depth": 0,
            "_thrs_random_uniform": 0.8368953045765358,
            "_thrs_reconstruct": 0.0,
            "_thrs_obviousness": 1.0,
            "_thrs_weight": 0.0,
            "_thrs_complexity": 0.5,
            "_thrs_surprisingness": 0.8,
            "_thrs_intensity": 1.0,
            "_thrs_interestingness": 0.6599999999999999,
            "_thrs_logistic_regression": 0.9970216118708212,
            "_thrs_random_forest": 0.735
        },
        {
            "expression": "\u22a2 ( ( A \u2208 Fin \u2227 F : A -onto\u2192 B ) \u2192 B \u227a_ A )",
            "prop_expression": " \u22a2 ( ( A \u2208 Fin \u2227 F : A -onto\u2192 B ) \u2192 B \u227a_ A )",
            "step": 2,
            "theorem": "fodomfi",
            "ground_truth": "fodomfi \u22a2 ( ( A \u2208 Fin \u2227 F : A -onto\u2192 B ) \u2192 B \u227a_ A )",
            "ground_truth_display": false,
            "statement_depth": 0,
            "_thrs_random_uniform": 0.5660618065157356,
            "_thrs_reconstruct": 1.0,
            "_thrs_obviousness": 0.8320245948575373,
            "_thrs_weight": 0.0,
            "_thrs_complexity": 0.0,
            "_thrs_surprisingness": 1.0,
            "_thrs_intensity": 0.13461538461538455,
            "_thrs_interestingness": 0.3933279958945844,
            "_thrs_logistic_regression": 0.968573270540876,
            "_thrs_random_forest": 0.915
        },
        {
            "expression": "\u22a2 ( ( A \u2208 Fin \u2227 B \u227a_ A ) \u2192 B \u2208 Fin )",
            "prop_expression": " \u22a2 ( ( A \u2208 Fin \u2227 B \u227a_ A ) \u2192 B \u2208 Fin )",
            "step": 3,
            "theorem": "domfi",
            "ground_truth": "domfi \u22a2 ( ( A \u2208 Fin \u2227 B \u227a_ A ) \u2192 B \u2208 Fin )",
            "ground_truth_display": false,
            "statement_depth": 0,
            "_thrs_random_uniform": 0.7966637149453574,
            "_thrs_reconstruct": 0.16797540514245551,
            "_thrs_obviousness": 0.0,
            "_thrs_weight": 1.0,
            "_thrs_complexity": 1.0,
            "_thrs_surprisingness": 0.0,
            "_thrs_intensity": 0.0,
            "_thrs_interestingness": 0.4,
            "_thrs_logistic_regression": 0.5,
            "_thrs_random_forest": 0.84
        }
    ]
}