{
    "theorem": "funcnvsn",
    "hyps": [
        [
            1,
            2
        ],
        [
            1,
            3
        ],
        [
            1,
            18
        ],
        [
            3,
            4
        ],
        [
            4,
            5
        ],
        [
            4,
            6
        ],
        [
            6,
            7
        ],
        [
            7,
            8
        ],
        [
            7,
            13
        ],
        [
            8,
            9
        ],
        [
            8,
            12
        ],
        [
            9,
            10
        ],
        [
            9,
            11
        ],
        [
            13,
            14
        ],
        [
            13,
            15
        ],
        [
            15,
            16
        ],
        [
            15,
            17
        ]
    ],
    "expression": "Fun `' { \u27e8 A , B \u27e9 }",
    "steps": [
        {
            "expression": "\u22a2 Fun `' { \u27e8 A , B \u27e9 }",
            "prop_expression": "\ud835\udf13, \ud835\udf12, ( \ud835\udf11 \u2194 ( \ud835\udf13 \u2227 \ud835\udf12 ) ) \u22a2 \ud835\udf11",
            "step": 1,
            "theorem": "mpbir2an",
            "ground_truth": "mpbir2an \u22a2 Fun `' { \u27e8 A , B \u27e9 }",
            "ground_truth_display": false,
            "statement_depth": 0,
            "_thrs_random_uniform": 0.17004999122612174,
            "_thrs_reconstruct": 5.991803059638536e-10,
            "_thrs_obviousness": 1.0,
            "_thrs_weight": 0.9166666666666666,
            "_thrs_complexity": 0.6,
            "_thrs_surprisingness": 0.6767676767676768,
            "_thrs_intensity": 1.0,
            "_thrs_interestingness": 0.8386868686868688,
            "_thrs_logistic_regression": 0.9982500917445887,
            "_thrs_random_forest": 0.95
        },
        {
            "expression": "\u22a2 Rel `' { \u27e8 A , B \u27e9 }",
            "prop_expression": " \u22a2 Rel `' A",
            "step": 2,
            "theorem": "relcnv",
            "ground_truth": "relcnv \u22a2 Rel `' { \u27e8 A , B \u27e9 }",
            "ground_truth_display": false,
            "statement_depth": 0,
            "_thrs_random_uniform": 0.14805927149716325,
            "_thrs_reconstruct": 0.13655324342144645,
            "_thrs_obviousness": 0.09103196316279245,
            "_thrs_weight": 0.9166666666666666,
            "_thrs_complexity": 0.6,
            "_thrs_surprisingness": 0.4848484848484848,
            "_thrs_intensity": 0.16422287390029325,
            "_thrs_interestingness": 0.4513539977156474,
            "_thrs_logistic_regression": 0.897946392295866,
            "_thrs_random_forest": 0.96
        },
        {
            "expression": "\u22a2 \u2200 x \u2203* y x `' { \u27e8 A , B \u27e9 } y",
            "prop_expression": "\ud835\udf11 \u22a2 \u2200 x \ud835\udf11",
            "step": 3,
            "theorem": "ax-gen",
            "ground_truth": "ax-gen \u22a2 \u2200 x \u2203* y x `' { \u27e8 A , B \u27e9 } y",
            "ground_truth_display": false,
            "statement_depth": 0,
            "_thrs_random_uniform": 0.5479147216270492,
            "_thrs_reconstruct": 0.0,
            "_thrs_obviousness": 0.24232723844626514,
            "_thrs_weight": 0.6666666666666667,
            "_thrs_complexity": 0.4,
            "_thrs_surprisingness": 0.2626262626262626,
            "_thrs_intensity": 0.12023460410557187,
            "_thrs_interestingness": 0.33837095436895326,
            "_thrs_logistic_regression": 0.952714825663178,
            "_thrs_random_forest": 0.92
        },
        {
            "expression": "\u22a2 \u2203* y x `' { \u27e8 A , B \u27e9 } y",
            "prop_expression": "\ud835\udf11, ( \ud835\udf11 \u2192 \ud835\udf13 ) \u22a2 \ud835\udf13",
            "step": 4,
            "theorem": "ax-mp",
            "ground_truth": "ax-mp \u22a2 \u2203* y x `' { \u27e8 A , B \u27e9 } y",
            "ground_truth_display": false,
            "statement_depth": 0,
            "_thrs_random_uniform": 0.9808459860693973,
            "_thrs_reconstruct": 0.0,
            "_thrs_obviousness": 0.24232723844624376,
            "_thrs_weight": 0.75,
            "_thrs_complexity": 0.4,
            "_thrs_surprisingness": 0.2626262626262626,
            "_thrs_intensity": 0.4721407624633431,
            "_thrs_interestingness": 0.42541885270716995,
            "_thrs_logistic_regression": 0.9931821326253683,
            "_thrs_random_forest": 0.815
        },
        {
            "expression": "\u22a2 \u2203* y y = A",
            "prop_expression": " \u22a2 \u2203* x x = A",
            "step": 5,
            "theorem": "moeq",
            "ground_truth": "moeq \u22a2 \u2203* y y = A",
            "ground_truth_display": false,
            "statement_depth": 0,
            "_thrs_random_uniform": 0.09829836955722782,
            "_thrs_reconstruct": 0.0001903966617430094,
            "_thrs_obviousness": 0.00012692618251926614,
            "_thrs_weight": 1.0,
            "_thrs_complexity": 1.0,
            "_thrs_surprisingness": 0.0,
            "_thrs_intensity": 0.06158357771260996,
            "_thrs_interestingness": 0.4123421007790258,
            "_thrs_logistic_regression": 0.582312554365374,
            "_thrs_random_forest": 0.705
        },
        {
            "expression": "\u22a2 ( \u2203* y y = A \u2192 \u2203* y x `' { \u27e8 A , B \u27e9 } y )",
            "prop_expression": "( \ud835\udf11 \u2192 \ud835\udf13 ) \u22a2 ( \u2203* x \ud835\udf13 \u2192 \u2203* x \ud835\udf11 )",
            "step": 6,
            "theorem": "immoi",
            "ground_truth": "immoi \u22a2 ( \u2203* y y = A \u2192 \u2203* y x `' { \u27e8 A , B \u27e9 } y )",
            "ground_truth_display": false,
            "statement_depth": 0,
            "_thrs_random_uniform": 0.926348872634385,
            "_thrs_reconstruct": 0.00012620363090830409,
            "_thrs_obviousness": 0.2422003122636818,
            "_thrs_weight": 0.5,
            "_thrs_complexity": 0.4,
            "_thrs_surprisingness": 0.2626262626262626,
            "_thrs_intensity": 0.0957966764418377,
            "_thrs_interestingness": 0.30012465026635643,
            "_thrs_logistic_regression": 0.9377493669390193,
            "_thrs_random_forest": 0.63
        },
        {
            "expression": "\u22a2 ( x `' { \u27e8 A , B \u27e9 } y \u2192 y = A )",
            "prop_expression": "( \ud835\udf11 \u2194 \ud835\udf13 ), ( \ud835\udf13 \u2192 \ud835\udf12 ) \u22a2 ( \ud835\udf11 \u2192 \ud835\udf12 )",
            "step": 7,
            "theorem": "sylbi",
            "ground_truth": "sylbi \u22a2 ( x `' { \u27e8 A , B \u27e9 } y \u2192 y = A )",
            "ground_truth_display": false,
            "statement_depth": 0,
            "_thrs_random_uniform": 0.493485137268742,
            "_thrs_reconstruct": 9.931342289942501e-12,
            "_thrs_obviousness": 0.2421161797744423,
            "_thrs_weight": 0.6666666666666667,
            "_thrs_complexity": 0.4,
            "_thrs_surprisingness": 0.2626262626262626,
            "_thrs_intensity": 0.4794721407624634,
            "_thrs_interestingness": 0.410176249965967,
            "_thrs_logistic_regression": 0.9929065505678961,
            "_thrs_random_forest": 0.775
        },
        {
            "expression": "\u22a2 ( x `' { \u27e8 A , B \u27e9 } y \u2194 \u27e8 y , x \u27e9 \u2208 { \u27e8 A , B \u27e9 } )",
            "prop_expression": "( \ud835\udf11 \u2194 \ud835\udf13 ), ( \ud835\udf13 \u2194 \ud835\udf12 ) \u22a2 ( \ud835\udf11 \u2194 \ud835\udf12 )",
            "step": 8,
            "theorem": "bitri",
            "ground_truth": "bitri \u22a2 ( x `' { \u27e8 A , B \u27e9 } y \u2194 \u27e8 y , x \u27e9 \u2208 { \u27e8 A , B \u27e9 } )",
            "ground_truth_display": false,
            "statement_depth": 0,