{
    "theorem": "funeu",
    "hyps": [
        [
            1,
            2
        ],
        [
            1,
            8
        ],
        [
            2,
            3
        ],
        [
            2,
            6
        ],
        [
            3,
            4
        ],
        [
            3,
            5
        ],
        [
            6,
            7
        ],
        [
            8,
            9
        ],
        [
            8,
            11
        ],
        [
            9,
            10
        ]
    ],
    "expression": "( ( Fun F \u2227 A F B ) \u2192 E! y A F y )",
    "steps": [
        {
            "expression": "\u22a2 ( ( Fun F \u2227 A F B ) \u2192 E! y A F y )",
            "prop_expression": "( \ud835\udf11 \u2192 \ud835\udf13 ), ( \ud835\udf11 \u2192 ( \ud835\udf13 \u2192 \ud835\udf12 ) ) \u22a2 ( \ud835\udf11 \u2192 \ud835\udf12 )",
            "step": 1,
            "theorem": "mpd",
            "ground_truth": "mpd \u22a2 ( ( Fun F \u2227 A F B ) \u2192 E! y A F y )",
            "ground_truth_display": false,
            "statement_depth": 0,
            "_thrs_random_uniform": 0.8009265789436997,
            "_thrs_reconstruct": 2.98561070793525e-14,
            "_thrs_obviousness": 1.0,
            "_thrs_weight": 0.4444444444444444,
            "_thrs_complexity": 0.33333333333333337,
            "_thrs_surprisingness": 0.3695198329853863,
            "_thrs_intensity": 1.0,
            "_thrs_interestingness": 0.6294595221526328,
            "_thrs_logistic_regression": 0.9995322994366924,
            "_thrs_random_forest": 0.945
        },
        {
            "expression": "\u22a2 ( ( Fun F \u2227 A F B ) \u2192 \u2203 y A F y )",
            "prop_expression": "( \ud835\udf11 \u2192 \ud835\udf13 ), ( \ud835\udf13 \u2192 \ud835\udf12 ) \u22a2 ( \ud835\udf11 \u2192 \ud835\udf12 )",
            "step": 2,
            "theorem": "syl",
            "ground_truth": "syl \u22a2 ( ( Fun F \u2227 A F B ) \u2192 \u2203 y A F y )",
            "ground_truth_display": false,
            "statement_depth": 0,
            "_thrs_random_uniform": 0.9197974394455771,
            "_thrs_reconstruct": 5.9712214158705e-14,
            "_thrs_obviousness": 0.12315144142145772,
            "_thrs_weight": 0.4444444444444444,
            "_thrs_complexity": 0.33333333333333337,
            "_thrs_surprisingness": 0.3695198329853863,
            "_thrs_intensity": 0.5009041591320071,
            "_thrs_interestingness": 0.35427064226332583,
            "_thrs_logistic_regression": 0.9936271319370538,
            "_thrs_random_forest": 0.98
        },
        {
            "expression": "\u22a2 ( ( Fun F \u2227 A F B ) \u2192 A \u2208 dom F )",
            "prop_expression": "( \ud835\udf11 \u2192 \ud835\udf13 ), ( ( \ud835\udf13 \u2227 \ud835\udf12 ) \u2192 \ud835\udf03 ) \u22a2 ( ( \ud835\udf11 \u2227 \ud835\udf12 ) \u2192 \ud835\udf03 )",
            "step": 3,
            "theorem": "sylan",
            "ground_truth": "sylan \u22a2 ( ( Fun F \u2227 A F B ) \u2192 A \u2208 dom F )",
            "ground_truth_display": false,
            "statement_depth": 0,
            "_thrs_random_uniform": 0.06260428233448367,
            "_thrs_reconstruct": 6.233955158168802e-11,
            "_thrs_obviousness": 0.11931237003766725,
            "_thrs_weight": 0.4444444444444444,
            "_thrs_complexity": 0.0,
            "_thrs_surprisingness": 0.7703549060542797,
            "_thrs_intensity": 0.45027124773960214,
            "_thrs_interestingness": 0.3568765936551987,
            "_thrs_logistic_regression": 0.9973413519333973,
            "_thrs_random_forest": 0.72
        },
        {
            "expression": "\u22a2 ( Fun F \u2192 Rel F )",
            "prop_expression": " \u22a2 ( Fun A \u2192 Rel A )",
            "step": 4,
            "theorem": "funrel",
            "ground_truth": "funrel \u22a2 ( Fun F \u2192 Rel F )",
            "ground_truth_display": false,
            "statement_depth": 0,
            "_thrs_random_uniform": 0.9606508553209482,
            "_thrs_reconstruct": 1.4659348575962076e-11,
            "_thrs_obviousness": 1.2854028668342404e-11,
            "_thrs_weight": 1.0,
            "_thrs_complexity": 1.0,
            "_thrs_surprisingness": 0.2087682672233821,
            "_thrs_intensity": 0.22784810126582278,
            "_thrs_interestingness": 0.48732327370041173,
            "_thrs_logistic_regression": 0.7204361514721701,
            "_thrs_random_forest": 0.725
        },
        {
            "expression": "\u22a2 ( ( Rel F \u2227 A F B ) \u2192 A \u2208 dom F )",
            "prop_expression": " \u22a2 ( ( Rel R \u2227 A R B ) \u2192 A \u2208 dom R )",
            "step": 5,
            "theorem": "releldm",
            "ground_truth": "releldm \u22a2 ( ( Rel F \u2227 A F B ) \u2192 A \u2208 dom F )",
            "ground_truth_display": false,
            "statement_depth": 0,
            "_thrs_random_uniform": 0.3414772900738384,
            "_thrs_reconstruct": 0.1360695285458513,
            "_thrs_obviousness": 0.11931236997012469,
            "_thrs_weight": 0.4444444444444444,
            "_thrs_complexity": 0.0,
            "_thrs_surprisingness": 1.0,
            "_thrs_intensity": 0.18987341772151894,
            "_thrs_interestingness": 0.3507260464272176,
            "_thrs_logistic_regression": 0.9853882505113514,
            "_thrs_random_forest": 0.685
        },
        {
            "expression": "\u22a2 ( A \u2208 dom F \u2192 \u2203 y A F y )",
            "prop_expression": "( \ud835\udf11 \u2192 ( \ud835\udf11 \u2194 \ud835\udf13 ) ) \u22a2 ( \ud835\udf11 \u2192 \ud835\udf13 )",
            "step": 6,
            "theorem": "ibi",
            "ground_truth": "ibi \u22a2 ( A \u2208 dom F \u2192 \u2203 y A F y )",
            "ground_truth_display": false,
            "statement_depth": 0,
            "_thrs_random_uniform": 0.5999361448124328,
            "_thrs_reconstruct": 4.732192972077371e-12,
            "_thrs_obviousness": 0.003839071383711938,
            "_thrs_weight": 0.5555555555555556,
            "_thrs_complexity": 0.33333333333333337,
            "_thrs_surprisingness": 0.2755741127348644,
            "_thrs_intensity": 0.5696202531645568,
            "_thrs_interestingness": 0.3475844652344044,
            "_thrs_logistic_regression": 0.9965416906685645,
            "_thrs_random_forest": 0.685
        },
        {
            "expression": "\u22a2 ( A \u2208 dom F \u2192 ( A \u2208 dom F \u2194 \u2203 y A F y ) )",
            "prop_expression": " \u22a2 ( A \u2208 V \u2192 ( A \u2208 dom B \u2194 \u2203 y A B y ) )",
            "step": 7,
            "theorem": "eldmg",
            "ground_truth": "eldmg \u22a2 ( A \u2208 dom F \u2192 ( A \u2208 dom F \u2194 \u2203 y A F y ) )",
            "ground_truth_display": false,
            "statement_depth": 0,
            "_thrs_random_uniform": 0.18180324296776074,
            "_thrs_reconstruct": 0.0043782604670409625,
            "_thrs_obviousness": 0.0038390713795494317,
            "_thrs_weight": 0.11111111111111116,
            "_thrs_complexity": 0.33333333333333337,
            "_thrs_surprisingness": 0.2755741127348644,
            "_thrs_intensity": 0.0759493670886076,
            "_thrs_interestingness": 0.15996139912949317,
            "_thrs_logistic_regression": 0.9292970150418061,
            "_thrs_random_forest": 0.525
        },
        {
            "expression": "\u22a2 ( ( Fun F \u2227 A F B ) \u2192 ( \u2203 y A F y \u2192 E! y A F y ) )",
            "prop_expression": "( \ud835\udf11 \u2192 \ud835\udf13 ), ( \ud835\udf13 \u2194 \ud835\udf12 ) \u22a2 ( \ud835\udf11 \u2192 \ud835\udf12 )",
            "step": 8,
            "theorem": "sylib",
            "ground_truth": "sylib \u22a2 ( ( Fun F \u2227 A F B ) \u2192 ( \u2203 y A F y \u2192 E! y A F y ) )",
            "ground_truth_display": false,
            "statement_depth": 0,