{
    "theorem": "funopab4",
    "hyps": [
        [
            1,
            2
        ],
        [
            1,
            4
        ],
        [
            1,
            5
        ],
        [
            2,
            3
        ]
    ],
    "expression": "Fun { \u27e8 x , y \u27e9 | ( \ud835\udf11 \u2227 y = A ) }",
    "steps": [
        {
            "expression": "\u22a2 Fun { \u27e8 x , y \u27e9 | ( \ud835\udf11 \u2227 y = A ) }",
            "prop_expression": "\ud835\udf11, \ud835\udf13, ( \ud835\udf11 \u2192 ( \ud835\udf13 \u2192 \ud835\udf12 ) ) \u22a2 \ud835\udf12",
            "step": 1,
            "theorem": "mp2",
            "ground_truth": "mp2 \u22a2 Fun { \u27e8 x , y \u27e9 | ( \ud835\udf11 \u2227 y = A ) }",
            "ground_truth_display": false,
            "statement_depth": 0,
            "_thrs_random_uniform": 0.13680626888507685,
            "_thrs_reconstruct": 0.0,
            "_thrs_obviousness": 1.0,
            "_thrs_weight": 0.9375,
            "_thrs_complexity": 0.33333333333333337,
            "_thrs_surprisingness": 0.375,
            "_thrs_intensity": 1.0,
            "_thrs_interestingness": 0.7291666666666667,
            "_thrs_logistic_regression": 0.9997055298825065,
            "_thrs_random_forest": 0.885
        },
        {
            "expression": "\u22a2 { \u27e8 x , y \u27e9 | ( \ud835\udf11 \u2227 y = A ) } \u2286 { \u27e8 x , y \u27e9 | y = A }",
            "prop_expression": "( \ud835\udf11 \u2192 \ud835\udf13 ) \u22a2 { \u27e8 x , y \u27e9 | \ud835\udf11 } \u2286 { \u27e8 x , y \u27e9 | \ud835\udf13 }",
            "step": 2,
            "theorem": "ssopab2i",
            "ground_truth": "ssopab2i \u22a2 { \u27e8 x , y \u27e9 | ( \ud835\udf11 \u2227 y = A ) } \u2286 { \u27e8 x , y \u27e9 | y = A }",
            "ground_truth_display": false,
            "statement_depth": 0,
            "_thrs_random_uniform": 0.5528728915638874,
            "_thrs_reconstruct": 4.0027369992705786e-05,
            "_thrs_obviousness": 4.0020383323691046e-05,
            "_thrs_weight": 0.6875,
            "_thrs_complexity": 0.33333333333333337,
            "_thrs_surprisingness": 0.43749999999999994,
            "_thrs_intensity": 0.11616161616161617,
            "_thrs_interestingness": 0.3149069939756547,
            "_thrs_logistic_regression": 0.9578574613718027,
            "_thrs_random_forest": 0.925
        },
        {
            "expression": "\u22a2 ( ( \ud835\udf11 \u2227 y = A ) \u2192 y = A )",
            "prop_expression": " \u22a2 ( ( \ud835\udf11 \u2227 \ud835\udf13 ) \u2192 \ud835\udf13 )",
            "step": 3,
            "theorem": "simpr",
            "ground_truth": "simpr \u22a2 ( ( \ud835\udf11 \u2227 y = A ) \u2192 y = A )",
            "ground_truth_display": false,
            "statement_depth": 0,
            "_thrs_random_uniform": 0.33650976494171125,
            "_thrs_reconstruct": 1.4824148078719248e-11,
            "_thrs_obviousness": 0.0,
            "_thrs_weight": 1.0,
            "_thrs_complexity": 1.0,
            "_thrs_surprisingness": 0.0,
            "_thrs_intensity": 0.06666666666666667,
            "_thrs_interestingness": 0.4133333333333334,
            "_thrs_logistic_regression": 0.5889705870063715,
            "_thrs_random_forest": 0.7508333333333335
        },
        {
            "expression": "\u22a2 Fun { \u27e8 x , y \u27e9 | y = A }",
            "prop_expression": " \u22a2 Fun { \u27e8 x , y \u27e9 | y = A }",
            "step": 4,
            "theorem": "funopabeq",
            "ground_truth": "funopabeq \u22a2 Fun { \u27e8 x , y \u27e9 | y = A }",
            "ground_truth_display": false,
            "statement_depth": 0,
            "_thrs_random_uniform": 0.39338028513304335,
            "_thrs_reconstruct": 1.0,
            "_thrs_obviousness": 0.9998254493827131,
            "_thrs_weight": 1.0,
            "_thrs_complexity": 0.6666666666666667,
            "_thrs_surprisingness": 0.0,
            "_thrs_intensity": 0.1090909090909091,
            "_thrs_interestingness": 0.5551166050280577,
            "_thrs_logistic_regression": 0.8999602989249117,
            "_thrs_random_forest": 0.935
        },
        {
            "expression": "\u22a2 ( { \u27e8 x , y \u27e9 | ( \ud835\udf11 \u2227 y = A ) } \u2286 { \u27e8 x , y \u27e9 | y = A } \u2192 ( Fun { \u27e8 x , y \u27e9 | y = A } \u2192 Fun { \u27e8 x , y \u27e9 | ( \ud835\udf11 \u2227 y = A ) } ) )",
            "prop_expression": " \u22a2 ( A \u2286 B \u2192 ( Fun B \u2192 Fun A ) )",
            "step": 5,
            "theorem": "funss",
            "ground_truth": "funss \u22a2 ( { \u27e8 x , y \u27e9 | ( \ud835\udf11 \u2227 y = A ) } \u2286 { \u27e8 x , y \u27e9 | y = A } \u2192 ( Fun { \u27e8 x , y \u27e9 | y = A } \u2192 Fun { \u27e8 x , y \u27e9 | ( \ud835\udf11 \u2227 y = A ) } ) )",
            "ground_truth_display": false,
            "statement_depth": 0,
            "_thrs_random_uniform": 0.1063993888726239,
            "_thrs_reconstruct": 0.00013455370517429638,
            "_thrs_obviousness": 0.00013453020392243374,
            "_thrs_weight": 0.0,
            "_thrs_complexity": 0.0,
            "_thrs_surprisingness": 1.0,
            "_thrs_intensity": 0.0,
            "_thrs_interestingness": 0.2000269060407845,
            "_thrs_logistic_regression": 0.9412010056812304,
            "_thrs_random_forest": 0.74
        }
    ]
}