{
    "theorem": "funrnex",
    "hyps": [
        [
            1,
            2
        ],
        [
            1,
            4
        ],
        [
            2,
            3
        ]
    ],
    "expression": "( dom F \u2208 B \u2192 ( Fun F \u2192 ran F \u2208 V ) )",
    "steps": [
        {
            "expression": "\u22a2 ( dom F \u2208 B \u2192 ( Fun F \u2192 ran F \u2208 V ) )",
            "prop_expression": "( \ud835\udf11 \u2192 ( \ud835\udf13 \u2192 \ud835\udf12 ) ), ( \ud835\udf12 \u2192 \ud835\udf03 ) \u22a2 ( \ud835\udf13 \u2192 ( \ud835\udf11 \u2192 \ud835\udf03 ) )",
            "step": 1,
            "theorem": "syl6com",
            "ground_truth": "syl6com \u22a2 ( dom F \u2208 B \u2192 ( Fun F \u2192 ran F \u2208 V ) )",
            "ground_truth_display": false,
            "statement_depth": 0,
            "_thrs_random_uniform": 0.13206045061631266,
            "_thrs_reconstruct": 0.0,
            "_thrs_obviousness": 1.0,
            "_thrs_weight": 0.0,
            "_thrs_complexity": 0.0,
            "_thrs_surprisingness": 1.0,
            "_thrs_intensity": 1.0,
            "_thrs_interestingness": 0.6,
            "_thrs_logistic_regression": 0.9996913885209483,
            "_thrs_random_forest": 0.89
        },
        {
            "expression": "\u22a2 ( Fun F \u2192 ( dom F \u2208 B \u2192 F \u2208 V ) )",
            "prop_expression": "( ( \ud835\udf11 \u2227 \ud835\udf13 ) \u2192 \ud835\udf12 ) \u22a2 ( \ud835\udf11 \u2192 ( \ud835\udf13 \u2192 \ud835\udf12 ) )",
            "step": 2,
            "theorem": "ex",
            "ground_truth": "ex \u22a2 ( Fun F \u2192 ( dom F \u2208 B \u2192 F \u2208 V ) )",
            "ground_truth_display": false,
            "statement_depth": 0,
            "_thrs_random_uniform": 0.5051391005378572,
            "_thrs_reconstruct": 3.8946393552018255e-12,
            "_thrs_obviousness": 0.9840138716421855,
            "_thrs_weight": 0.33333333333333337,
            "_thrs_complexity": 0.33333333333333337,
            "_thrs_surprisingness": 0.6666666666666666,
            "_thrs_intensity": 0.41666666666666674,
            "_thrs_interestingness": 0.546802774328437,
            "_thrs_logistic_regression": 0.9822361094569658,
            "_thrs_random_forest": 0.765
        },
        {
            "expression": "\u22a2 ( ( Fun F \u2227 dom F \u2208 B ) \u2192 F \u2208 V )",
            "prop_expression": " \u22a2 ( ( Fun F \u2227 dom F \u2208 B ) \u2192 F \u2208 V )",
            "step": 3,
            "theorem": "funex",
            "ground_truth": "funex \u22a2 ( ( Fun F \u2227 dom F \u2208 B ) \u2192 F \u2208 V )",
            "ground_truth_display": false,
            "statement_depth": 0,
            "_thrs_random_uniform": 0.025653291127356703,
            "_thrs_reconstruct": 1.0,
            "_thrs_obviousness": 0.98401387163826,
            "_thrs_weight": 0.33333333333333337,
            "_thrs_complexity": 0.33333333333333337,
            "_thrs_surprisingness": 0.6666666666666666,
            "_thrs_intensity": 0.0925925925925926,
            "_thrs_interestingness": 0.4819879595128372,
            "_thrs_logistic_regression": 0.9058569973649371,
            "_thrs_random_forest": 0.895
        },
        {
            "expression": "\u22a2 ( F \u2208 V \u2192 ran F \u2208 V )",
            "prop_expression": " \u22a2 ( A \u2208 V \u2192 ran A \u2208 V )",
            "step": 4,
            "theorem": "rnexg",
            "ground_truth": "rnexg \u22a2 ( F \u2208 V \u2192 ran F \u2208 V )",
            "ground_truth_display": false,
            "statement_depth": 0,
            "_thrs_random_uniform": 0.05149751218177279,
            "_thrs_reconstruct": 0.015986128357816654,
            "_thrs_obviousness": 0.0,
            "_thrs_weight": 1.0,
            "_thrs_complexity": 1.0,
            "_thrs_surprisingness": 0.0,
            "_thrs_intensity": 0.0,
            "_thrs_interestingness": 0.4,
            "_thrs_logistic_regression": 0.5,
            "_thrs_random_forest": 0.8
        }
    ]
}