{
    "theorem": "fvmpt2i",
    "hyps": [
        [
            1,
            2
        ],
        [
            1,
            5
        ],
        [
            2,
            3
        ],
        [
            2,
            4
        ],
        [
            5,
            6
        ],
        [
            5,
            7
        ],
        [
            7,
            8
        ],
        [
            7,
            9
        ],
        [
            7,
            10
        ]
    ],
    "expression": "( x \u2208 A \u2192 ( F ` x ) = ( _I ` B ) )",
    "steps": [
        {
            "expression": "\u22a2 ( x \u2208 A \u2192 ( F ` x ) = ( _I ` B ) )",
            "prop_expression": "( x = A \u2192 B = C ), F = ( x \u2208 D |\u2192 B ) \u22a2 ( A \u2208 D \u2192 ( F ` A ) = ( _I ` C ) )",
            "step": 1,
            "theorem": "fvmpti",
            "ground_truth": "fvmpti \u22a2 ( x \u2208 A \u2192 ( F ` x ) = ( _I ` B ) )",
            "ground_truth_display": false,
            "statement_depth": 0,
            "_thrs_random_uniform": 0.6129829554505475,
            "_thrs_reconstruct": 1.0,
            "_thrs_obviousness": 1.0,
            "_thrs_weight": 0.375,
            "_thrs_complexity": 0.0,
            "_thrs_surprisingness": 0.6999999999999998,
            "_thrs_intensity": 0.5829903978052126,
            "_thrs_interestingness": 0.5315980795610424,
            "_thrs_logistic_regression": 0.9986374870357277,
            "_thrs_random_forest": 0.82
        },
        {
            "expression": "\u22a2 ( y = x \u2192 \u298b y / x \u298c B = B )",
            "prop_expression": "( \ud835\udf11 \u2192 A = B ), B = C \u22a2 ( \ud835\udf11 \u2192 A = C )",
            "step": 2,
            "theorem": "syl6eq",
            "ground_truth": "syl6eq \u22a2 ( y = x \u2192 \u298b y / x \u298c B = B )",
            "ground_truth_display": false,
            "statement_depth": 0,
            "_thrs_random_uniform": 0.5019550388116562,
            "_thrs_reconstruct": 4.0520301135907214e-10,
            "_thrs_obviousness": 5.015103897672904e-08,
            "_thrs_weight": 0.75,
            "_thrs_complexity": 0.8,
            "_thrs_surprisingness": 0.0,
            "_thrs_intensity": 0.8024691358024691,
            "_thrs_interestingness": 0.47049383719070165,
            "_thrs_logistic_regression": 0.9939862405602831,
            "_thrs_random_forest": 0.895
        },
        {
            "expression": "\u22a2 ( y = x \u2192 \u298b y / x \u298c B = \u298b x / x \u298c B )",
            "prop_expression": " \u22a2 ( A = B \u2192 \u298b A / x \u298c C = \u298b B / x \u298c C )",
            "step": 3,
            "theorem": "csbeq1",
            "ground_truth": "csbeq1 \u22a2 ( y = x \u2192 \u298b y / x \u298c B = \u298b x / x \u298c B )",
            "ground_truth_display": false,
            "statement_depth": 0,
            "_thrs_random_uniform": 0.1376777000176833,
            "_thrs_reconstruct": 2.0277975506198086e-08,
            "_thrs_obviousness": 2.025343038468081e-08,
            "_thrs_weight": 0.5,
            "_thrs_complexity": 0.8,
            "_thrs_surprisingness": 0.0,
            "_thrs_intensity": 0.0,
            "_thrs_interestingness": 0.2600000040506861,
            "_thrs_logistic_regression": 0.6316677294390858,
            "_thrs_random_forest": 0.115
        },
        {
            "expression": "\u22a2 \u298b x / x \u298c B = B",
            "prop_expression": " \u22a2 \u298b x / x \u298c A = A",
            "step": 4,
            "theorem": "csbid",
            "ground_truth": "csbid \u22a2 \u298b x / x \u298c B = B",
            "ground_truth_display": false,
            "statement_depth": 0,
            "_thrs_random_uniform": 0.6936359692155594,
            "_thrs_reconstruct": 2.9528636389786724e-08,
            "_thrs_obviousness": 2.9492893967265046e-08,
            "_thrs_weight": 1.0,
            "_thrs_complexity": 1.0,
            "_thrs_surprisingness": 0.0,
            "_thrs_intensity": 0.0617283950617284,
            "_thrs_interestingness": 0.41234568491092444,
            "_thrs_logistic_regression": 0.5825052362380052,
            "_thrs_random_forest": 0.255
        },
        {
            "expression": "\u22a2 F = ( y \u2208 A |\u2192 \u298b y / x \u298c B )",
            "prop_expression": "A = B, B = C \u22a2 A = C",
            "step": 5,
            "theorem": "eqtri",
            "ground_truth": "eqtri \u22a2 F = ( y \u2208 A |\u2192 \u298b y / x \u298c B )",
            "ground_truth_display": false,
            "statement_depth": 0,
            "_thrs_random_uniform": 0.2153711725611679,
            "_thrs_reconstruct": 4.0519049018252623e-10,
            "_thrs_obviousness": 0.0012103823948397842,
            "_thrs_weight": 0.5,
            "_thrs_complexity": 0.0,
            "_thrs_surprisingness": 1.0,
            "_thrs_intensity": 0.9259259259259262,
            "_thrs_interestingness": 0.4854272616641532,
            "_thrs_logistic_regression": 0.9997377112881626,
            "_thrs_random_forest": 0.95
        },
        {
            "expression": "\u22a2 F = ( x \u2208 A |\u2192 B )",
            "prop_expression": " \u22a2 F = ( x \u2208 A |\u2192 B )",
            "step": 6,
            "theorem": "fvmpt2.1",
            "ground_truth": "fvmpt2.1 \u22a2 F = ( x \u2208 A |\u2192 B )",
            "ground_truth_display": false,
            "statement_depth": 0,
            "_thrs_random_uniform": 0.5595619279648885,
            "_thrs_reconstruct": 0.0,
            "_thrs_obviousness": 0.0,
            "_thrs_weight": 0.75,
            "_thrs_complexity": 0.19999999999999996,
            "_thrs_surprisingness": 1.0,
            "_thrs_intensity": 0.308641975308642,
            "_thrs_interestingness": 0.45172839506172835,
            "_thrs_logistic_regression": 0.9842870325243862,
            "_thrs_random_forest": 0.935
        },
        {
            "expression": "\u22a2 ( x \u2208 A |\u2192 B ) = ( y \u2208 A |\u2192 \u298b y / x \u298c B )",
            "prop_expression": "( z \u2208 B \u2192 \u2200 y z \u2208 B ), ( z \u2208 C \u2192 \u2200 x z \u2208 C ), ( x = y \u2192 B = C ) \u22a2 ( x \u2208 A |\u2192 B ) = ( y \u2208 A |\u2192 C )",
            "step": 7,
            "theorem": "cbvmpt",
            "ground_truth": "cbvmpt \u22a2 ( x \u2208 A |\u2192 B ) = ( y \u2208 A |\u2192 \u298b y / x \u298c B )",
            "ground_truth_display": false,
            "statement_depth": 0,
            "_thrs_random_uniform": 0.9112313400196081,
            "_thrs_reconstruct": 0.0012092515594902956,
            "_thrs_obviousness": 0.0012103819901376656,
            "_thrs_weight": 0.0,
            "_thrs_complexity": 0.19999999999999996,
            "_thrs_surprisingness": 0.6999999999999998,
            "_thrs_intensity": 1.0,
            "_thrs_interestingness": 0.38024207639802754,
            "_thrs_logistic_regression": 0.9994787195324383,
            "_thrs_random_forest": 0.815
        },
        {
            "expression": "\u22a2 ( z \u2208 B \u2192 \u2200 y z \u2208 B )",
            "prop_expression": " \u22a2 ( \ud835\udf11 \u2192 \u2200 x \ud835\udf11 )",
            "step": 8,
            "theorem": "ax-17",
            "ground_truth": "ax-17 \u22a2 ( z \u2208 B \u2192 \u2200 y z \u2208 B )",
            "ground_truth_display": false,
            "statement_depth": 0,
            "_thrs_random_uniform": 0.1924832099898378,
            "_thrs_reconstruct": 0.0,
            "_thrs_obviousness": 0.0,
            "_thrs_weight": 0.625,
            "_thrs_complexity": 0.6,
            "_thrs_surprisingness": 0.09999999999999998,
            "_thrs_intensity": 0.09700176366843033,
            "_thrs_interestingness": 0.28440035273368613,
            "_thrs_logistic_regression": 0.8872333658960028,