{
    "theorem": "fvres",
    "hyps": [
        [
            1,
            2
        ],
        [
            1,
            12
        ],
        [
            1,
            13
        ],
        [
            2,
            3
        ],
        [
            3,
            4
        ],
        [
            4,
            5
        ],
        [
            5,
            6
        ],
        [
            5,
            10
        ],
        [
            5,
            11
        ],
        [
            6,
            7
        ],
        [
            6,
            8
        ],
        [
            6,
            9
        ]
    ],
    "expression": "( A \u2208 B \u2192 ( ( F |` B ) ` A ) = ( F ` A ) )",
    "steps": [
        {
            "expression": "\u22a2 ( A \u2208 B \u2192 ( ( F |` B ) ` A ) = ( F ` A ) )",
            "prop_expression": "( \ud835\udf11 \u2192 A = B ), C = A, D = B \u22a2 ( \ud835\udf11 \u2192 C = D )",
            "step": 1,
            "theorem": "3eqtr4g",
            "ground_truth": "3eqtr4g \u22a2 ( A \u2208 B \u2192 ( ( F |` B ) ` A ) = ( F ` A ) )",
            "ground_truth_display": false,
            "statement_depth": 0,
            "_thrs_random_uniform": 0.5745918198704206,
            "_thrs_reconstruct": 4.337180266810961e-08,
            "_thrs_obviousness": 1.0,
            "_thrs_weight": 0.5833333333333333,
            "_thrs_complexity": 0.5,
            "_thrs_surprisingness": 0.3723477070499659,
            "_thrs_intensity": 0.9757003037462032,
            "_thrs_interestingness": 0.6862762688259003,
            "_thrs_logistic_regression": 0.9989071377180923,
            "_thrs_random_forest": 0.965
        },
        {
            "expression": "\u22a2 ( A \u2208 B \u2192 U. { x | ( ( F |` B ) \u201c { A } ) = { x } } = U. { x | ( F \u201c { A } ) = { x } } )",
            "prop_expression": "( \ud835\udf11 \u2192 A = B ) \u22a2 ( \ud835\udf11 \u2192 U. A = U. B )",
            "step": 2,
            "theorem": "unieqd",
            "ground_truth": "unieqd \u22a2 ( A \u2208 B \u2192 U. { x | ( ( F |` B ) \u201c { A } ) = { x } } = U. { x | ( F \u201c { A } ) = { x } } )",
            "ground_truth_display": false,
            "statement_depth": 0,
            "_thrs_random_uniform": 0.0524802690467463,
            "_thrs_reconstruct": 8.971494601109154e-05,
            "_thrs_obviousness": 0.9999999592237936,
            "_thrs_weight": 0.08333333333333337,
            "_thrs_complexity": 0.0,
            "_thrs_surprisingness": 0.7282683093771392,
            "_thrs_intensity": 0.34176411030156234,
            "_thrs_interestingness": 0.4306731424471657,
            "_thrs_logistic_regression": 0.9931662252520944,
            "_thrs_random_forest": 0.9033333333333334
        },
        {
            "expression": "\u22a2 ( A \u2208 B \u2192 { x | ( ( F |` B ) \u201c { A } ) = { x } } = { x | ( F \u201c { A } ) = { x } } )",
            "prop_expression": "( \ud835\udf11 \u2192 ( \ud835\udf13 \u2194 \ud835\udf12 ) ) \u22a2 ( \ud835\udf11 \u2192 { x | \ud835\udf13 } = { x | \ud835\udf12 } )",
            "step": 3,
            "theorem": "abbidv",
            "ground_truth": "abbidv \u22a2 ( A \u2208 B \u2192 { x | ( ( F |` B ) \u201c { A } ) = { x } } = { x | ( F \u201c { A } ) = { x } } )",
            "ground_truth_display": false,
            "statement_depth": 0,
            "_thrs_random_uniform": 0.8649409381733617,
            "_thrs_reconstruct": 9.280608567013438e-07,
            "_thrs_obviousness": 0.9999156136051651,
            "_thrs_weight": 0.25,
            "_thrs_complexity": 0.25,
            "_thrs_surprisingness": 0.2183436002737851,
            "_thrs_intensity": 0.27546405669929125,
            "_thrs_interestingness": 0.39874465411564824,
            "_thrs_logistic_regression": 0.9852348775340646,
            "_thrs_random_forest": 0.8425
        },
        {
            "expression": "\u22a2 ( A \u2208 B \u2192 ( ( ( F |` B ) \u201c { A } ) = { x } \u2194 ( F \u201c { A } ) = { x } ) )",
            "prop_expression": "( \ud835\udf11 \u2192 A = B ) \u22a2 ( \ud835\udf11 \u2192 ( A = C \u2194 B = C ) )",
            "step": 4,
            "theorem": "eqeq1d",
            "ground_truth": "eqeq1d \u22a2 ( A \u2208 B \u2192 ( ( ( F |` B ) \u201c { A } ) = { x } \u2194 ( F \u201c { A } ) = { x } ) )",
            "ground_truth_display": false,
            "statement_depth": 0,
            "_thrs_random_uniform": 0.05900424578710628,
            "_thrs_reconstruct": 1.4301702605775554e-08,
            "_thrs_obviousness": 0.9999147410875406,
            "_thrs_weight": 0.41666666666666663,
            "_thrs_complexity": 0.25,
            "_thrs_surprisingness": 0.2183436002737851,
            "_thrs_intensity": 0.3318362366624263,
            "_thrs_interestingness": 0.4433522489380837,
            "_thrs_logistic_regression": 0.990656942551367,
            "_thrs_random_forest": 0.6483333333333333
        },
        {
            "expression": "\u22a2 ( A \u2208 B \u2192 ( ( F |` B ) \u201c { A } ) = ( F \u201c { A } ) )",
            "prop_expression": "( \ud835\udf11 \u2192 A = B ), C = A, D = B \u22a2 ( \ud835\udf11 \u2192 C = D )",
            "step": 5,
            "theorem": "3eqtr4g",
            "ground_truth": "3eqtr4g \u22a2 ( A \u2208 B \u2192 ( ( F |` B ) \u201c { A } ) = ( F \u201c { A } ) )",
            "ground_truth_display": false,
            "statement_depth": 0,
            "_thrs_random_uniform": 0.9228590991469083,
            "_thrs_reconstruct": 4.337180266810961e-08,
            "_thrs_obviousness": 0.9999147276417264,
            "_thrs_weight": 0.5833333333333333,
            "_thrs_complexity": 0.5,
            "_thrs_surprisingness": 0.2183436002737851,
            "_thrs_intensity": 1.0,
            "_thrs_interestingness": 0.660318332249769,
            "_thrs_logistic_regression": 0.9992216642812474,
            "_thrs_random_forest": 0.89
        },
        {
            "expression": "\u22a2 ( A \u2208 B \u2192 ran ( ( F |` B ) |` { A } ) = ran ( F |` { A } ) )",
            "prop_expression": "( \ud835\udf11 \u2192 \ud835\udf13 ), ( \ud835\udf13 \u2192 \ud835\udf12 ), ( \ud835\udf12 \u2192 \ud835\udf03 ) \u22a2 ( \ud835\udf11 \u2192 \ud835\udf03 )",
            "step": 6,
            "theorem": "3syl",
            "ground_truth": "3syl \u22a2 ( A \u2208 B \u2192 ran ( ( F |` B ) |` { A } ) = ran ( F |` { A } ) )",
            "ground_truth_display": false,
            "statement_depth": 0,
            "_thrs_random_uniform": 0.7669033396737752,
            "_thrs_reconstruct": 4.849057558354304e-13,
            "_thrs_obviousness": 0.99991468686552,
            "_thrs_weight": 0.41666666666666663,
            "_thrs_complexity": 0.5,
            "_thrs_surprisingness": 0.24161533196440801,
            "_thrs_intensity": 0.9495314000882682,
            "_thrs_interestingness": 0.6215456171169725,
            "_thrs_logistic_regression": 0.9987641810022176,
            "_thrs_random_forest": 0.73
        },
        {
            "expression": "\u22a2 ( A \u2208 B \u2192 { A } \u2286 B )",
            "prop_expression": " \u22a2 ( A \u2208 B \u2192 { A } \u2286 B )",
            "step": 7,
            "theorem": "snssi",
            "ground_truth": "snssi \u22a2 ( A \u2208 B \u2192 { A } \u2286 B )",
            "ground_truth_display": false,
            "statement_depth": 0,
            "_thrs_random_uniform": 0.7176314133555799,
            "_thrs_reconstruct": 0.00013696193611858668,
            "_thrs_obviousness": 0.0001287649353553658,
            "_thrs_weight": 1.0,
            "_thrs_complexity": 1.0,
            "_thrs_surprisingness": 0.0,
            "_thrs_intensity": 0.18191022612217342,
            "_thrs_interestingness": 0.43640779821150566,
            "_thrs_logistic_regression": 0.7274090982821305,