{
    "theorem": "fvssunirn",
    "hyps": [
        [
            1,
            2
        ],
        [
            1,
            5
        ],
        [
            2,
            3
        ],
        [
            2,
            4
        ],
        [
            5,
            6
        ],
        [
            5,
            7
        ],
        [
            5,
            10
        ],
        [
            7,
            8
        ],
        [
            8,
            9
        ]
    ],
    "expression": "( F ` X ) \u2286 U. ran F",
    "steps": [
        {
            "expression": "\u22a2 ( F ` X ) \u2286 U. ran F",
            "prop_expression": "A \u2286 B, B = C \u22a2 A \u2286 C",
            "step": 1,
            "theorem": "sseqtri",
            "ground_truth": "sseqtri \u22a2 ( F ` X ) \u2286 U. ran F",
            "ground_truth_display": false,
            "statement_depth": 0,
            "_thrs_random_uniform": 0.9235468983063603,
            "_thrs_reconstruct": 4.857652875175554e-07,
            "_thrs_obviousness": 1.0,
            "_thrs_weight": 0.7142857142857143,
            "_thrs_complexity": 0.4285714285714286,
            "_thrs_surprisingness": 0.42028985507246364,
            "_thrs_intensity": 0.4147783251231527,
            "_thrs_interestingness": 0.5955850646105519,
            "_thrs_logistic_regression": 0.985431460755884,
            "_thrs_random_forest": 0.99
        },
        {
            "expression": "\u22a2 ( F ` X ) \u2286 U. ( ran F \u222a { \u2205 } )",
            "prop_expression": "\ud835\udf11, ( \ud835\udf11 \u2192 \ud835\udf13 ) \u22a2 \ud835\udf13",
            "step": 2,
            "theorem": "ax-mp",
            "ground_truth": "ax-mp \u22a2 ( F ` X ) \u2286 U. ( ran F \u222a { \u2205 } )",
            "ground_truth_display": false,
            "statement_depth": 0,
            "_thrs_random_uniform": 0.5621416667181562,
            "_thrs_reconstruct": 0.0,
            "_thrs_obviousness": 0.9993971709015109,
            "_thrs_weight": 0.5714285714285714,
            "_thrs_complexity": 0.1428571428571429,
            "_thrs_surprisingness": 0.7308488612836437,
            "_thrs_intensity": 0.6113239676458067,
            "_thrs_interestingness": 0.6111711428233351,
            "_thrs_logistic_regression": 0.9979124162750669,
            "_thrs_random_forest": 0.945
        },
        {
            "expression": "\u22a2 ( F ` X ) \u2208 ( ran F \u222a { \u2205 } )",
            "prop_expression": " \u22a2 ( F ` X ) \u2208 ( ran F \u222a { \u2205 } )",
            "step": 3,
            "theorem": "fvrn0",
            "ground_truth": "fvrn0 \u22a2 ( F ` X ) \u2208 ( ran F \u222a { \u2205 } )",
            "ground_truth_display": false,
            "statement_depth": 0,
            "_thrs_random_uniform": 0.6663677302272687,
            "_thrs_reconstruct": 1.0,
            "_thrs_obviousness": 0.9993297262564136,
            "_thrs_weight": 0.6428571428571428,
            "_thrs_complexity": 0.2857142857142857,
            "_thrs_surprisingness": 0.45134575569358154,
            "_thrs_intensity": 0.12758620689655173,
            "_thrs_interestingness": 0.5013666234835951,
            "_thrs_logistic_regression": 0.9637496096440318,
            "_thrs_random_forest": 0.83
        },
        {
            "expression": "\u22a2 ( ( F ` X ) \u2208 ( ran F \u222a { \u2205 } ) \u2192 ( F ` X ) \u2286 U. ( ran F \u222a { \u2205 } ) )",
            "prop_expression": " \u22a2 ( A \u2208 B \u2192 A \u2286 U. B )",
            "step": 4,
            "theorem": "elssuni",
            "ground_truth": "elssuni \u22a2 ( ( F ` X ) \u2208 ( ran F \u222a { \u2205 } ) \u2192 ( F ` X ) \u2286 U. ( ran F \u222a { \u2205 } ) )",
            "ground_truth_display": false,
            "statement_depth": 0,
            "_thrs_random_uniform": 0.8312356129910576,
            "_thrs_reconstruct": 6.748624028720203e-05,
            "_thrs_obviousness": 1.35217416856498e-05,
            "_thrs_weight": 0.0,
            "_thrs_complexity": 0.0,
            "_thrs_surprisingness": 1.0,
            "_thrs_intensity": 0.02271805273833672,
            "_thrs_interestingness": 0.2045463148960045,
            "_thrs_logistic_regression": 0.9476295668173972,
            "_thrs_random_forest": 0.61
        },
        {
            "expression": "\u22a2 U. ( ran F \u222a { \u2205 } ) = U. ran F",
            "prop_expression": "A = B, B = C, C = D \u22a2 A = D",
            "step": 5,
            "theorem": "3eqtri",
            "ground_truth": "3eqtri \u22a2 U. ( ran F \u222a { \u2205 } ) = U. ran F",
            "ground_truth_display": false,
            "statement_depth": 0,
            "_thrs_random_uniform": 0.7776344265947781,
            "_thrs_reconstruct": 4.319445240758971e-09,
            "_thrs_obviousness": 0.0005484207291915867,
            "_thrs_weight": 0.6428571428571428,
            "_thrs_complexity": 0.5714285714285714,
            "_thrs_surprisingness": 0.08385093167701861,
            "_thrs_intensity": 1.0,
            "_thrs_interestingness": 0.45973701333838485,
            "_thrs_logistic_regression": 0.9991911642181684,
            "_thrs_random_forest": 0.91
        },
        {
            "expression": "\u22a2 U. ( ran F \u222a { \u2205 } ) = ( U. ran F \u222a U. { \u2205 } )",
            "prop_expression": " \u22a2 U. ( A \u222a B ) = ( U. A \u222a U. B )",
            "step": 6,
            "theorem": "uniun",
            "ground_truth": "uniun \u22a2 U. ( ran F \u222a { \u2205 } ) = ( U. ran F \u222a U. { \u2205 } )",
            "ground_truth_display": false,
            "statement_depth": 0,
            "_thrs_random_uniform": 0.9389655808137938,
            "_thrs_reconstruct": 0.0001348077019232414,
            "_thrs_obviousness": 8.080170968224726e-05,
            "_thrs_weight": 0.4285714285714286,
            "_thrs_complexity": 0.5714285714285714,
            "_thrs_surprisingness": 0.08385093167701861,
            "_thrs_intensity": 0.0,
            "_thrs_interestingness": 0.21678634667734017,
            "_thrs_logistic_regression": 0.8204060125704966,
            "_thrs_random_forest": 0.16
        },
        {
            "expression": "\u22a2 ( U. ran F \u222a U. { \u2205 } ) = ( U. ran F \u222a \u2205 )",
            "prop_expression": "A = B \u22a2 ( C \u222a A ) = ( C \u222a B )",
            "step": 7,
            "theorem": "uneq2i",
            "ground_truth": "uneq2i \u22a2 ( U. ran F \u222a U. { \u2205 } ) = ( U. ran F \u222a \u2205 )",
            "ground_truth_display": false,
            "statement_depth": 0,
            "_thrs_random_uniform": 0.2523515860774742,
            "_thrs_reconstruct": 0.00016180307515606266,
            "_thrs_obviousness": 0.0003328503585891211,
            "_thrs_weight": 0.4285714285714286,
            "_thrs_complexity": 0.5714285714285714,
            "_thrs_surprisingness": 0.08385093167701861,
            "_thrs_intensity": 0.0689655172413793,
            "_thrs_interestingness": 0.23062985985539738,
            "_thrs_logistic_regression": 0.868891657055021,
            "_thrs_random_forest": 0.33
        },
        {
            "expression": "\u22a2 U. { \u2205 } = \u2205",
            "prop_expression": "A \u2208 V \u22a2 U. { A } = A",
            "step": 8,
            "theorem": "unisn",
            "ground_truth": "unisn \u22a2 U. { \u2205 } = \u2205",
            "ground_truth_display": false,
            "statement_depth": 0,
            "_thrs_random_uniform": 0.8961568846589647,
            "_thrs_reconstruct": 0.00017125256254406712,
            "_thrs_obviousness": 0.00017114701088881732,
            "_thrs_weight": 1.0,
            "_thrs_complexity": 1.0,
            "_thrs_surprisingness": 0.0,
            "_thrs_intensity": 0.06436781609195402,
            "_thrs_interestingness": 0.41290779262056854,
            "_thrs_logistic_regression": 0.5859609789608273,