{
    "theorem": "haustop",
    "hyps": [
        [
            1,
            2
        ],
        [
            2,
            3
        ]
    ],
    "expression": "( J \u2208 Haus \u2192 J \u2208 Top )",
    "steps": [
        {
            "number": 14880,
            "expression": "\u22a2 ( J \u2208 Haus \u2192 J \u2208 Top )",
            "prop_expression": "( \ud835\udf11 \u2194 ( \ud835\udf13 \u2227 \ud835\udf12 ) ) \u22a2 ( \ud835\udf11 \u2192 \ud835\udf13 )",
            "step": 1,
            "theorem": "simplbi",
            "ground_truth": "simplbi \u22a2 ( J \u2208 Haus \u2192 J \u2208 Top )",
            "ground_truth_display": false,
            "statement_depth": 0,
            "_thrs_random_uniform": 0.3906,
            "_thrs_reconstruct": 0.0,
            "_thrs_obviousness": 1.0,
            "_thrs_weight": 0.92857,
            "_thrs_complexity": 0.77778,
            "_thrs_surprisingness": 0.5,
            "_thrs_intensity": 1.0,
            "_thrs_interestingness": 0.84127,
            "_thrs_logistic_regression": 0.99664,
            "_thrs_random_forest": 0.725
        },
        {
            "number": 14880,
            "expression": "\u22a2 ( J \u2208 Haus \u2194 ( J \u2208 Top \u2227 \u2200 x \u2208 U. J \u2200 y \u2208 U. J ( x \u2260 y \u2192 \u2203 n \u2208 J \u2203 m \u2208 J ( x \u2208 n \u2227 y \u2208 m \u2227 ( n \u2229 m ) = \u2205 ) ) ) )",
            "prop_expression": "X = U. J \u22a2 ( J \u2208 Haus \u2194 ( J \u2208 Top \u2227 \u2200 x \u2208 X \u2200 y \u2208 X ( x \u2260 y \u2192 \u2203 n \u2208 J \u2203 m \u2208 J ( x \u2208 n \u2227 y \u2208 m \u2227 ( n \u2229 m ) = \u2205 ) ) ) )",
            "step": 2,
            "theorem": "ishaus",
            "ground_truth": "ishaus \u22a2 ( J \u2208 Haus \u2194 ( J \u2208 Top \u2227 \u2200 x \u2208 U. J \u2200 y \u2208 U. J ( x \u2260 y \u2192 \u2203 n \u2208 J \u2203 m \u2208 J ( x \u2208 n \u2227 y \u2208 m \u2227 ( n \u2229 m ) = \u2205 ) ) ) )",
            "ground_truth_display": false,
            "statement_depth": 0,
            "_thrs_random_uniform": 0.66207,
            "_thrs_reconstruct": 1.0,
            "_thrs_obviousness": 1.0,
            "_thrs_weight": 0.0,
            "_thrs_complexity": 0.0,
            "_thrs_surprisingness": 0.5,
            "_thrs_intensity": 0.13026,
            "_thrs_interestingness": 0.32605,
            "_thrs_logistic_regression": 0.98317,
            "_thrs_random_forest": 0.87
        },
        {
            "number": 14880,
            "expression": "\u22a2 U. J = U. J",
            "prop_expression": " \u22a2 A = A",
            "step": 3,
            "theorem": "eqid",
            "ground_truth": "eqid \u22a2 U. J = U. J",
            "ground_truth_display": false,
            "statement_depth": 0,
            "_thrs_random_uniform": 0.90086,
            "_thrs_reconstruct": 0.0,
            "_thrs_obviousness": 0.0,
            "_thrs_weight": 1.0,
            "_thrs_complexity": 1.0,
            "_thrs_surprisingness": 0.5,
            "_thrs_intensity": 0.0,
            "_thrs_interestingness": 0.5,
            "_thrs_logistic_regression": 0.33688,
            "_thrs_random_forest": 0.54
        }
    ],
    "is_train": false
}