{
    "theorem": "hbae",
    "hyps": [
        [
            1,
            2
        ],
        [
            1,
            14
        ],
        [
            2,
            3
        ],
        [
            3,
            4
        ],
        [
            3,
            7
        ],
        [
            3,
            9
        ],
        [
            4,
            5
        ],
        [
            4,
            6
        ],
        [
            7,
            8
        ],
        [
            9,
            10
        ],
        [
            10,
            11
        ],
        [
            10,
            13
        ],
        [
            11,
            12
        ]
    ],
    "expression": "( \u2200 x x = y \u2192 \u2200 z \u2200 x x = y )",
    "steps": [
        {
            "expression": "\u22a2 ( \u2200 x x = y \u2192 \u2200 z \u2200 x x = y )",
            "prop_expression": "( \ud835\udf11 \u2192 \ud835\udf13 ), ( \ud835\udf13 \u2192 \ud835\udf12 ) \u22a2 ( \ud835\udf11 \u2192 \ud835\udf12 )",
            "step": 1,
            "theorem": "syl",
            "ground_truth": "syl \u22a2 ( \u2200 x x = y \u2192 \u2200 z \u2200 x x = y )",
            "ground_truth_display": false,
            "statement_depth": 0,
            "_thrs_random_uniform": 0.7270264657464602,
            "_thrs_reconstruct": 1.7514591844330308e-05,
            "_thrs_obviousness": 1.0,
            "_thrs_weight": 0.7142857142857143,
            "_thrs_complexity": 0.0,
            "_thrs_surprisingness": 0.5,
            "_thrs_intensity": 0.40199335548172754,
            "_thrs_interestingness": 0.5232558139534884,
            "_thrs_logistic_regression": 0.9980046569859377,
            "_thrs_random_forest": 0.895
        },
        {
            "expression": "\u22a2 ( \u2200 x x = y \u2192 \u2200 x \u2200 z x = y )",
            "prop_expression": "( \u2200 x \ud835\udf11 \u2192 \ud835\udf13 ) \u22a2 ( \u2200 x \ud835\udf11 \u2192 \u2200 x \ud835\udf13 )",
            "step": 2,
            "theorem": "a5i",
            "ground_truth": "a5i \u22a2 ( \u2200 x x = y \u2192 \u2200 x \u2200 z x = y )",
            "ground_truth_display": false,
            "statement_depth": 0,
            "_thrs_random_uniform": 0.34831595003644134,
            "_thrs_reconstruct": 0.0012391573729863693,
            "_thrs_obviousness": 0.999991252305382,
            "_thrs_weight": 0.7142857142857143,
            "_thrs_complexity": 0.0,
            "_thrs_surprisingness": 0.5,
            "_thrs_intensity": 0.13289036544850497,
            "_thrs_interestingness": 0.4694334664079203,
            "_thrs_logistic_regression": 0.9915319527561202,
            "_thrs_random_forest": 0.975
        },
        {
            "expression": "\u22a2 ( \u2200 x x = y \u2192 \u2200 z x = y )",
            "prop_expression": "( \u00ac \ud835\udf11 \u2192 ( \u00ac \ud835\udf13 \u2192 \ud835\udf12 ) ), ( \ud835\udf11 \u2192 \ud835\udf12 ), ( \ud835\udf13 \u2192 \ud835\udf12 ) \u22a2 \ud835\udf12",
            "step": 3,
            "theorem": "pm2.61ii",
            "ground_truth": "pm2.61ii \u22a2 ( \u2200 x x = y \u2192 \u2200 z x = y )",
            "ground_truth_display": false,
            "statement_depth": 0,
            "_thrs_random_uniform": 0.4778927575562606,
            "_thrs_reconstruct": 0.0015894492098729755,
            "_thrs_obviousness": 0.999577194760131,
            "_thrs_weight": 0.8571428571428572,
            "_thrs_complexity": 0.0,
            "_thrs_surprisingness": 0.5,
            "_thrs_intensity": 1.0,
            "_thrs_interestingness": 0.6713440103805977,
            "_thrs_logistic_regression": 0.9999307608196745,
            "_thrs_random_forest": 0.905
        },
        {
            "expression": "\u22a2 ( \u00ac \u2200 z z = x \u2192 ( \u00ac \u2200 z z = y \u2192 ( \u2200 x x = y \u2192 \u2200 z x = y ) ) )",
            "prop_expression": "( \ud835\udf11 \u2192 \ud835\udf13 ), ( \ud835\udf12 \u2192 ( \ud835\udf03 \u2192 ( \ud835\udf13 \u2192 \ud835\udf0f ) ) ) \u22a2 ( \ud835\udf12 \u2192 ( \ud835\udf03 \u2192 ( \ud835\udf11 \u2192 \ud835\udf0f ) ) )",
            "step": 4,
            "theorem": "syl7",
            "ground_truth": "syl7 \u22a2 ( \u00ac \u2200 z z = x \u2192 ( \u00ac \u2200 z z = y \u2192 ( \u2200 x x = y \u2192 \u2200 z x = y ) ) )",
            "ground_truth_display": false,
            "statement_depth": 0,
            "_thrs_random_uniform": 0.36039156434463937,
            "_thrs_reconstruct": 0.00018390321436546824,
            "_thrs_obviousness": 6.414976053185983e-05,
            "_thrs_weight": 0.0,
            "_thrs_complexity": 0.0,
            "_thrs_surprisingness": 0.5,
            "_thrs_intensity": 0.23255813953488375,
            "_thrs_interestingness": 0.1465244578590831,
            "_thrs_logistic_regression": 0.9910319072371575,
            "_thrs_random_forest": 0.705
        },
        {
            "expression": "\u22a2 ( \u2200 x x = y \u2192 x = y )",
            "prop_expression": " \u22a2 ( \u2200 x \ud835\udf11 \u2192 \ud835\udf11 )",
            "step": 5,
            "theorem": "ax-4",
            "ground_truth": "ax-4 \u22a2 ( \u2200 x x = y \u2192 x = y )",
            "ground_truth_display": false,
            "statement_depth": 0,
            "_thrs_random_uniform": 0.5100028184308238,
            "_thrs_reconstruct": 0.0,
            "_thrs_obviousness": 0.0,
            "_thrs_weight": 1.0,
            "_thrs_complexity": 1.0,
            "_thrs_surprisingness": 0.5,
            "_thrs_intensity": 0.0372093023255814,
            "_thrs_interestingness": 0.5074418604651163,
            "_thrs_logistic_regression": 0.3830886141509254,
            "_thrs_random_forest": 0.43
        },
        {
            "expression": "\u22a2 ( \u00ac \u2200 z z = x \u2192 ( \u00ac \u2200 z z = y \u2192 ( x = y \u2192 \u2200 z x = y ) ) )",
            "prop_expression": " \u22a2 ( \u00ac \u2200 z z = x \u2192 ( \u00ac \u2200 z z = y \u2192 ( x = y \u2192 \u2200 z x = y ) ) )",
            "step": 6,
            "theorem": "ax-12o",
            "ground_truth": "ax-12o \u22a2 ( \u00ac \u2200 z z = x \u2192 ( \u00ac \u2200 z z = y \u2192 ( x = y \u2192 \u2200 z x = y ) ) )",
            "ground_truth_display": false,
            "statement_depth": 0,
            "_thrs_random_uniform": 0.20537484745958678,
            "_thrs_reconstruct": 0.0,
            "_thrs_obviousness": 0.0,
            "_thrs_weight": 0.1428571428571429,
            "_thrs_complexity": 0.0,
            "_thrs_surprisingness": 0.5,
            "_thrs_intensity": 0.010570824524312907,
            "_thrs_interestingness": 0.13068559347629116,
            "_thrs_logistic_regression": 0.9745077250116364,
            "_thrs_random_forest": 0.365
        },
        {
            "expression": "\u22a2 ( \u2200 z z = x \u2192 ( \u2200 x x = y \u2192 \u2200 z x = y ) )",
            "prop_expression": "( \u2200 x x = y \u2192 \ud835\udf11 ) \u22a2 ( \u2200 y y = x \u2192 \ud835\udf11 )",
            "step": 7,
            "theorem": "alequcoms",
            "ground_truth": "alequcoms \u22a2 ( \u2200 z z = x \u2192 ( \u2200 x x = y \u2192 \u2200 z x = y ) )",
            "ground_truth_display": false,
            "statement_depth": 0,
            "_thrs_random_uniform": 0.4819564800748879,
            "_thrs_reconstruct": 2.1893239805412885e-05,
            "_thrs_obviousness": 0.33297662178613346,
            "_thrs_weight": 0.4285714285714286,
            "_thrs_complexity": 0.0,
            "_thrs_surprisingness": 0.5,
            "_thrs_intensity": 0.16279069767441862,
            "_thrs_interestingness": 0.28486774960639616,
            "_thrs_logistic_regression": 0.9910656806940952,
            "_thrs_random_forest": 0.695
        },
        {
            "expression": "\u22a2 ( \u2200 x x = z \u2192 ( \u2200 x x = y \u2192 \u2200 z x = y ) )",