{
    "theorem": "hbf",
    "hyps": [
        [
            1,
            2
        ],
        [
            1,
            3
        ],
        [
            3,
            4
        ],
        [
            3,
            7
        ],
        [
            4,
            5
        ],
        [
            4,
            6
        ],
        [
            7,
            8
        ],
        [
            7,
            10
        ],
        [
            8,
            9
        ]
    ],
    "expression": "( F : A -\u2192 B \u2192 \u2200 x F : A -\u2192 B )",
    "steps": [
        {
            "expression": "\u22a2 ( F : A -\u2192 B \u2192 \u2200 x F : A -\u2192 B )",
            "prop_expression": "( \ud835\udf11 \u2194 \ud835\udf13 ), ( \ud835\udf13 \u2192 \u2200 x \ud835\udf13 ) \u22a2 ( \ud835\udf11 \u2192 \u2200 x \ud835\udf11 )",
            "step": 1,
            "theorem": "hbxfrbi",
            "ground_truth": "hbxfrbi \u22a2 ( F : A -\u2192 B \u2192 \u2200 x F : A -\u2192 B )",
            "ground_truth_display": false,
            "statement_depth": 0,
            "_thrs_random_uniform": 0.6711318967544898,
            "_thrs_reconstruct": 1.9507792276696103e-10,
            "_thrs_obviousness": 1.0,
            "_thrs_weight": 0.75,
            "_thrs_complexity": 0.6666666666666667,
            "_thrs_surprisingness": 0.39271255060728744,
            "_thrs_intensity": 1.0,
            "_thrs_interestingness": 0.7618758434547909,
            "_thrs_logistic_regression": 0.998041224107021,
            "_thrs_random_forest": 0.97
        },
        {
            "expression": "\u22a2 ( F : A -\u2192 B \u2194 ( F Fn A \u2227 ran F \u2286 B ) )",
            "prop_expression": " \u22a2 ( F : A -\u2192 B \u2194 ( F Fn A \u2227 ran F \u2286 B ) )",
            "step": 2,
            "theorem": "df-f",
            "ground_truth": "df-f \u22a2 ( F : A -\u2192 B \u2194 ( F Fn A \u2227 ran F \u2286 B ) )",
            "ground_truth_display": false,
            "statement_depth": 0,
            "_thrs_random_uniform": 0.8014776230416413,
            "_thrs_reconstruct": 0.0,
            "_thrs_obviousness": 0.0,
            "_thrs_weight": 0.5,
            "_thrs_complexity": 0.0,
            "_thrs_surprisingness": 1.0,
            "_thrs_intensity": 0.05261619409529379,
            "_thrs_interestingness": 0.31052323881905874,
            "_thrs_logistic_regression": 0.9716346930985986,
            "_thrs_random_forest": 0.955
        },
        {
            "expression": "\u22a2 ( ( F Fn A \u2227 ran F \u2286 B ) \u2192 \u2200 x ( F Fn A \u2227 ran F \u2286 B ) )",
            "prop_expression": "( \ud835\udf11 \u2192 \u2200 x \ud835\udf11 ), ( \ud835\udf13 \u2192 \u2200 x \ud835\udf13 ) \u22a2 ( ( \ud835\udf11 \u2227 \ud835\udf13 ) \u2192 \u2200 x ( \ud835\udf11 \u2227 \ud835\udf13 ) )",
            "step": 3,
            "theorem": "hban",
            "ground_truth": "hban \u22a2 ( ( F Fn A \u2227 ran F \u2286 B ) \u2192 \u2200 x ( F Fn A \u2227 ran F \u2286 B ) )",
            "ground_truth_display": false,
            "statement_depth": 0,
            "_thrs_random_uniform": 0.7563045019826926,
            "_thrs_reconstruct": 2.4772079181689e-10,
            "_thrs_obviousness": 0.9999999998533308,
            "_thrs_weight": 0.0,
            "_thrs_complexity": 0.0,
            "_thrs_surprisingness": 0.7975708502024292,
            "_thrs_intensity": 0.4012861736334405,
            "_thrs_interestingness": 0.43977140473784004,
            "_thrs_logistic_regression": 0.9940997145864197,
            "_thrs_random_forest": 0.89
        },
        {
            "expression": "\u22a2 ( F Fn A \u2192 \u2200 x F Fn A )",
            "prop_expression": "( y \u2208 F \u2192 \u2200 x y \u2208 F ), ( y \u2208 A \u2192 \u2200 x y \u2208 A ) \u22a2 ( F Fn A \u2192 \u2200 x F Fn A )",
            "step": 4,
            "theorem": "hbfn",
            "ground_truth": "hbfn \u22a2 ( F Fn A \u2192 \u2200 x F Fn A )",
            "ground_truth_display": false,
            "statement_depth": 0,
            "_thrs_random_uniform": 0.17264307068591245,
            "_thrs_reconstruct": 1.0,
            "_thrs_obviousness": 0.7516232626834248,
            "_thrs_weight": 1.0,
            "_thrs_complexity": 1.0,
            "_thrs_surprisingness": 0.15991902834008098,
            "_thrs_intensity": 0.8334405144694532,
            "_thrs_interestingness": 0.7489965610985918,
            "_thrs_logistic_regression": 0.9854575170106712,
            "_thrs_random_forest": 0.88
        },
        {
            "expression": "\u22a2 ( y \u2208 F \u2192 \u2200 x y \u2208 F )",
            "prop_expression": " \u22a2 ( y \u2208 F \u2192 \u2200 x y \u2208 F )",
            "step": 5,
            "theorem": "hbf.1",
            "ground_truth": "hbf.1 \u22a2 ( y \u2208 F \u2192 \u2200 x y \u2208 F )",
            "ground_truth_display": false,
            "statement_depth": 0,
            "_thrs_random_uniform": 0.3546974926233073,
            "_thrs_reconstruct": 0.0,
            "_thrs_obviousness": 0.0,
            "_thrs_weight": 1.0,
            "_thrs_complexity": 1.0,
            "_thrs_surprisingness": 0.0,
            "_thrs_intensity": 0.0,
            "_thrs_interestingness": 0.4,
            "_thrs_logistic_regression": 0.5,
            "_thrs_random_forest": 0.79
        },
        {
            "expression": "\u22a2 ( y \u2208 A \u2192 \u2200 x y \u2208 A )",
            "prop_expression": " \u22a2 ( y \u2208 A \u2192 \u2200 x y \u2208 A )",
            "step": 6,
            "theorem": "hbf.2",
            "ground_truth": "hbf.2 \u22a2 ( y \u2208 A \u2192 \u2200 x y \u2208 A )",
            "ground_truth_display": false,
            "statement_depth": 0,
            "_thrs_random_uniform": 0.10487154658558584,
            "_thrs_reconstruct": 0.0,
            "_thrs_obviousness": 0.0,
            "_thrs_weight": 1.0,
            "_thrs_complexity": 1.0,
            "_thrs_surprisingness": 0.024291497975708506,
            "_thrs_intensity": 0.0,
            "_thrs_interestingness": 0.4048582995951417,
            "_thrs_logistic_regression": 0.49177529756668725,
            "_thrs_random_forest": 0.79
        },
        {
            "expression": "\u22a2 ( ran F \u2286 B \u2192 \u2200 x ran F \u2286 B )",
            "prop_expression": "( y \u2208 A \u2192 \u2200 x y \u2208 A ), ( y \u2208 B \u2192 \u2200 x y \u2208 B ) \u22a2 ( A \u2286 B \u2192 \u2200 x A \u2286 B )",
            "step": 7,
            "theorem": "hbss",
            "ground_truth": "hbss \u22a2 ( ran F \u2286 B \u2192 \u2200 x ran F \u2286 B )",
            "ground_truth_display": false,
            "statement_depth": 0,
            "_thrs_random_uniform": 0.41540208435561665,
            "_thrs_reconstruct": 4.762137807017482e-05,
            "_thrs_obviousness": 0.24837673698366916,
            "_thrs_weight": 0.75,
            "_thrs_complexity": 0.6666666666666667,
            "_thrs_surprisingness": 0.3016194331983806,
            "_thrs_intensity": 0.7374062165058949,
            "_thrs_interestingness": 0.5408138106709223,
            "_thrs_logistic_regression": 0.9933358280585434,
            "_thrs_random_forest": 0.935
        },
        {
            "expression": "\u22a2 ( y \u2208 ran F \u2192 \u2200 x y \u2208 ran F )",
            "prop_expression": "( y \u2208 A \u2192 \u2200 x y \u2208 A ) \u22a2 ( y \u2208 ran A \u2192 \u2200 x y \u2208 ran A )",
            "step": 8,
            "theorem": "hbrn",
            "ground_truth": "hbrn \u22a2 ( y \u2208 ran F \u2192 \u2200 x y \u2208 ran F )",
            "ground_truth_display": false,
            "statement_depth": 0,
            "_thrs_random_uniform": 0.7754188889505598,
            "_thrs_reconstruct": 0.3304061435797489,
            "_thrs_obviousness": 0.24834094364806647,
            "_thrs_weight": 0.75,
            "_thrs_complexity": 0.6666666666666667,