{
    "theorem": "hbned",
    "hyps": [
        [
            1,
            2
        ],
        [
            1,
            8
        ],
        [
            1,
            9
        ],
        [
            2,
            3
        ],
        [
            2,
            4
        ],
        [
            4,
            5
        ],
        [
            4,
            6
        ],
        [
            4,
            7
        ],
        [
            9,
            10
        ]
    ],
    "expression": "( \ud835\udf11 \u2192 ( A \u2260 B \u2192 \u2200 x A \u2260 B ) )",
    "steps": [
        {
            "expression": "\u22a2 ( \ud835\udf11 \u2192 ( A \u2260 B \u2192 \u2200 x A \u2260 B ) )",
            "prop_expression": "( \ud835\udf11 \u2192 ( \ud835\udf13 \u2192 \ud835\udf12 ) ), ( \ud835\udf03 \u2194 \ud835\udf13 ), ( \ud835\udf0f \u2194 \ud835\udf12 ) \u22a2 ( \ud835\udf11 \u2192 ( \ud835\udf03 \u2192 \ud835\udf0f ) )",
            "step": 1,
            "theorem": "3imtr4g",
            "ground_truth": "3imtr4g \u22a2 ( \ud835\udf11 \u2192 ( A \u2260 B \u2192 \u2200 x A \u2260 B ) )",
            "ground_truth_display": false,
            "statement_depth": 0,
            "_thrs_random_uniform": 0.22847,
            "_thrs_reconstruct": 0.0,
            "_thrs_obviousness": 1.0,
            "_thrs_weight": 0.4,
            "_thrs_complexity": 0.33333,
            "_thrs_surprisingness": 1.0,
            "_thrs_intensity": 1.0,
            "_thrs_interestingness": 0.74667,
            "_thrs_logistic_regression": 0.99885,
            "_thrs_random_forest": 0.97
        },
        {
            "expression": "\u22a2 ( \ud835\udf11 \u2192 ( \u00ac A = B \u2192 \u2200 x \u00ac A = B ) )",
            "prop_expression": "( \ud835\udf11 \u2192 \u2200 x \ud835\udf11 ), ( \ud835\udf11 \u2192 ( \ud835\udf13 \u2192 \u2200 x \ud835\udf13 ) ) \u22a2 ( \ud835\udf11 \u2192 ( \u00ac \ud835\udf13 \u2192 \u2200 x \u00ac \ud835\udf13 ) )",
            "step": 2,
            "theorem": "hbnd",
            "ground_truth": "hbnd \u22a2 ( \ud835\udf11 \u2192 ( \u00ac A = B \u2192 \u2200 x \u00ac A = B ) )",
            "ground_truth_display": false,
            "statement_depth": 0,
            "_thrs_random_uniform": 0.19107,
            "_thrs_reconstruct": 0.0,
            "_thrs_obviousness": 1.0,
            "_thrs_weight": 0.4,
            "_thrs_complexity": 0.33333,
            "_thrs_surprisingness": 1.0,
            "_thrs_intensity": 0.46154,
            "_thrs_interestingness": 0.63897,
            "_thrs_logistic_regression": 0.97948,
            "_thrs_random_forest": 0.945
        },
        {
            "expression": "\u22a2 ( \ud835\udf11 \u2192 \u2200 x \ud835\udf11 )",
            "prop_expression": " \u22a2 ( \ud835\udf11 \u2192 \u2200 x \ud835\udf11 )",
            "step": 3,
            "theorem": "hbned.1",
            "ground_truth": "hbned.1 \u22a2 ( \ud835\udf11 \u2192 \u2200 x \ud835\udf11 )",
            "ground_truth_display": false,
            "statement_depth": 0,
            "_thrs_random_uniform": 0.51661,
            "_thrs_reconstruct": 0.0,
            "_thrs_obviousness": 0.0,
            "_thrs_weight": 1.0,
            "_thrs_complexity": 1.0,
            "_thrs_surprisingness": 0.0,
            "_thrs_intensity": 0.07692,
            "_thrs_interestingness": 0.41538,
            "_thrs_logistic_regression": 0.6023,
            "_thrs_random_forest": 0.78
        },
        {
            "expression": "\u22a2 ( \ud835\udf11 \u2192 ( A = B \u2192 \u2200 x A = B ) )",
            "prop_expression": "( \ud835\udf11 \u2192 \u2200 x \ud835\udf11 ), ( \ud835\udf11 \u2192 ( y \u2208 A \u2192 \u2200 x y \u2208 A ) ), ( \ud835\udf11 \u2192 ( z \u2208 B \u2192 \u2200 x z \u2208 B ) ) \u22a2 ( \ud835\udf11 \u2192 ( A = B \u2192 \u2200 x A = B ) )",
            "step": 4,
            "theorem": "hbeqd",
            "ground_truth": "hbeqd \u22a2 ( \ud835\udf11 \u2192 ( A = B \u2192 \u2200 x A = B ) )",
            "ground_truth_display": false,
            "statement_depth": 0,
            "_thrs_random_uniform": 0.56088,
            "_thrs_reconstruct": 1.0,
            "_thrs_obviousness": 1.0,
            "_thrs_weight": 0.4,
            "_thrs_complexity": 0.33333,
            "_thrs_surprisingness": 1.0,
            "_thrs_intensity": 0.6044,
            "_thrs_interestingness": 0.66755,
            "_thrs_logistic_regression": 0.9904,
            "_thrs_random_forest": 0.945
        },
        {
            "expression": "\u22a2 ( \ud835\udf11 \u2192 \u2200 x \ud835\udf11 )",
            "prop_expression": " \u22a2 ( \ud835\udf11 \u2192 \u2200 x \ud835\udf11 )",
            "step": 5,
            "theorem": "hbned.1",
            "ground_truth": "hbned.1 \u22a2 ( \ud835\udf11 \u2192 \u2200 x \ud835\udf11 )",
            "ground_truth_display": false,
            "statement_depth": 0,
            "_thrs_random_uniform": 0.47839,
            "_thrs_reconstruct": 0.0,
            "_thrs_obviousness": 0.0,
            "_thrs_weight": 1.0,
            "_thrs_complexity": 1.0,
            "_thrs_surprisingness": 0.0,
            "_thrs_intensity": 0.07692,
            "_thrs_interestingness": 0.41538,
            "_thrs_logistic_regression": 0.6023,
            "_thrs_random_forest": 0.73625
        },
        {
            "expression": "\u22a2 ( \ud835\udf11 \u2192 ( y \u2208 A \u2192 \u2200 x y \u2208 A ) )",
            "prop_expression": " \u22a2 ( \ud835\udf11 \u2192 ( y \u2208 A \u2192 \u2200 x y \u2208 A ) )",
            "step": 6,
            "theorem": "hbned.2",
            "ground_truth": "hbned.2 \u22a2 ( \ud835\udf11 \u2192 ( y \u2208 A \u2192 \u2200 x y \u2208 A ) )",
            "ground_truth_display": false,
            "statement_depth": 0,
            "_thrs_random_uniform": 0.65496,
            "_thrs_reconstruct": 0.0,
            "_thrs_obviousness": 0.0,
            "_thrs_weight": 0.0,
            "_thrs_complexity": 0.0,
            "_thrs_surprisingness": 0.96154,
            "_thrs_intensity": 0.05769,
            "_thrs_interestingness": 0.20385,
            "_thrs_logistic_regression": 0.95837,
            "_thrs_random_forest": 0.69875
        },
        {
            "expression": "\u22a2 ( \ud835\udf11 \u2192 ( z \u2208 B \u2192 \u2200 x z \u2208 B ) )",
            "prop_expression": " \u22a2 ( \ud835\udf11 \u2192 ( z \u2208 B \u2192 \u2200 x z \u2208 B ) )",
            "step": 7,
            "theorem": "hbned.3",
            "ground_truth": "hbned.3 \u22a2 ( \ud835\udf11 \u2192 ( z \u2208 B \u2192 \u2200 x z \u2208 B ) )",
            "ground_truth_display": false,
            "statement_depth": 0,
            "_thrs_random_uniform": 0.8973,
            "_thrs_reconstruct": 0.0,
            "_thrs_obviousness": 0.0,
            "_thrs_weight": 0.0,
            "_thrs_complexity": 0.0,
            "_thrs_surprisingness": 0.96154,
            "_thrs_intensity": 0.05769,
            "_thrs_interestingness": 0.20385,
            "_thrs_logistic_regression": 0.95837,
            "_thrs_random_forest": 0.69875
        },
        {
            "expression": "\u22a2 ( A \u2260 B \u2194 \u00ac A = B )",
            "prop_expression": " \u22a2 ( A \u2260 B \u2194 \u00ac A = B )",
            "step": 8,
            "theorem": "df-ne",
            "ground_truth": "df-ne \u22a2 ( A \u2260 B \u2194 \u00ac A = B )",
            "ground_truth_display": false,
            "statement_depth": 0,
            "_thrs_random_uniform": 0.17934,
            "_thrs_reconstruct": 0.0,
            "_thrs_obviousness": 0.0,
            "_thrs_weight": 0.8,
            "_thrs_complexity": 1.0,
            "_thrs_surprisingness": 0.23077,
            "_thrs_intensity": 0.0,
            "_thrs_interestingness": 0.40615,
            "_thrs_logistic_regression": 0.37676,
            "_thrs_random_forest": 0.95
        },
        {
            "expression": "\u22a2 ( \u2200 x A \u2260 B \u2194 \u2200 x \u00ac A = B )",