{
    "theorem": "hbnel",
    "hyps": [
        [
            1,
            2
        ],
        [
            1,
            3
        ],
        [
            3,
            4
        ],
        [
            4,
            5
        ],
        [
            4,
            6
        ]
    ],
    "expression": "( A \u2209 B \u2192 \u2200 x A \u2209 B )",
    "steps": [
        {
            "expression": "\u22a2 ( A \u2209 B \u2192 \u2200 x A \u2209 B )",
            "prop_expression": "( \ud835\udf11 \u2194 \ud835\udf13 ), ( \ud835\udf13 \u2192 \u2200 x \ud835\udf13 ) \u22a2 ( \ud835\udf11 \u2192 \u2200 x \ud835\udf11 )",
            "step": 1,
            "theorem": "hbxfrbi",
            "ground_truth": "hbxfrbi \u22a2 ( A \u2209 B \u2192 \u2200 x A \u2209 B )",
            "ground_truth_display": false,
            "statement_depth": 0,
            "_thrs_random_uniform": 0.300141304489958,
            "_thrs_reconstruct": 2.754178606078912e-06,
            "_thrs_obviousness": 1.0,
            "_thrs_weight": 0.0,
            "_thrs_complexity": 0.5,
            "_thrs_surprisingness": 0.5000000000000001,
            "_thrs_intensity": 1.0,
            "_thrs_interestingness": 0.6,
            "_thrs_logistic_regression": 0.9980141633190189,
            "_thrs_random_forest": 0.92
        },
        {
            "expression": "\u22a2 ( A \u2209 B \u2194 \u00ac A \u2208 B )",
            "prop_expression": " \u22a2 ( A \u2209 B \u2194 \u00ac A \u2208 B )",
            "step": 2,
            "theorem": "df-nel",
            "ground_truth": "df-nel \u22a2 ( A \u2209 B \u2194 \u00ac A \u2208 B )",
            "ground_truth_display": false,
            "statement_depth": 0,
            "_thrs_random_uniform": 0.005701084053411742,
            "_thrs_reconstruct": 0.0,
            "_thrs_obviousness": 0.0,
            "_thrs_weight": 1.0,
            "_thrs_complexity": 0.5,
            "_thrs_surprisingness": 1.0,
            "_thrs_intensity": 0.10416666666666666,
            "_thrs_interestingness": 0.5208333333333333,
            "_thrs_logistic_regression": 0.8517272089242576,
            "_thrs_random_forest": 0.74
        },
        {
            "expression": "\u22a2 ( \u00ac A \u2208 B \u2192 \u2200 x \u00ac A \u2208 B )",
            "prop_expression": "( \ud835\udf11 \u2192 \u2200 x \ud835\udf11 ) \u22a2 ( \u00ac \ud835\udf11 \u2192 \u2200 x \u00ac \ud835\udf11 )",
            "step": 3,
            "theorem": "hbn",
            "ground_truth": "hbn \u22a2 ( \u00ac A \u2208 B \u2192 \u2200 x \u00ac A \u2208 B )",
            "ground_truth_display": false,
            "statement_depth": 0,
            "_thrs_random_uniform": 0.13502783610637847,
            "_thrs_reconstruct": 2.1750056681579858e-07,
            "_thrs_obviousness": 0.9999972450010131,
            "_thrs_weight": 0.0,
            "_thrs_complexity": 0.5,
            "_thrs_surprisingness": 0.375,
            "_thrs_intensity": 0.46875,
            "_thrs_interestingness": 0.46874944900020254,
            "_thrs_logistic_regression": 0.971323557665521,
            "_thrs_random_forest": 0.76
        },
        {
            "expression": "\u22a2 ( A \u2208 B \u2192 \u2200 x A \u2208 B )",
            "prop_expression": "( y \u2208 A \u2192 \u2200 x y \u2208 A ), ( z \u2208 B \u2192 \u2200 x z \u2208 B ) \u22a2 ( A \u2208 B \u2192 \u2200 x A \u2208 B )",
            "step": 4,
            "theorem": "hbel",
            "ground_truth": "hbel \u22a2 ( A \u2208 B \u2192 \u2200 x A \u2208 B )",
            "ground_truth_display": false,
            "statement_depth": 0,
            "_thrs_random_uniform": 0.9488259927449331,
            "_thrs_reconstruct": 1.0,
            "_thrs_obviousness": 0.9999970270868074,
            "_thrs_weight": 0.0,
            "_thrs_complexity": 0.5,
            "_thrs_surprisingness": 0.375,
            "_thrs_intensity": 0.8333333333333335,
            "_thrs_interestingness": 0.5416660720840282,
            "_thrs_logistic_regression": 0.9958881249528014,
            "_thrs_random_forest": 0.86
        },
        {
            "expression": "\u22a2 ( y \u2208 A \u2192 \u2200 x y \u2208 A )",
            "prop_expression": " \u22a2 ( y \u2208 A \u2192 \u2200 x y \u2208 A )",
            "step": 5,
            "theorem": "hbnel.1",
            "ground_truth": "hbnel.1 \u22a2 ( y \u2208 A \u2192 \u2200 x y \u2208 A )",
            "ground_truth_display": false,
            "statement_depth": 0,
            "_thrs_random_uniform": 0.5694270876452019,
            "_thrs_reconstruct": 0.0,
            "_thrs_obviousness": 0.0,
            "_thrs_weight": 0.0,
            "_thrs_complexity": 0.5,
            "_thrs_surprisingness": 0.0,
            "_thrs_intensity": 0.0,
            "_thrs_interestingness": 0.1,
            "_thrs_logistic_regression": 0.8301767051241057,
            "_thrs_random_forest": 0.365
        },
        {
            "expression": "\u22a2 ( z \u2208 B \u2192 \u2200 x z \u2208 B )",
            "prop_expression": " \u22a2 ( z \u2208 B \u2192 \u2200 x z \u2208 B )",
            "step": 6,
            "theorem": "hbnel.2",
            "ground_truth": "hbnel.2 \u22a2 ( z \u2208 B \u2192 \u2200 x z \u2208 B )",
            "ground_truth_display": false,
            "statement_depth": 0,
            "_thrs_random_uniform": 0.9799677001899132,
            "_thrs_reconstruct": 0.0,
            "_thrs_obviousness": 0.0,
            "_thrs_weight": 0.0,
            "_thrs_complexity": 0.5,
            "_thrs_surprisingness": 0.0,
            "_thrs_intensity": 0.0,
            "_thrs_interestingness": 0.1,
            "_thrs_logistic_regression": 0.8301767051241057,
            "_thrs_random_forest": 0.365
        }
    ]
}