{
    "theorem": "hbra1",
    "hyps": [
        [
            1,
            2
        ],
        [
            1,
            3
        ]
    ],
    "expression": "( \u2200 x \u2208 A \ud835\udf11 \u2192 \u2200 x \u2200 x \u2208 A \ud835\udf11 )",
    "steps": [
        {
            "number": 2313,
            "expression": "\u22a2 ( \u2200 x \u2208 A \ud835\udf11 \u2192 \u2200 x \u2200 x \u2208 A \ud835\udf11 )",
            "prop_expression": "( \ud835\udf11 \u2194 \ud835\udf13 ), ( \ud835\udf13 \u2192 \u2200 x \ud835\udf13 ) \u22a2 ( \ud835\udf11 \u2192 \u2200 x \ud835\udf11 )",
            "step": 1,
            "theorem": "hbxfrbi",
            "ground_truth": "hbxfrbi \u22a2 ( \u2200 x \u2208 A \ud835\udf11 \u2192 \u2200 x \u2200 x \u2208 A \ud835\udf11 )",
            "ground_truth_display": false,
            "statement_depth": 0,
            "_thrs_random_uniform": 0.40063,
            "_thrs_reconstruct": 1.0,
            "_thrs_obviousness": 1.0,
            "_thrs_weight": 1.0,
            "_thrs_complexity": 0.5,
            "_thrs_surprisingness": 0.5,
            "_thrs_intensity": 1.0,
            "_thrs_interestingness": 0.8,
            "_thrs_logistic_regression": 0.99923,
            "_thrs_random_forest": 0.85
        },
        {
            "number": 2313,
            "expression": "\u22a2 ( \u2200 x \u2208 A \ud835\udf11 \u2194 \u2200 x ( x \u2208 A \u2192 \ud835\udf11 ) )",
            "prop_expression": " \u22a2 ( \u2200 x \u2208 A \ud835\udf11 \u2194 \u2200 x ( x \u2208 A \u2192 \ud835\udf11 ) )",
            "step": 2,
            "theorem": "df-ral",
            "ground_truth": "df-ral \u22a2 ( \u2200 x \u2208 A \ud835\udf11 \u2194 \u2200 x ( x \u2208 A \u2192 \ud835\udf11 ) )",
            "ground_truth_display": false,
            "statement_depth": 0,
            "_thrs_random_uniform": 0.03319,
            "_thrs_reconstruct": 0.0,
            "_thrs_obviousness": 0.0,
            "_thrs_weight": 1.0,
            "_thrs_complexity": 0.5,
            "_thrs_surprisingness": 0.5,
            "_thrs_intensity": 0.04348,
            "_thrs_interestingness": 0.4087,
            "_thrs_logistic_regression": 0.89071,
            "_thrs_random_forest": 0.99
        },
        {
            "number": 2313,
            "expression": "\u22a2 ( \u2200 x ( x \u2208 A \u2192 \ud835\udf11 ) \u2192 \u2200 x \u2200 x ( x \u2208 A \u2192 \ud835\udf11 ) )",
            "prop_expression": " \u22a2 ( \u2200 x \ud835\udf11 \u2192 \u2200 x \u2200 x \ud835\udf11 )",
            "step": 3,
            "theorem": "hba1",
            "ground_truth": "hba1 \u22a2 ( \u2200 x ( x \u2208 A \u2192 \ud835\udf11 ) \u2192 \u2200 x \u2200 x ( x \u2208 A \u2192 \ud835\udf11 ) )",
            "ground_truth_display": false,
            "statement_depth": 0,
            "_thrs_random_uniform": 0.65241,
            "_thrs_reconstruct": 0.03745,
            "_thrs_obviousness": 0.03609,
            "_thrs_weight": 0.0,
            "_thrs_complexity": 0.5,
            "_thrs_surprisingness": 0.5,
            "_thrs_intensity": 0.0,
            "_thrs_interestingness": 0.20722,
            "_thrs_logistic_regression": 0.7123,
            "_thrs_random_forest": 0.99
        }
    ],
    "is_train": false
}