{
    "theorem": "hbre1",
    "hyps": [
        [
            1,
            2
        ],
        [
            1,
            3
        ]
    ],
    "expression": "( \u2203 x \u2208 A \ud835\udf11 \u2192 \u2200 x \u2203 x \u2208 A \ud835\udf11 )",
    "steps": [
        {
            "number": 2316,
            "expression": "\u22a2 ( \u2203 x \u2208 A \ud835\udf11 \u2192 \u2200 x \u2203 x \u2208 A \ud835\udf11 )",
            "prop_expression": "( \ud835\udf11 \u2194 \ud835\udf13 ), ( \ud835\udf13 \u2192 \u2200 x \ud835\udf13 ) \u22a2 ( \ud835\udf11 \u2192 \u2200 x \ud835\udf11 )",
            "step": 1,
            "theorem": "hbxfrbi",
            "ground_truth": "hbxfrbi \u22a2 ( \u2203 x \u2208 A \ud835\udf11 \u2192 \u2200 x \u2203 x \u2208 A \ud835\udf11 )",
            "ground_truth_display": false,
            "statement_depth": 0,
            "_thrs_random_uniform": 0.7735,
            "_thrs_reconstruct": 0.9997,
            "_thrs_obviousness": 1.0,
            "_thrs_weight": 1.0,
            "_thrs_complexity": 0.5,
            "_thrs_surprisingness": 0.5,
            "_thrs_intensity": 1.0,
            "_thrs_interestingness": 0.8,
            "_thrs_logistic_regression": 0.99923,
            "_thrs_random_forest": 0.865
        },
        {
            "number": 2316,
            "expression": "\u22a2 ( \u2203 x \u2208 A \ud835\udf11 \u2194 \u2203 x ( x \u2208 A \u2227 \ud835\udf11 ) )",
            "prop_expression": " \u22a2 ( \u2203 x \u2208 A \ud835\udf11 \u2194 \u2203 x ( x \u2208 A \u2227 \ud835\udf11 ) )",
            "step": 2,
            "theorem": "df-rex",
            "ground_truth": "df-rex \u22a2 ( \u2203 x \u2208 A \ud835\udf11 \u2194 \u2203 x ( x \u2208 A \u2227 \ud835\udf11 ) )",
            "ground_truth_display": false,
            "statement_depth": 0,
            "_thrs_random_uniform": 0.10249,
            "_thrs_reconstruct": 0.0,
            "_thrs_obviousness": 0.0,
            "_thrs_weight": 1.0,
            "_thrs_complexity": 0.5,
            "_thrs_surprisingness": 0.5,
            "_thrs_intensity": 0.04348,
            "_thrs_interestingness": 0.4087,
            "_thrs_logistic_regression": 0.89071,
            "_thrs_random_forest": 0.985
        },
        {
            "number": 2316,
            "expression": "\u22a2 ( \u2203 x ( x \u2208 A \u2227 \ud835\udf11 ) \u2192 \u2200 x \u2203 x ( x \u2208 A \u2227 \ud835\udf11 ) )",
            "prop_expression": " \u22a2 ( \u2203 x \ud835\udf11 \u2192 \u2200 x \u2203 x \ud835\udf11 )",
            "step": 3,
            "theorem": "hbe1",
            "ground_truth": "hbe1 \u22a2 ( \u2203 x ( x \u2208 A \u2227 \ud835\udf11 ) \u2192 \u2200 x \u2203 x ( x \u2208 A \u2227 \ud835\udf11 ) )",
            "ground_truth_display": false,
            "statement_depth": 0,
            "_thrs_random_uniform": 0.54914,
            "_thrs_reconstruct": 1.0,
            "_thrs_obviousness": 0.5,
            "_thrs_weight": 0.0,
            "_thrs_complexity": 0.5,
            "_thrs_surprisingness": 0.5,
            "_thrs_intensity": 0.0,
            "_thrs_interestingness": 0.3,
            "_thrs_logistic_regression": 0.70409,
            "_thrs_random_forest": 0.995
        }
    ],
    "is_train": false
}