{
    "theorem": "ifor",
    "hyps": [
        [
            1,
            2
        ],
        [
            1,
            6
        ],
        [
            2,
            3
        ],
        [
            2,
            5
        ],
        [
            3,
            4
        ],
        [
            6,
            7
        ],
        [
            6,
            8
        ],
        [
            8,
            9
        ]
    ],
    "expression": "if ( ( \ud835\udf11 \u2228 \ud835\udf13 ) , A , B ) = if ( \ud835\udf11 , A , if ( \ud835\udf13 , A , B ) )",
    "steps": [
        {
            "expression": "\u22a2 if ( ( \ud835\udf11 \u2228 \ud835\udf13 ) , A , B ) = if ( \ud835\udf11 , A , if ( \ud835\udf13 , A , B ) )",
            "prop_expression": "( \ud835\udf11 \u2192 \ud835\udf13 ), ( \u00ac \ud835\udf11 \u2192 \ud835\udf13 ) \u22a2 \ud835\udf13",
            "step": 1,
            "theorem": "pm2.61i",
            "ground_truth": "pm2.61i \u22a2 if ( ( \ud835\udf11 \u2228 \ud835\udf13 ) , A , B ) = if ( \ud835\udf11 , A , if ( \ud835\udf13 , A , B ) )",
            "ground_truth_display": false,
            "statement_depth": 0,
            "_thrs_random_uniform": 0.22645357536292932,
            "_thrs_reconstruct": 0.0,
            "_thrs_obviousness": 1.0,
            "_thrs_weight": 0.11111111111111116,
            "_thrs_complexity": 0.0,
            "_thrs_surprisingness": 1.0,
            "_thrs_intensity": 1.0,
            "_thrs_interestingness": 0.6222222222222222,
            "_thrs_logistic_regression": 0.9997224105887961,
            "_thrs_random_forest": 0.965
        },
        {
            "expression": "\u22a2 ( \ud835\udf11 \u2192 if ( ( \ud835\udf11 \u2228 \ud835\udf13 ) , A , B ) = if ( \ud835\udf11 , A , if ( \ud835\udf13 , A , B ) ) )",
            "prop_expression": "( \ud835\udf11 \u2192 A = B ), ( \ud835\udf11 \u2192 C = B ) \u22a2 ( \ud835\udf11 \u2192 A = C )",
            "step": 2,
            "theorem": "eqtr4d",
            "ground_truth": "eqtr4d \u22a2 ( \ud835\udf11 \u2192 if ( ( \ud835\udf11 \u2228 \ud835\udf13 ) , A , B ) = if ( \ud835\udf11 , A , if ( \ud835\udf13 , A , B ) ) )",
            "ground_truth_display": false,
            "statement_depth": 0,
            "_thrs_random_uniform": 0.8790658263248623,
            "_thrs_reconstruct": 0.005090503192241214,
            "_thrs_obviousness": 0.3819113942447679,
            "_thrs_weight": 0.0,
            "_thrs_complexity": 0.0,
            "_thrs_surprisingness": 1.0,
            "_thrs_intensity": 0.46520146520146516,
            "_thrs_interestingness": 0.3694225718892466,
            "_thrs_logistic_regression": 0.9947820945539569,
            "_thrs_random_forest": 0.965
        },
        {
            "expression": "\u22a2 ( \ud835\udf11 \u2192 if ( ( \ud835\udf11 \u2228 \ud835\udf13 ) , A , B ) = A )",
            "prop_expression": "( ( \ud835\udf11 \u2228 \ud835\udf13 ) \u2192 \ud835\udf12 ) \u22a2 ( \ud835\udf11 \u2192 \ud835\udf12 )",
            "step": 3,
            "theorem": "orcs",
            "ground_truth": "orcs \u22a2 ( \ud835\udf11 \u2192 if ( ( \ud835\udf11 \u2228 \ud835\udf13 ) , A , B ) = A )",
            "ground_truth_display": false,
            "statement_depth": 0,
            "_thrs_random_uniform": 0.5027585093268366,
            "_thrs_reconstruct": 3.873442780357961e-05,
            "_thrs_obviousness": 0.18954493730822733,
            "_thrs_weight": 0.6666666666666667,
            "_thrs_complexity": 0.0,
            "_thrs_surprisingness": 1.0,
            "_thrs_intensity": 0.41496598639455784,
            "_thrs_interestingness": 0.45423551807389034,
            "_thrs_logistic_regression": 0.9964301872178366,
            "_thrs_random_forest": 0.555
        },
        {
            "expression": "\u22a2 ( ( \ud835\udf11 \u2228 \ud835\udf13 ) \u2192 if ( ( \ud835\udf11 \u2228 \ud835\udf13 ) , A , B ) = A )",
            "prop_expression": " \u22a2 ( \ud835\udf11 \u2192 if ( \ud835\udf11 , A , B ) = A )",
            "step": 4,
            "theorem": "iftrue",
            "ground_truth": "iftrue \u22a2 ( ( \ud835\udf11 \u2228 \ud835\udf13 ) \u2192 if ( ( \ud835\udf11 \u2228 \ud835\udf13 ) , A , B ) = A )",
            "ground_truth_display": false,
            "statement_depth": 0,
            "_thrs_random_uniform": 0.6285416609967069,
            "_thrs_reconstruct": 0.3484785638677361,
            "_thrs_obviousness": 0.18952261976800067,
            "_thrs_weight": 0.5555555555555556,
            "_thrs_complexity": 0.0,
            "_thrs_surprisingness": 1.0,
            "_thrs_intensity": 0.11904761904761903,
            "_thrs_interestingness": 0.37282515887423506,
            "_thrs_logistic_regression": 0.9807162101902778,
            "_thrs_random_forest": 0.785
        },
        {
            "expression": "\u22a2 ( \ud835\udf11 \u2192 if ( \ud835\udf11 , A , if ( \ud835\udf13 , A , B ) ) = A )",
            "prop_expression": " \u22a2 ( \ud835\udf11 \u2192 if ( \ud835\udf11 , A , B ) = A )",
            "step": 5,
            "theorem": "iftrue",
            "ground_truth": "iftrue \u22a2 ( \ud835\udf11 \u2192 if ( \ud835\udf11 , A , if ( \ud835\udf13 , A , B ) ) = A )",
            "ground_truth_display": false,
            "statement_depth": 0,
            "_thrs_random_uniform": 0.03718979441102721,
            "_thrs_reconstruct": 0.3484785638677361,
            "_thrs_obviousness": 0.18952261976800067,
            "_thrs_weight": 0.4444444444444444,
            "_thrs_complexity": 0.0,
            "_thrs_surprisingness": 1.0,
            "_thrs_intensity": 0.07936507936507936,
            "_thrs_interestingness": 0.3426664287155049,
            "_thrs_logistic_regression": 0.9736333089254994,
            "_thrs_random_forest": 0.855
        },
        {
            "expression": "\u22a2 ( \u00ac \ud835\udf11 \u2192 if ( ( \ud835\udf11 \u2228 \ud835\udf13 ) , A , B ) = if ( \ud835\udf11 , A , if ( \ud835\udf13 , A , B ) ) )",
            "prop_expression": "( \ud835\udf11 \u2192 A = B ), ( \ud835\udf11 \u2192 B = C ) \u22a2 ( \ud835\udf11 \u2192 C = A )",
            "step": 6,
            "theorem": "eqtr2d",
            "ground_truth": "eqtr2d \u22a2 ( \u00ac \ud835\udf11 \u2192 if ( ( \ud835\udf11 \u2228 \ud835\udf13 ) , A , B ) = if ( \ud835\udf11 , A , if ( \ud835\udf13 , A , B ) ) )",
            "ground_truth_display": false,
            "statement_depth": 0,
            "_thrs_random_uniform": 0.32297818887384966,
            "_thrs_reconstruct": 0.005090503192241214,
            "_thrs_obviousness": 0.6180143247885063,
            "_thrs_weight": 0.0,
            "_thrs_complexity": 0.0,
            "_thrs_surprisingness": 1.0,
            "_thrs_intensity": 0.7289377289377288,
            "_thrs_interestingness": 0.469390410745247,
            "_thrs_logistic_regression": 0.9987118412071637,
            "_thrs_random_forest": 0.97
        },
        {
            "expression": "\u22a2 ( \u00ac \ud835\udf11 \u2192 if ( \ud835\udf11 , A , if ( \ud835\udf13 , A , B ) ) = if ( \ud835\udf13 , A , B ) )",
            "prop_expression": " \u22a2 ( \u00ac \ud835\udf11 \u2192 if ( \ud835\udf11 , A , B ) = B )",
            "step": 7,
            "theorem": "iffalse",
            "ground_truth": "iffalse \u22a2 ( \u00ac \ud835\udf11 \u2192 if ( \ud835\udf11 , A , if ( \ud835\udf13 , A , B ) ) = if ( \ud835\udf13 , A , B ) )",
            "ground_truth_display": false,
            "statement_depth": 0,
            "_thrs_random_uniform": 0.5289786066470311,
            "_thrs_reconstruct": 0.13082611049520507,
            "_thrs_obviousness": 0.07110589762613126,
            "_thrs_weight": 0.11111111111111116,
            "_thrs_complexity": 0.0,
            "_thrs_surprisingness": 1.0,
            "_thrs_intensity": 0.0,
            "_thrs_interestingness": 0.23644340174744846,
            "_thrs_logistic_regression": 0.9464918377198037,