{
    "theorem": "iinss1",
    "hyps": [
        [
            1,
            2
        ],
        [
            2,
            3
        ],
        [
            2,
            4
        ],
        [
            2,
            7
        ],
        [
            4,
            5
        ],
        [
            4,
            6
        ],
        [
            7,
            8
        ],
        [
            7,
            9
        ]
    ],
    "expression": "( A \u2286 B \u2192 \u2229_ x \u2208 B C \u2286 \u2229_ x \u2208 A C )",
    "steps": [
        {
            "expression": "\u22a2 ( A \u2286 B \u2192 \u2229_ x \u2208 B C \u2286 \u2229_ x \u2208 A C )",
            "prop_expression": "( \ud835\udf11 \u2192 ( x \u2208 A \u2192 x \u2208 B ) ) \u22a2 ( \ud835\udf11 \u2192 A \u2286 B )",
            "step": 1,
            "theorem": "ssrdv",
            "ground_truth": "ssrdv \u22a2 ( A \u2286 B \u2192 \u2229_ x \u2208 B C \u2286 \u2229_ x \u2208 A C )",
            "ground_truth_display": false,
            "statement_depth": 0,
            "_thrs_random_uniform": 0.44603437800139123,
            "_thrs_reconstruct": 0.002220044064546774,
            "_thrs_obviousness": 1.0,
            "_thrs_weight": 0.2142857142857143,
            "_thrs_complexity": 0.19999999999999996,
            "_thrs_surprisingness": 1.0,
            "_thrs_intensity": 0.3165735567970205,
            "_thrs_interestingness": 0.546171854216547,
            "_thrs_logistic_regression": 0.9729776989165272,
            "_thrs_random_forest": 0.915
        },
        {
            "expression": "\u22a2 ( A \u2286 B \u2192 ( y \u2208 \u2229_ x \u2208 B C \u2192 y \u2208 \u2229_ x \u2208 A C ) )",
            "prop_expression": "( \ud835\udf11 \u2192 ( \ud835\udf13 \u2192 \ud835\udf12 ) ), ( \ud835\udf03 \u2194 \ud835\udf13 ), ( \ud835\udf0f \u2194 \ud835\udf12 ) \u22a2 ( \ud835\udf11 \u2192 ( \ud835\udf03 \u2192 \ud835\udf0f ) )",
            "step": 2,
            "theorem": "3imtr4g",
            "ground_truth": "3imtr4g \u22a2 ( A \u2286 B \u2192 ( y \u2208 \u2229_ x \u2208 B C \u2192 y \u2208 \u2229_ x \u2208 A C ) )",
            "ground_truth_display": false,
            "statement_depth": 0,
            "_thrs_random_uniform": 0.14371892249604634,
            "_thrs_reconstruct": 7.548124542018705e-07,
            "_thrs_obviousness": 0.9988925680306682,
            "_thrs_weight": 0.0,
            "_thrs_complexity": 0.0,
            "_thrs_surprisingness": 1.0,
            "_thrs_intensity": 1.0,
            "_thrs_interestingness": 0.5997785136061337,
            "_thrs_logistic_regression": 0.9996914177646158,
            "_thrs_random_forest": 0.89
        },
        {
            "expression": "\u22a2 ( A \u2286 B \u2192 ( \u2200 x \u2208 B y \u2208 C \u2192 \u2200 x \u2208 A y \u2208 C ) )",
            "prop_expression": " \u22a2 ( A \u2286 B \u2192 ( \u2200 x \u2208 B \ud835\udf11 \u2192 \u2200 x \u2208 A \ud835\udf11 ) )",
            "step": 3,
            "theorem": "ssralv",
            "ground_truth": "ssralv \u22a2 ( A \u2286 B \u2192 ( \u2200 x \u2208 B y \u2208 C \u2192 \u2200 x \u2208 A y \u2208 C ) )",
            "ground_truth_display": false,
            "statement_depth": 0,
            "_thrs_random_uniform": 0.94485129182448,
            "_thrs_reconstruct": 0.0022695124695993217,
            "_thrs_obviousness": 0.00103858939326909,
            "_thrs_weight": 0.1428571428571429,
            "_thrs_complexity": 0.19999999999999996,
            "_thrs_surprisingness": 0.6964285714285714,
            "_thrs_intensity": 0.014773432650527628,
            "_thrs_interestingness": 0.21101954726590216,
            "_thrs_logistic_regression": 0.9155868530303777,
            "_thrs_random_forest": 0.83
        },
        {
            "expression": "\u22a2 ( y \u2208 \u2229_ x \u2208 B C \u2194 \u2200 x \u2208 B y \u2208 C )",
            "prop_expression": "\ud835\udf11, ( \ud835\udf11 \u2192 \ud835\udf13 ) \u22a2 \ud835\udf13",
            "step": 4,
            "theorem": "ax-mp",
            "ground_truth": "ax-mp \u22a2 ( y \u2208 \u2229_ x \u2208 B C \u2194 \u2200 x \u2208 B y \u2208 C )",
            "ground_truth_display": false,
            "statement_depth": 0,
            "_thrs_random_uniform": 0.05490010465162376,
            "_thrs_reconstruct": 0.0,
            "_thrs_obviousness": 0.49883328194150717,
            "_thrs_weight": 0.2857142857142857,
            "_thrs_complexity": 0.4,
            "_thrs_surprisingness": 0.36607142857142855,
            "_thrs_intensity": 0.4129371559539159,
            "_thrs_interestingness": 0.39271123043622747,
            "_thrs_logistic_regression": 0.9829941922103616,
            "_thrs_random_forest": 0.825
        },
        {
            "expression": "\u22a2 y \u2208 V",
            "prop_expression": " \u22a2 x \u2208 V",
            "step": 5,
            "theorem": "vex",
            "ground_truth": "vex \u22a2 y \u2208 V",
            "ground_truth_display": false,
            "statement_depth": 0,
            "_thrs_random_uniform": 0.2146940401383941,
            "_thrs_reconstruct": 0.00018747538166531574,
            "_thrs_obviousness": 0.0,
            "_thrs_weight": 1.0,
            "_thrs_complexity": 1.0,
            "_thrs_surprisingness": 0.0,
            "_thrs_intensity": 0.28491620111731847,
            "_thrs_interestingness": 0.45698324022346365,
            "_thrs_logistic_regression": 0.8230739756034383,
            "_thrs_random_forest": 0.855
        },
        {
            "expression": "\u22a2 ( y \u2208 V \u2192 ( y \u2208 \u2229_ x \u2208 B C \u2194 \u2200 x \u2208 B y \u2208 C ) )",
            "prop_expression": " \u22a2 ( A \u2208 V \u2192 ( A \u2208 \u2229_ x \u2208 B C \u2194 \u2200 x \u2208 B A \u2208 C ) )",
            "step": 6,
            "theorem": "eliin",
            "ground_truth": "eliin \u22a2 ( y \u2208 V \u2192 ( y \u2208 \u2229_ x \u2208 B C \u2194 \u2200 x \u2208 B y \u2208 C ) )",
            "ground_truth_display": false,
            "statement_depth": 0,
            "_thrs_random_uniform": 0.8142418488678954,
            "_thrs_reconstruct": 1.0,
            "_thrs_obviousness": 0.4987397627755933,
            "_thrs_weight": 0.0714285714285714,
            "_thrs_complexity": 0.19999999999999996,
            "_thrs_surprisingness": 0.6473214285714285,
            "_thrs_intensity": 0.0,
            "_thrs_interestingness": 0.2834979525551186,
            "_thrs_logistic_regression": 0.9055025365205982,
            "_thrs_random_forest": 0.77
        },
        {
            "expression": "\u22a2 ( y \u2208 \u2229_ x \u2208 A C \u2194 \u2200 x \u2208 A y \u2208 C )",
            "prop_expression": "\ud835\udf11, ( \ud835\udf11 \u2192 \ud835\udf13 ) \u22a2 \ud835\udf13",
            "step": 7,
            "theorem": "ax-mp",
            "ground_truth": "ax-mp \u22a2 ( y \u2208 \u2229_ x \u2208 A C \u2194 \u2200 x \u2208 A y \u2208 C )",
            "ground_truth_display": false,
            "statement_depth": 0,
            "_thrs_random_uniform": 0.10863682870052582,
            "_thrs_reconstruct": 0.0,
            "_thrs_obviousness": 0.49883328194150717,
            "_thrs_weight": 0.2857142857142857,
            "_thrs_complexity": 0.4,
            "_thrs_surprisingness": 0.36607142857142855,
            "_thrs_intensity": 0.4129371559539159,
            "_thrs_interestingness": 0.39271123043622747,
            "_thrs_logistic_regression": 0.9829941922103616,
            "_thrs_random_forest": 0.825
        },
        {
            "expression": "\u22a2 y \u2208 V",
            "prop_expression": " \u22a2 x \u2208 V",
            "step": 8,
            "theorem": "vex",
            "ground_truth": "vex \u22a2 y \u2208 V",
            "ground_truth_display": false,
            "statement_depth": 0,
            "_thrs_random_uniform": 0.9371881528840363,
            "_thrs_reconstruct": 0.00018747538166531574,