{
    "theorem": "iinss2",
    "hyps": [
        [
            1,
            2
        ],
        [
            2,
            3
        ],
        [
            3,
            4
        ],
        [
            3,
            7
        ],
        [
            4,
            5
        ],
        [
            4,
            6
        ]
    ],
    "expression": "( x \u2208 A \u2192 \u2229_ x \u2208 A B \u2286 B )",
    "steps": [
        {
            "expression": "\u22a2 ( x \u2208 A \u2192 \u2229_ x \u2208 A B \u2286 B )",
            "prop_expression": "( \ud835\udf11 \u2192 ( x \u2208 A \u2192 x \u2208 B ) ) \u22a2 ( \ud835\udf11 \u2192 A \u2286 B )",
            "step": 1,
            "theorem": "ssrdv",
            "ground_truth": "ssrdv \u22a2 ( x \u2208 A \u2192 \u2229_ x \u2208 A B \u2286 B )",
            "ground_truth_display": false,
            "statement_depth": 0,
            "_thrs_random_uniform": 0.02476,
            "_thrs_reconstruct": 0.00222,
            "_thrs_obviousness": 1.0,
            "_thrs_weight": 0.46154,
            "_thrs_complexity": 0.25,
            "_thrs_surprisingness": 0.48,
            "_thrs_intensity": 0.58638,
            "_thrs_interestingness": 0.55558,
            "_thrs_logistic_regression": 0.99675,
            "_thrs_random_forest": 0.875
        },
        {
            "expression": "\u22a2 ( x \u2208 A \u2192 ( y \u2208 \u2229_ x \u2208 A B \u2192 y \u2208 B ) )",
            "prop_expression": "( \ud835\udf11 \u2192 ( \ud835\udf13 \u2192 \ud835\udf12 ) ) \u22a2 ( \ud835\udf13 \u2192 ( \ud835\udf11 \u2192 \ud835\udf12 ) )",
            "step": 2,
            "theorem": "com12",
            "ground_truth": "com12 \u22a2 ( x \u2208 A \u2192 ( y \u2208 \u2229_ x \u2208 A B \u2192 y \u2208 B ) )",
            "ground_truth_display": false,
            "statement_depth": 0,
            "_thrs_random_uniform": 0.38275,
            "_thrs_reconstruct": 0.0,
            "_thrs_obviousness": 0.99779,
            "_thrs_weight": 0.23077,
            "_thrs_complexity": 0.25,
            "_thrs_surprisingness": 0.48,
            "_thrs_intensity": 0.38723,
            "_thrs_interestingness": 0.46916,
            "_thrs_logistic_regression": 0.98824,
            "_thrs_random_forest": 0.825
        },
        {
            "expression": "\u22a2 ( y \u2208 \u2229_ x \u2208 A B \u2192 ( x \u2208 A \u2192 y \u2208 B ) )",
            "prop_expression": "( \ud835\udf11 \u2194 \ud835\udf13 ), ( \ud835\udf13 \u2192 \ud835\udf12 ) \u22a2 ( \ud835\udf11 \u2192 \ud835\udf12 )",
            "step": 3,
            "theorem": "sylbi",
            "ground_truth": "sylbi \u22a2 ( y \u2208 \u2229_ x \u2208 A B \u2192 ( x \u2208 A \u2192 y \u2208 B ) )",
            "ground_truth_display": false,
            "statement_depth": 0,
            "_thrs_random_uniform": 0.98377,
            "_thrs_reconstruct": 0.0,
            "_thrs_obviousness": 0.99779,
            "_thrs_weight": 0.23077,
            "_thrs_complexity": 0.25,
            "_thrs_surprisingness": 0.48,
            "_thrs_intensity": 1.0,
            "_thrs_interestingness": 0.59171,
            "_thrs_logistic_regression": 0.99956,
            "_thrs_random_forest": 0.685
        },
        {
            "expression": "\u22a2 ( y \u2208 \u2229_ x \u2208 A B \u2194 \u2200 x \u2208 A y \u2208 B )",
            "prop_expression": "\ud835\udf11, ( \ud835\udf11 \u2192 \ud835\udf13 ) \u22a2 \ud835\udf13",
            "step": 4,
            "theorem": "ax-mp",
            "ground_truth": "ax-mp \u22a2 ( y \u2208 \u2229_ x \u2208 A B \u2194 \u2200 x \u2208 A y \u2208 B )",
            "ground_truth_display": false,
            "statement_depth": 0,
            "_thrs_random_uniform": 0.81998,
            "_thrs_reconstruct": 0.0,
            "_thrs_obviousness": 0.99779,
            "_thrs_weight": 0.23077,
            "_thrs_complexity": 0.25,
            "_thrs_surprisingness": 0.48,
            "_thrs_intensity": 0.55502,
            "_thrs_interestingness": 0.50271,
            "_thrs_logistic_regression": 0.99521,
            "_thrs_random_forest": 0.845
        },
        {
            "expression": "\u22a2 y \u2208 V",
            "prop_expression": " \u22a2 x \u2208 V",
            "step": 5,
            "theorem": "vex",
            "ground_truth": "vex \u22a2 y \u2208 V",
            "ground_truth_display": false,
            "statement_depth": 0,
            "_thrs_random_uniform": 0.28117,
            "_thrs_reconstruct": 0.00019,
            "_thrs_obviousness": 0.00019,
            "_thrs_weight": 1.0,
            "_thrs_complexity": 1.0,
            "_thrs_surprisingness": 0.0,
            "_thrs_intensity": 0.38723,
            "_thrs_interestingness": 0.47748,
            "_thrs_logistic_regression": 0.88987,
            "_thrs_random_forest": 0.85
        },
        {
            "expression": "\u22a2 ( y \u2208 V \u2192 ( y \u2208 \u2229_ x \u2208 A B \u2194 \u2200 x \u2208 A y \u2208 B ) )",
            "prop_expression": " \u22a2 ( A \u2208 V \u2192 ( A \u2208 \u2229_ x \u2208 B C \u2194 \u2200 x \u2208 B A \u2208 C ) )",
            "step": 6,
            "theorem": "eliin",
            "ground_truth": "eliin \u22a2 ( y \u2208 V \u2192 ( y \u2208 \u2229_ x \u2208 A B \u2194 \u2200 x \u2208 A y \u2208 B ) )",
            "ground_truth_display": false,
            "statement_depth": 0,
            "_thrs_random_uniform": 0.07885,
            "_thrs_reconstruct": 1.0,
            "_thrs_obviousness": 0.9976,
            "_thrs_weight": 0.0,
            "_thrs_complexity": 0.0,
            "_thrs_surprisingness": 1.0,
            "_thrs_intensity": 0.01383,
            "_thrs_interestingness": 0.40229,
            "_thrs_logistic_regression": 0.9406,
            "_thrs_random_forest": 0.69
        },
        {
            "expression": "\u22a2 ( \u2200 x \u2208 A y \u2208 B \u2192 ( x \u2208 A \u2192 y \u2208 B ) )",
            "prop_expression": " \u22a2 ( \u2200 x \u2208 A \ud835\udf11 \u2192 ( x \u2208 A \u2192 \ud835\udf11 ) )",
            "step": 7,
            "theorem": "ra4",
            "ground_truth": "ra4 \u22a2 ( \u2200 x \u2208 A y \u2208 B \u2192 ( x \u2208 A \u2192 y \u2208 B ) )",
            "ground_truth_display": false,
            "statement_depth": 0,
            "_thrs_random_uniform": 0.1393,
            "_thrs_reconstruct": 0.0,
            "_thrs_obviousness": 0.0,
            "_thrs_weight": 0.30769,
            "_thrs_complexity": 0.5,
            "_thrs_surprisingness": 0.08,
            "_thrs_intensity": 0.0,
            "_thrs_interestingness": 0.17754,
            "_thrs_logistic_regression": 0.8547,
            "_thrs_random_forest": 0.35
        }
    ]
}