{
    "theorem": "imbi2d",
    "hyps": [
        [
            1,
            2
        ],
        [
            2,
            3
        ]
    ],
    "expression": "( \ud835\udf11 \u2192 ( ( \ud835\udf03 \u2192 \ud835\udf13 ) \u2194 ( \ud835\udf03 \u2192 \ud835\udf12 ) ) )",
    "steps": [
        {
            "number": 304,
            "expression": "\u22a2 ( \ud835\udf11 \u2192 ( ( \ud835\udf03 \u2192 \ud835\udf13 ) \u2194 ( \ud835\udf03 \u2192 \ud835\udf12 ) ) )",
            "prop_expression": "( \ud835\udf11 \u2192 ( \ud835\udf13 \u2192 ( \ud835\udf12 \u2194 \ud835\udf03 ) ) ) \u22a2 ( \ud835\udf11 \u2192 ( ( \ud835\udf13 \u2192 \ud835\udf12 ) \u2194 ( \ud835\udf13 \u2192 \ud835\udf03 ) ) )",
            "step": 1,
            "theorem": "pm5.74d",
            "ground_truth": "pm5.74d \u22a2 ( \ud835\udf11 \u2192 ( ( \ud835\udf03 \u2192 \ud835\udf13 ) \u2194 ( \ud835\udf03 \u2192 \ud835\udf12 ) ) )",
            "ground_truth_display": false,
            "statement_depth": 0,
            "_thrs_random_uniform": 0.48253,
            "_thrs_reconstruct": 1.0,
            "_thrs_obviousness": 1.0,
            "_thrs_weight": 0.0,
            "_thrs_complexity": 0.0,
            "_thrs_surprisingness": 0.5,
            "_thrs_intensity": 0.0,
            "_thrs_interestingness": 0.3,
            "_thrs_logistic_regression": 0.96658,
            "_thrs_random_forest": 0.775
        },
        {
            "number": 304,
            "expression": "\u22a2 ( \ud835\udf11 \u2192 ( \ud835\udf03 \u2192 ( \ud835\udf13 \u2194 \ud835\udf12 ) ) )",
            "prop_expression": "( \ud835\udf11 \u2192 \ud835\udf13 ) \u22a2 ( \ud835\udf11 \u2192 ( \ud835\udf12 \u2192 \ud835\udf13 ) )",
            "step": 2,
            "theorem": "a1d",
            "ground_truth": "a1d \u22a2 ( \ud835\udf11 \u2192 ( \ud835\udf03 \u2192 ( \ud835\udf13 \u2194 \ud835\udf12 ) ) )",
            "ground_truth_display": false,
            "statement_depth": 0,
            "_thrs_random_uniform": 0.51694,
            "_thrs_reconstruct": 0.00071,
            "_thrs_obviousness": 0.00085,
            "_thrs_weight": 0.5,
            "_thrs_complexity": 0.0,
            "_thrs_surprisingness": 0.5,
            "_thrs_intensity": 1.0,
            "_thrs_interestingness": 0.40017,
            "_thrs_logistic_regression": 0.99991,
            "_thrs_random_forest": 0.89
        },
        {
            "number": 304,
            "expression": "\u22a2 ( \ud835\udf11 \u2192 ( \ud835\udf13 \u2194 \ud835\udf12 ) )",
            "prop_expression": " \u22a2 ( \ud835\udf11 \u2192 ( \ud835\udf13 \u2194 \ud835\udf12 ) )",
            "step": 3,
            "theorem": "imbid.1",
            "ground_truth": "imbid.1 \u22a2 ( \ud835\udf11 \u2192 ( \ud835\udf13 \u2194 \ud835\udf12 ) )",
            "ground_truth_display": false,
            "statement_depth": 0,
            "_thrs_random_uniform": 0.41606,
            "_thrs_reconstruct": 0.0,
            "_thrs_obviousness": 0.0,
            "_thrs_weight": 1.0,
            "_thrs_complexity": 1.0,
            "_thrs_surprisingness": 0.5,
            "_thrs_intensity": 1.0,
            "_thrs_interestingness": 0.7,
            "_thrs_logistic_regression": 0.99115,
            "_thrs_random_forest": 0.92
        }
    ],
    "is_train": false
}