{
    "theorem": "imbi1d",
    "hyps": [
        [
            1,
            2
        ],
        [
            1,
            5
        ],
        [
            2,
            3
        ],
        [
            3,
            4
        ],
        [
            5,
            6
        ],
        [
            6,
            7
        ]
    ],
    "expression": "( \ud835\udf11 \u2192 ( ( \ud835\udf13 \u2192 \ud835\udf03 ) \u2194 ( \ud835\udf12 \u2192 \ud835\udf03 ) ) )",
    "steps": [
        {
            "expression": "\u22a2 ( \ud835\udf11 \u2192 ( ( \ud835\udf13 \u2192 \ud835\udf03 ) \u2194 ( \ud835\udf12 \u2192 \ud835\udf03 ) ) )",
            "prop_expression": "( \ud835\udf11 \u2192 ( \ud835\udf13 \u2192 \ud835\udf12 ) ), ( \ud835\udf11 \u2192 ( \ud835\udf12 \u2192 \ud835\udf13 ) ) \u22a2 ( \ud835\udf11 \u2192 ( \ud835\udf13 \u2194 \ud835\udf12 ) )",
            "step": 1,
            "theorem": "impbid",
            "ground_truth": "impbid \u22a2 ( \ud835\udf11 \u2192 ( ( \ud835\udf13 \u2192 \ud835\udf03 ) \u2194 ( \ud835\udf12 \u2192 \ud835\udf03 ) ) )",
            "ground_truth_display": false,
            "statement_depth": 0,
            "_thrs_random_uniform": 0.21604811185267592,
            "_thrs_reconstruct": 0.07319458024863808,
            "_thrs_obviousness": 1.0,
            "_thrs_weight": 0.0,
            "_thrs_complexity": 0.0,
            "_thrs_surprisingness": 0.5,
            "_thrs_intensity": 1.0,
            "_thrs_interestingness": 0.5,
            "_thrs_logistic_regression": 0.9998431944152827,
            "_thrs_random_forest": 0.915
        },
        {
            "expression": "\u22a2 ( \ud835\udf11 \u2192 ( ( \ud835\udf13 \u2192 \ud835\udf03 ) \u2192 ( \ud835\udf12 \u2192 \ud835\udf03 ) ) )",
            "prop_expression": "( \ud835\udf11 \u2192 ( \ud835\udf13 \u2192 \ud835\udf12 ) ) \u22a2 ( \ud835\udf11 \u2192 ( ( \ud835\udf12 \u2192 \ud835\udf03 ) \u2192 ( \ud835\udf13 \u2192 \ud835\udf03 ) ) )",
            "step": 2,
            "theorem": "imim1d",
            "ground_truth": "imim1d \u22a2 ( \ud835\udf11 \u2192 ( ( \ud835\udf13 \u2192 \ud835\udf03 ) \u2192 ( \ud835\udf12 \u2192 \ud835\udf03 ) ) )",
            "ground_truth_display": false,
            "statement_depth": 0,
            "_thrs_random_uniform": 0.7592086469948601,
            "_thrs_reconstruct": 0.008241374493644364,
            "_thrs_obviousness": 0.8896007885657959,
            "_thrs_weight": 0.0,
            "_thrs_complexity": 0.0,
            "_thrs_surprisingness": 0.5,
            "_thrs_intensity": 0.0,
            "_thrs_interestingness": 0.2779201577131592,
            "_thrs_logistic_regression": 0.9668860113259689,
            "_thrs_random_forest": 0.89
        },
        {
            "expression": "\u22a2 ( \ud835\udf11 \u2192 ( \ud835\udf12 \u2192 \ud835\udf13 ) )",
            "prop_expression": "( \ud835\udf11 \u2192 ( \ud835\udf13 \u2194 \ud835\udf12 ) ) \u22a2 ( \ud835\udf11 \u2192 ( \ud835\udf12 \u2192 \ud835\udf13 ) )",
            "step": 3,
            "theorem": "biimprd",
            "ground_truth": "biimprd \u22a2 ( \ud835\udf11 \u2192 ( \ud835\udf12 \u2192 \ud835\udf13 ) )",
            "ground_truth_display": false,
            "statement_depth": 0,
            "_thrs_random_uniform": 0.6056403948102851,
            "_thrs_reconstruct": 1.0,
            "_thrs_obviousness": 0.8822079842286841,
            "_thrs_weight": 1.0,
            "_thrs_complexity": 1.0,
            "_thrs_surprisingness": 0.5,
            "_thrs_intensity": 0.16666666666666663,
            "_thrs_interestingness": 0.7097749301790701,
            "_thrs_logistic_regression": 0.5365686556839108,
            "_thrs_random_forest": 0.795
        },
        {
            "expression": "\u22a2 ( \ud835\udf11 \u2192 ( \ud835\udf13 \u2194 \ud835\udf12 ) )",
            "prop_expression": " \u22a2 ( \ud835\udf11 \u2192 ( \ud835\udf13 \u2194 \ud835\udf12 ) )",
            "step": 4,
            "theorem": "imbid.1",
            "ground_truth": "imbid.1 \u22a2 ( \ud835\udf11 \u2192 ( \ud835\udf13 \u2194 \ud835\udf12 ) )",
            "ground_truth_display": false,
            "statement_depth": 0,
            "_thrs_random_uniform": 0.13943174595030472,
            "_thrs_reconstruct": 0.0,
            "_thrs_obviousness": 0.0,
            "_thrs_weight": 1.0,
            "_thrs_complexity": 1.0,
            "_thrs_surprisingness": 0.5,
            "_thrs_intensity": 0.16666666666666663,
            "_thrs_interestingness": 0.5333333333333333,
            "_thrs_logistic_regression": 0.5552856298634226,
            "_thrs_random_forest": 0.955
        },
        {
            "expression": "\u22a2 ( \ud835\udf11 \u2192 ( ( \ud835\udf12 \u2192 \ud835\udf03 ) \u2192 ( \ud835\udf13 \u2192 \ud835\udf03 ) ) )",
            "prop_expression": "( \ud835\udf11 \u2192 ( \ud835\udf13 \u2192 \ud835\udf12 ) ) \u22a2 ( \ud835\udf11 \u2192 ( ( \ud835\udf12 \u2192 \ud835\udf03 ) \u2192 ( \ud835\udf13 \u2192 \ud835\udf03 ) ) )",
            "step": 5,
            "theorem": "imim1d",
            "ground_truth": "imim1d \u22a2 ( \ud835\udf11 \u2192 ( ( \ud835\udf12 \u2192 \ud835\udf03 ) \u2192 ( \ud835\udf13 \u2192 \ud835\udf03 ) ) )",
            "ground_truth_display": false,
            "statement_depth": 0,
            "_thrs_random_uniform": 0.564614457288589,
            "_thrs_reconstruct": 0.008241374493644364,
            "_thrs_obviousness": 0.04558896007885658,
            "_thrs_weight": 0.0,
            "_thrs_complexity": 0.0,
            "_thrs_surprisingness": 0.5,
            "_thrs_intensity": 0.0,
            "_thrs_interestingness": 0.10911779201577132,
            "_thrs_logistic_regression": 0.9691226860109889,
            "_thrs_random_forest": 0.915
        },
        {
            "expression": "\u22a2 ( \ud835\udf11 \u2192 ( \ud835\udf13 \u2192 \ud835\udf12 ) )",
            "prop_expression": "( \ud835\udf11 \u2192 ( \ud835\udf13 \u2194 \ud835\udf12 ) ) \u22a2 ( \ud835\udf11 \u2192 ( \ud835\udf13 \u2192 \ud835\udf12 ) )",
            "step": 6,
            "theorem": "biimpd",
            "ground_truth": "biimpd \u22a2 ( \ud835\udf11 \u2192 ( \ud835\udf13 \u2192 \ud835\udf12 ) )",
            "ground_truth_display": false,
            "statement_depth": 0,
            "_thrs_random_uniform": 0.6721004250886347,
            "_thrs_reconstruct": 0.04316245285654421,
            "_thrs_obviousness": 0.0381961557417447,
            "_thrs_weight": 1.0,
            "_thrs_complexity": 1.0,
            "_thrs_surprisingness": 0.5,
            "_thrs_intensity": 0.16666666666666663,
            "_thrs_interestingness": 0.5409725644816823,
            "_thrs_logistic_regression": 0.5544781109600576,
            "_thrs_random_forest": 0.71
        },
        {
            "expression": "\u22a2 ( \ud835\udf11 \u2192 ( \ud835\udf13 \u2194 \ud835\udf12 ) )",
            "prop_expression": " \u22a2 ( \ud835\udf11 \u2192 ( \ud835\udf13 \u2194 \ud835\udf12 ) )",
            "step": 7,
            "theorem": "imbid.1",
            "ground_truth": "imbid.1 \u22a2 ( \ud835\udf11 \u2192 ( \ud835\udf13 \u2194 \ud835\udf12 ) )",
            "ground_truth_display": false,
            "statement_depth": 0,
            "_thrs_random_uniform": 0.28256663199412624,
            "_thrs_reconstruct": 0.0,
            "_thrs_obviousness": 0.0,
            "_thrs_weight": 1.0,
            "_thrs_complexity": 1.0,
            "_thrs_surprisingness": 0.5,
            "_thrs_intensity": 0.16666666666666663,
            "_thrs_interestingness": 0.5333333333333333,
            "_thrs_logistic_regression": 0.5552856298634226,
            "_thrs_random_forest": 0.93
        }
    ]
}