{
    "theorem": "inf1",
    "hyps": [
        [
            1,
            2
        ],
        [
            1,
            3
        ],
        [
            3,
            4
        ],
        [
            4,
            5
        ]
    ],
    "expression": "\u2203 x ( x \u2260 \u2205 \u2227 \u2200 y ( y \u2208 x \u2192 \u2203 z ( y \u2208 z \u2227 z \u2208 x ) ) )",
    "steps": [
        {
            "expression": "\u22a2 \u2203 x ( x \u2260 \u2205 \u2227 \u2200 y ( y \u2208 x \u2192 \u2203 z ( y \u2208 z \u2227 z \u2208 x ) ) )",
            "prop_expression": "\ud835\udf11, ( \ud835\udf11 \u2192 \ud835\udf13 ) \u22a2 \ud835\udf13",
            "step": 1,
            "theorem": "ax-mp",
            "ground_truth": "ax-mp \u22a2 \u2203 x ( x \u2260 \u2205 \u2227 \u2200 y ( y \u2208 x \u2192 \u2203 z ( y \u2208 z \u2227 z \u2208 x ) ) )",
            "ground_truth_display": false,
            "statement_depth": 0,
            "_thrs_random_uniform": 0.71834,
            "_thrs_reconstruct": 0.0,
            "_thrs_obviousness": 1.0,
            "_thrs_weight": 0.625,
            "_thrs_complexity": 0.0,
            "_thrs_surprisingness": 1.0,
            "_thrs_intensity": 1.0,
            "_thrs_interestingness": 0.725,
            "_thrs_logistic_regression": 0.99983,
            "_thrs_random_forest": 0.965
        },
        {
            "expression": "\u22a2 \u2203 x ( y \u2208 x \u2227 \u2200 y ( y \u2208 x \u2192 \u2203 z ( y \u2208 z \u2227 z \u2208 x ) ) )",
            "prop_expression": " \u22a2 \u2203 x ( y \u2208 x \u2227 \u2200 y ( y \u2208 x \u2192 \u2203 z ( y \u2208 z \u2227 z \u2208 x ) ) )",
            "step": 2,
            "theorem": "inf1.1",
            "ground_truth": "inf1.1 \u22a2 \u2203 x ( y \u2208 x \u2227 \u2200 y ( y \u2208 x \u2192 \u2203 z ( y \u2208 z \u2227 z \u2208 x ) ) )",
            "ground_truth_display": false,
            "statement_depth": 0,
            "_thrs_random_uniform": 0.07891,
            "_thrs_reconstruct": 0.0,
            "_thrs_obviousness": 0.0,
            "_thrs_weight": 0.58333,
            "_thrs_complexity": 1.0,
            "_thrs_surprisingness": 0.0,
            "_thrs_intensity": 0.01209,
            "_thrs_interestingness": 0.31908,
            "_thrs_logistic_regression": 0.41771,
            "_thrs_random_forest": 0.69
        },
        {
            "expression": "\u22a2 ( \u2203 x ( y \u2208 x \u2227 \u2200 y ( y \u2208 x \u2192 \u2203 z ( y \u2208 z \u2227 z \u2208 x ) ) ) \u2192 \u2203 x ( x \u2260 \u2205 \u2227 \u2200 y ( y \u2208 x \u2192 \u2203 z ( y \u2208 z \u2227 z \u2208 x ) ) ) )",
            "prop_expression": "( \ud835\udf11 \u2192 \ud835\udf13 ) \u22a2 ( \u2203 x \ud835\udf11 \u2192 \u2203 x \ud835\udf13 )",
            "step": 3,
            "theorem": "eximi",
            "ground_truth": "eximi \u22a2 ( \u2203 x ( y \u2208 x \u2227 \u2200 y ( y \u2208 x \u2192 \u2203 z ( y \u2208 z \u2227 z \u2208 x ) ) ) \u2192 \u2203 x ( x \u2260 \u2205 \u2227 \u2200 y ( y \u2208 x \u2192 \u2203 z ( y \u2208 z \u2227 z \u2208 x ) ) ) )",
            "ground_truth_display": false,
            "statement_depth": 0,
            "_thrs_random_uniform": 0.56228,
            "_thrs_reconstruct": 2e-05,
            "_thrs_obviousness": 1.0,
            "_thrs_weight": 0.0,
            "_thrs_complexity": 0.0,
            "_thrs_surprisingness": 1.0,
            "_thrs_intensity": 0.24028,
            "_thrs_interestingness": 0.44806,
            "_thrs_logistic_regression": 0.98173,
            "_thrs_random_forest": 0.77
        },
        {
            "expression": "\u22a2 ( ( y \u2208 x \u2227 \u2200 y ( y \u2208 x \u2192 \u2203 z ( y \u2208 z \u2227 z \u2208 x ) ) ) \u2192 ( x \u2260 \u2205 \u2227 \u2200 y ( y \u2208 x \u2192 \u2203 z ( y \u2208 z \u2227 z \u2208 x ) ) ) )",
            "prop_expression": "( \ud835\udf11 \u2192 \ud835\udf13 ) \u22a2 ( ( \ud835\udf11 \u2227 \ud835\udf12 ) \u2192 ( \ud835\udf13 \u2227 \ud835\udf12 ) )",
            "step": 4,
            "theorem": "anim1i",
            "ground_truth": "anim1i \u22a2 ( ( y \u2208 x \u2227 \u2200 y ( y \u2208 x \u2192 \u2203 z ( y \u2208 z \u2227 z \u2208 x ) ) ) \u2192 ( x \u2260 \u2205 \u2227 \u2200 y ( y \u2208 x \u2192 \u2203 z ( y \u2208 z \u2227 z \u2208 x ) ) ) )",
            "ground_truth_display": false,
            "statement_depth": 0,
            "_thrs_random_uniform": 0.00452,
            "_thrs_reconstruct": 0.0,
            "_thrs_obviousness": 0.99998,
            "_thrs_weight": 0.08333,
            "_thrs_complexity": 0.0,
            "_thrs_surprisingness": 1.0,
            "_thrs_intensity": 0.0,
            "_thrs_interestingness": 0.41666,
            "_thrs_logistic_regression": 0.94086,
            "_thrs_random_forest": 0.61
        },
        {
            "expression": "\u22a2 ( y \u2208 x \u2192 x \u2260 \u2205 )",
            "prop_expression": " \u22a2 ( B \u2208 A \u2192 A \u2260 \u2205 )",
            "step": 5,
            "theorem": "ne0i",
            "ground_truth": "ne0i \u22a2 ( y \u2208 x \u2192 x \u2260 \u2205 )",
            "ground_truth_display": false,
            "statement_depth": 0,
            "_thrs_random_uniform": 0.51934,
            "_thrs_reconstruct": 1.0,
            "_thrs_obviousness": 0.99998,
            "_thrs_weight": 1.0,
            "_thrs_complexity": 1.0,
            "_thrs_surprisingness": 1.0,
            "_thrs_intensity": 0.19527,
            "_thrs_interestingness": 0.83905,
            "_thrs_logistic_regression": 0.40458,
            "_thrs_random_forest": 0.78
        }
    ]
}