{
    "theorem": "infn0",
    "hyps": [
        [
            1,
            2
        ],
        [
            1,
            5
        ],
        [
            2,
            3
        ],
        [
            2,
            4
        ],
        [
            5,
            6
        ],
        [
            5,
            8
        ],
        [
            6,
            7
        ]
    ],
    "expression": "( _om \u227a_ A \u2192 A \u2260 \u2205 )",
    "steps": [
        {
            "expression": "\u22a2 ( _om \u227a_ A \u2192 A \u2260 \u2205 )",
            "prop_expression": "( \ud835\udf11 \u2192 \ud835\udf13 ), ( \ud835\udf11 \u2192 ( \ud835\udf13 \u2194 \ud835\udf12 ) ) \u22a2 ( \ud835\udf11 \u2192 \ud835\udf12 )",
            "step": 1,
            "theorem": "mpbid",
            "ground_truth": "mpbid \u22a2 ( _om \u227a_ A \u2192 A \u2260 \u2205 )",
            "ground_truth_display": false,
            "statement_depth": 0,
            "_thrs_random_uniform": 0.025171807135465962,
            "_thrs_reconstruct": 6.947463820547216e-16,
            "_thrs_obviousness": 1.0,
            "_thrs_weight": 0.5714285714285714,
            "_thrs_complexity": 0.5,
            "_thrs_surprisingness": 0.4605263157894737,
            "_thrs_intensity": 1.0,
            "_thrs_interestingness": 0.7063909774436089,
            "_thrs_logistic_regression": 0.9989074925141922,
            "_thrs_random_forest": 0.9
        },
        {
            "expression": "\u22a2 ( _om \u227a_ A \u2192 \u2205 \u227a A )",
            "prop_expression": "\ud835\udf13, ( ( \ud835\udf11 \u2227 \ud835\udf13 ) \u2192 \ud835\udf12 ) \u22a2 ( \ud835\udf11 \u2192 \ud835\udf12 )",
            "step": 2,
            "theorem": "mpan2",
            "ground_truth": "mpan2 \u22a2 ( _om \u227a_ A \u2192 \u2205 \u227a A )",
            "ground_truth_display": false,
            "statement_depth": 0,
            "_thrs_random_uniform": 0.5147128797359102,
            "_thrs_reconstruct": 7.863265869619349e-15,
            "_thrs_obviousness": 0.9900977504371473,
            "_thrs_weight": 0.4285714285714286,
            "_thrs_complexity": 0.25,
            "_thrs_surprisingness": 0.7236842105263159,
            "_thrs_intensity": 0.6449948400412798,
            "_thrs_interestingness": 0.6074696459152343,
            "_thrs_logistic_regression": 0.9966020131081293,
            "_thrs_random_forest": 0.96
        },
        {
            "expression": "\u22a2 \u2205 \u2208 _om",
            "prop_expression": " \u22a2 \u2205 \u2208 _om",
            "step": 3,
            "theorem": "peano1",
            "ground_truth": "peano1 \u22a2 \u2205 \u2208 _om",
            "ground_truth_display": false,
            "statement_depth": 0,
            "_thrs_random_uniform": 0.35473902088807663,
            "_thrs_reconstruct": 0.054188695998676734,
            "_thrs_obviousness": 0.05088564889744717,
            "_thrs_weight": 0.8571428571428572,
            "_thrs_complexity": 0.75,
            "_thrs_surprisingness": 0.02631578947368422,
            "_thrs_intensity": 0.23219814241486073,
            "_thrs_interestingness": 0.38330848758576985,
            "_thrs_logistic_regression": 0.9126896737828506,
            "_thrs_random_forest": 0.875
        },
        {
            "expression": "\u22a2 ( ( _om \u227a_ A \u2227 \u2205 \u2208 _om ) \u2192 \u2205 \u227a A )",
            "prop_expression": " \u22a2 ( ( _om \u227a_ A \u2227 B \u2208 _om ) \u2192 B \u227a A )",
            "step": 4,
            "theorem": "infsdomnn",
            "ground_truth": "infsdomnn \u22a2 ( ( _om \u227a_ A \u2227 \u2205 \u2208 _om ) \u2192 \u2205 \u227a A )",
            "ground_truth_display": false,
            "statement_depth": 0,
            "_thrs_random_uniform": 0.09296101584596328,
            "_thrs_reconstruct": 1.0,
            "_thrs_obviousness": 0.9392030713885272,
            "_thrs_weight": 0.0,
            "_thrs_complexity": 0.0,
            "_thrs_surprisingness": 1.0,
            "_thrs_intensity": 0.025799793601651168,
            "_thrs_interestingness": 0.39300057299803565,
            "_thrs_logistic_regression": 0.9443732865339436,
            "_thrs_random_forest": 0.855
        },
        {
            "expression": "\u22a2 ( _om \u227a_ A \u2192 ( \u2205 \u227a A \u2194 A \u2260 \u2205 ) )",
            "prop_expression": "( \ud835\udf11 \u2192 \ud835\udf13 ), ( \ud835\udf13 \u2192 \ud835\udf12 ) \u22a2 ( \ud835\udf11 \u2192 \ud835\udf12 )",
            "step": 5,
            "theorem": "syl",
            "ground_truth": "syl \u22a2 ( _om \u227a_ A \u2192 ( \u2205 \u227a A \u2194 A \u2260 \u2205 ) )",
            "ground_truth_display": false,
            "statement_depth": 0,
            "_thrs_random_uniform": 0.6784125312451534,
            "_thrs_reconstruct": 0.0,
            "_thrs_obviousness": 0.009893219411686478,
            "_thrs_weight": 0.1428571428571429,
            "_thrs_complexity": 0.25,
            "_thrs_surprisingness": 0.7236842105263159,
            "_thrs_intensity": 0.3869969040247679,
            "_thrs_interestingness": 0.3026862953639826,
            "_thrs_logistic_regression": 0.983705538714082,
            "_thrs_random_forest": 0.915
        },
        {
            "expression": "\u22a2 ( _om \u227a_ A \u2192 A \u2208 V )",
            "prop_expression": "Rel R \u22a2 ( A R B \u2192 B \u2208 V )",
            "step": 6,
            "theorem": "brrelex2i",
            "ground_truth": "brrelex2i \u22a2 ( _om \u227a_ A \u2192 A \u2208 V )",
            "ground_truth_display": false,
            "statement_depth": 0,
            "_thrs_random_uniform": 0.10180490487505023,
            "_thrs_reconstruct": 9.610509540278644e-06,
            "_thrs_obviousness": 9.026306862202965e-06,
            "_thrs_weight": 0.4285714285714286,
            "_thrs_complexity": 0.25,
            "_thrs_surprisingness": 0.6447368421052632,
            "_thrs_intensity": 0.12899896800825597,
            "_thrs_interestingness": 0.290463252998362,
            "_thrs_logistic_regression": 0.9564243425232452,
            "_thrs_random_forest": 0.665
        },
        {
            "expression": "\u22a2 Rel \u227a_",
            "prop_expression": " \u22a2 Rel \u227a_",
            "step": 7,
            "theorem": "reldom",
            "ground_truth": "reldom \u22a2 Rel \u227a_",
            "ground_truth_display": false,
            "statement_depth": 0,
            "_thrs_random_uniform": 0.8574572806969951,
            "_thrs_reconstruct": 9.614602655497024e-06,
            "_thrs_obviousness": 0.0,
            "_thrs_weight": 1.0,
            "_thrs_complexity": 1.0,
            "_thrs_surprisingness": 0.0,
            "_thrs_intensity": 0.23219814241486073,
            "_thrs_interestingness": 0.44643962848297214,
            "_thrs_logistic_regression": 0.7777954163345755,
            "_thrs_random_forest": 0.87375
        },
        {
            "expression": "\u22a2 ( A \u2208 V \u2192 ( \u2205 \u227a A \u2194 A \u2260 \u2205 ) )",
            "prop_expression": " \u22a2 ( A \u2208 V \u2192 ( \u2205 \u227a A \u2194 A \u2260 \u2205 ) )",
            "step": 8,
            "theorem": "0sdomg",
            "ground_truth": "0sdomg \u22a2 ( A \u2208 V \u2192 ( \u2205 \u227a A \u2194 A \u2260 \u2205 ) )",
            "ground_truth_display": false,
            "statement_depth": 0,
            "_thrs_random_uniform": 0.7293443252342064,
            "_thrs_reconstruct": 0.01052392009070225,
            "_thrs_obviousness": 0.009875162953658716,
            "_thrs_weight": 0.1428571428571429,
            "_thrs_complexity": 0.25,
            "_thrs_surprisingness": 0.5000000000000001,
            "_thrs_intensity": 0.0,
            "_thrs_interestingness": 0.18054646116216036,
            "_thrs_logistic_regression": 0.9101415972086455,
            "_thrs_random_forest": 0.605
        }
    ]
}