{
    "theorem": "intex",
    "hyps": [
        [
            1,
            2
        ],
        [
            1,
            9
        ],
        [
            2,
            3
        ],
        [
            2,
            4
        ],
        [
            4,
            5
        ],
        [
            5,
            6
        ],
        [
            5,
            7
        ],
        [
            7,
            8
        ],
        [
            9,
            10
        ],
        [
            10,
            11
        ],
        [
            10,
            12
        ],
        [
            12,
            13
        ],
        [
            13,
            14
        ],
        [
            13,
            15
        ]
    ],
    "expression": "( A \u2260 \u2205 \u2194 \u2229 A \u2208 V )",
    "steps": [
        {
            "expression": "\u22a2 ( A \u2260 \u2205 \u2194 \u2229 A \u2208 V )",
            "prop_expression": "( \ud835\udf11 \u2192 \ud835\udf13 ), ( \ud835\udf13 \u2192 \ud835\udf11 ) \u22a2 ( \ud835\udf11 \u2194 \ud835\udf13 )",
            "step": 1,
            "theorem": "impbii",
            "ground_truth": "impbii \u22a2 ( A \u2260 \u2205 \u2194 \u2229 A \u2208 V )",
            "ground_truth_display": false,
            "statement_depth": 0,
            "_thrs_random_uniform": 0.773107968844965,
            "_thrs_reconstruct": 3.3810525805824895e-08,
            "_thrs_obviousness": 1.0,
            "_thrs_weight": 0.5,
            "_thrs_complexity": 0.25,
            "_thrs_surprisingness": 1.0,
            "_thrs_intensity": 1.0,
            "_thrs_interestingness": 0.75,
            "_thrs_logistic_regression": 0.9993179182343059,
            "_thrs_random_forest": 0.955
        },
        {
            "expression": "\u22a2 ( A \u2260 \u2205 \u2192 \u2229 A \u2208 V )",
            "prop_expression": "( \ud835\udf11 \u2194 \ud835\udf13 ), ( \ud835\udf13 \u2192 \ud835\udf12 ) \u22a2 ( \ud835\udf11 \u2192 \ud835\udf12 )",
            "step": 2,
            "theorem": "sylbi",
            "ground_truth": "sylbi \u22a2 ( A \u2260 \u2205 \u2192 \u2229 A \u2208 V )",
            "ground_truth_display": false,
            "statement_depth": 0,
            "_thrs_random_uniform": 0.6844470017583398,
            "_thrs_reconstruct": 2.1028497757281337e-08,
            "_thrs_obviousness": 0.7346696400560913,
            "_thrs_weight": 0.5,
            "_thrs_complexity": 0.25,
            "_thrs_surprisingness": 1.0,
            "_thrs_intensity": 0.9629629629629631,
            "_thrs_interestingness": 0.6895265206038108,
            "_thrs_logistic_regression": 0.9991858491569948,
            "_thrs_random_forest": 0.985
        },
        {
            "expression": "\u22a2 ( A \u2260 \u2205 \u2194 \u2203 x x \u2208 A )",
            "prop_expression": " \u22a2 ( A \u2260 \u2205 \u2194 \u2203 x x \u2208 A )",
            "step": 3,
            "theorem": "n0",
            "ground_truth": "n0 \u22a2 ( A \u2260 \u2205 \u2194 \u2203 x x \u2208 A )",
            "ground_truth_display": false,
            "statement_depth": 0,
            "_thrs_random_uniform": 0.6399815706221541,
            "_thrs_reconstruct": 0.6665640122523256,
            "_thrs_obviousness": 0.22601249357361286,
            "_thrs_weight": 0.5,
            "_thrs_complexity": 0.5,
            "_thrs_surprisingness": 0.24844720496894415,
            "_thrs_intensity": 0.11111111111111109,
            "_thrs_interestingness": 0.31711416193073366,
            "_thrs_logistic_regression": 0.9094890600451632,
            "_thrs_random_forest": 0.765
        },
        {
            "expression": "\u22a2 ( \u2203 x x \u2208 A \u2192 \u2229 A \u2208 V )",
            "prop_expression": "( \ud835\udf11 \u2192 \ud835\udf13 ) \u22a2 ( \u2203 x \ud835\udf11 \u2192 \ud835\udf13 )",
            "step": 4,
            "theorem": "exlimiv",
            "ground_truth": "exlimiv \u22a2 ( \u2203 x x \u2208 A \u2192 \u2229 A \u2208 V )",
            "ground_truth_display": false,
            "statement_depth": 0,
            "_thrs_random_uniform": 0.2310964527929179,
            "_thrs_reconstruct": 1.546096245400793e-05,
            "_thrs_obviousness": 0.5086359843289753,
            "_thrs_weight": 0.16666666666666663,
            "_thrs_complexity": 0.25,
            "_thrs_surprisingness": 0.5093167701863355,
            "_thrs_intensity": 0.24999999999999992,
            "_thrs_interestingness": 0.33692388423639547,
            "_thrs_logistic_regression": 0.974210995449997,
            "_thrs_random_forest": 0.785
        },
        {
            "expression": "\u22a2 ( x \u2208 A \u2192 \u2229 A \u2208 V )",
            "prop_expression": "( \ud835\udf11 \u2192 \ud835\udf13 ), ( \ud835\udf13 \u2192 \ud835\udf12 ) \u22a2 ( \ud835\udf11 \u2192 \ud835\udf12 )",
            "step": 5,
            "theorem": "syl",
            "ground_truth": "syl \u22a2 ( x \u2208 A \u2192 \u2229 A \u2208 V )",
            "ground_truth_display": false,
            "statement_depth": 0,
            "_thrs_random_uniform": 0.09402846758148709,
            "_thrs_reconstruct": 0.0,
            "_thrs_obviousness": 0.5086307413585294,
            "_thrs_weight": 0.33333333333333337,
            "_thrs_complexity": 0.25,
            "_thrs_surprisingness": 0.5093167701863355,
            "_thrs_intensity": 0.8571428571428572,
            "_thrs_interestingness": 0.49168474040421106,
            "_thrs_logistic_regression": 0.9991475817751263,
            "_thrs_random_forest": 0.815
        },
        {
            "expression": "\u22a2 ( x \u2208 A \u2192 \u2229 A \u2286 x )",
            "prop_expression": " \u22a2 ( A \u2208 B \u2192 \u2229 B \u2286 A )",
            "step": 6,
            "theorem": "intss1",
            "ground_truth": "intss1 \u22a2 ( x \u2208 A \u2192 \u2229 A \u2286 x )",
            "ground_truth_display": false,
            "statement_depth": 0,
            "_thrs_random_uniform": 0.5616866661523837,
            "_thrs_reconstruct": 0.4999313152568768,
            "_thrs_obviousness": 0.16950689809265918,
            "_thrs_weight": 0.33333333333333337,
            "_thrs_complexity": 0.25,
            "_thrs_surprisingness": 0.6366459627329193,
            "_thrs_intensity": 0.14285714285714288,
            "_thrs_interestingness": 0.30646866740321094,
            "_thrs_logistic_regression": 0.9555997940677213,
            "_thrs_random_forest": 0.74
        },
        {
            "expression": "\u22a2 ( \u2229 A \u2286 x \u2192 \u2229 A \u2208 V )",
            "prop_expression": "B \u2208 V \u22a2 ( A \u2286 B \u2192 A \u2208 V )",
            "step": 7,
            "theorem": "ssex",
            "ground_truth": "ssex \u22a2 ( \u2229 A \u2286 x \u2192 \u2229 A \u2208 V )",
            "ground_truth_display": false,
            "statement_depth": 0,
            "_thrs_random_uniform": 0.007137045216611959,
            "_thrs_reconstruct": 1.0,
            "_thrs_obviousness": 0.3391026882431872,
            "_thrs_weight": 0.16666666666666663,
            "_thrs_complexity": 0.0,
            "_thrs_surprisingness": 0.8975155279503108,
            "_thrs_intensity": 0.16666666666666666,
            "_thrs_interestingness": 0.3139903099053663,
            "_thrs_logistic_regression": 0.9809426932345348,
            "_thrs_random_forest": 0.69
        },
        {
            "expression": "\u22a2 x \u2208 V",
            "prop_expression": " \u22a2 x \u2208 V",
            "step": 8,
            "theorem": "vex",
            "ground_truth": "vex \u22a2 x \u2208 V",
            "ground_truth_display": false,
            "statement_depth": 0,
            "_thrs_random_uniform": 0.8581839769994999,
            "_thrs_reconstruct": 6.23846120671822e-05,
            "_thrs_obviousness": 0.0,
            "_thrs_weight": 1.0,
            "_thrs_complexity": 0.75,
            "_thrs_surprisingness": 0.0,