{
    "theorem": "iota5",
    "hyps": [
        [
            1,
            2
        ],
        [
            1,
            4
        ],
        [
            2,
            3
        ],
        [
            4,
            5
        ],
        [
            5,
            6
        ],
        [
            5,
            11
        ],
        [
            6,
            7
        ],
        [
            6,
            10
        ],
        [
            7,
            8
        ],
        [
            8,
            9
        ]
    ],
    "expression": "( ( \ud835\udf11 \u2227 A \u2208 V ) \u2192 ( io\ud835\udf0f x \ud835\udf13 ) = A )",
    "steps": [
        {
            "expression": "\u22a2 ( ( \ud835\udf11 \u2227 A \u2208 V ) \u2192 ( io\ud835\udf0f x \ud835\udf13 ) = A )",
            "prop_expression": "( \ud835\udf11 \u2192 \ud835\udf13 ), ( \ud835\udf11 \u2192 ( \ud835\udf13 \u2192 \ud835\udf12 ) ) \u22a2 ( \ud835\udf11 \u2192 \ud835\udf12 )",
            "step": 1,
            "theorem": "mpd",
            "ground_truth": "mpd \u22a2 ( ( \ud835\udf11 \u2227 A \u2208 V ) \u2192 ( io\ud835\udf0f x \ud835\udf13 ) = A )",
            "ground_truth_display": false,
            "statement_depth": 0,
            "_thrs_random_uniform": 0.655972303320955,
            "_thrs_reconstruct": 4.752990181511555e-11,
            "_thrs_obviousness": 1.0,
            "_thrs_weight": 0.9,
            "_thrs_complexity": 0.0,
            "_thrs_surprisingness": 1.0,
            "_thrs_intensity": 0.9343065693430656,
            "_thrs_interestingness": 0.7668613138686131,
            "_thrs_logistic_regression": 0.9998135245246941,
            "_thrs_random_forest": 0.94
        },
        {
            "expression": "\u22a2 ( ( \ud835\udf11 \u2227 A \u2208 V ) \u2192 \u2200 x ( \ud835\udf13 \u2194 x = A ) )",
            "prop_expression": "( \ud835\udf11 \u2192 \ud835\udf13 ) \u22a2 ( \ud835\udf11 \u2192 \u2200 x \ud835\udf13 )",
            "step": 2,
            "theorem": "alrimiv",
            "ground_truth": "alrimiv \u22a2 ( ( \ud835\udf11 \u2227 A \u2208 V ) \u2192 \u2200 x ( \ud835\udf13 \u2194 x = A ) )",
            "ground_truth_display": false,
            "statement_depth": 0,
            "_thrs_random_uniform": 0.6735496208019806,
            "_thrs_reconstruct": 1.901196072604622e-10,
            "_thrs_obviousness": 2.022594661155087e-10,
            "_thrs_weight": 0.8,
            "_thrs_complexity": 0.0,
            "_thrs_surprisingness": 1.0,
            "_thrs_intensity": 0.18248175182481757,
            "_thrs_interestingness": 0.3964963504054154,
            "_thrs_logistic_regression": 0.9892351617680654,
            "_thrs_random_forest": 0.83
        },
        {
            "expression": "\u22a2 ( ( \ud835\udf11 \u2227 A \u2208 V ) \u2192 ( \ud835\udf13 \u2194 x = A ) )",
            "prop_expression": " \u22a2 ( ( \ud835\udf11 \u2227 A \u2208 V ) \u2192 ( \ud835\udf13 \u2194 x = A ) )",
            "step": 3,
            "theorem": "iota5.1",
            "ground_truth": "iota5.1 \u22a2 ( ( \ud835\udf11 \u2227 A \u2208 V ) \u2192 ( \ud835\udf13 \u2194 x = A ) )",
            "ground_truth_display": false,
            "statement_depth": 0,
            "_thrs_random_uniform": 0.3037974068672533,
            "_thrs_reconstruct": 0.0,
            "_thrs_obviousness": 0.0,
            "_thrs_weight": 0.9,
            "_thrs_complexity": 0.0,
            "_thrs_surprisingness": 1.0,
            "_thrs_intensity": 0.1751824817518248,
            "_thrs_interestingness": 0.4150364963503649,
            "_thrs_logistic_regression": 0.9898153475750647,
            "_thrs_random_forest": 0.965
        },
        {
            "expression": "\u22a2 ( ( \ud835\udf11 \u2227 A \u2208 V ) \u2192 ( \u2200 x ( \ud835\udf13 \u2194 x = A ) \u2192 ( io\ud835\udf0f x \ud835\udf13 ) = A ) )",
            "prop_expression": "( \ud835\udf11 \u2192 \ud835\udf13 ) \u22a2 ( ( \ud835\udf12 \u2227 \ud835\udf11 ) \u2192 \ud835\udf13 )",
            "step": 4,
            "theorem": "adantl",
            "ground_truth": "adantl \u22a2 ( ( \ud835\udf11 \u2227 A \u2208 V ) \u2192 ( \u2200 x ( \ud835\udf13 \u2194 x = A ) \u2192 ( io\ud835\udf0f x \ud835\udf13 ) = A ) )",
            "ground_truth_display": false,
            "statement_depth": 0,
            "_thrs_random_uniform": 0.7588419844048269,
            "_thrs_reconstruct": 1.1414305920899997e-07,
            "_thrs_obviousness": 0.9999999997078475,
            "_thrs_weight": 0.5,
            "_thrs_complexity": 0.0,
            "_thrs_surprisingness": 1.0,
            "_thrs_intensity": 0.2707365627073656,
            "_thrs_interestingness": 0.5541473124830426,
            "_thrs_logistic_regression": 0.9902926993289912,
            "_thrs_random_forest": 0.99
        },
        {
            "expression": "\u22a2 ( A \u2208 V \u2192 ( \u2200 x ( \ud835\udf13 \u2194 x = A ) \u2192 ( io\ud835\udf0f x \ud835\udf13 ) = A ) )",
            "prop_expression": "( x = A \u2192 ( \ud835\udf11 \u2194 \ud835\udf13 ) ), \ud835\udf11 \u22a2 ( A \u2208 V \u2192 \ud835\udf13 )",
            "step": 5,
            "theorem": "vtoclg",
            "ground_truth": "vtoclg \u22a2 ( A \u2208 V \u2192 ( \u2200 x ( \ud835\udf13 \u2194 x = A ) \u2192 ( io\ud835\udf0f x \ud835\udf13 ) = A ) )",
            "ground_truth_display": false,
            "statement_depth": 0,
            "_thrs_random_uniform": 0.4882930898502794,
            "_thrs_reconstruct": 0.057453633440834075,
            "_thrs_obviousness": 0.999999891746239,
            "_thrs_weight": 0.6,
            "_thrs_complexity": 0.33333333333333337,
            "_thrs_surprisingness": 0.7037037037037036,
            "_thrs_intensity": 1.0,
            "_thrs_interestingness": 0.7274073857566552,
            "_thrs_logistic_regression": 0.9993660691120532,
            "_thrs_random_forest": 0.975
        },
        {
            "expression": "\u22a2 ( y = A \u2192 ( ( \u2200 x ( \ud835\udf13 \u2194 x = y ) \u2192 ( io\ud835\udf0f x \ud835\udf13 ) = y ) \u2194 ( \u2200 x ( \ud835\udf13 \u2194 x = A ) \u2192 ( io\ud835\udf0f x \ud835\udf13 ) = A ) ) )",
            "prop_expression": "( \ud835\udf11 \u2192 ( \ud835\udf13 \u2194 \ud835\udf12 ) ), ( \ud835\udf11 \u2192 ( \ud835\udf03 \u2194 \ud835\udf0f ) ) \u22a2 ( \ud835\udf11 \u2192 ( ( \ud835\udf13 \u2192 \ud835\udf03 ) \u2194 ( \ud835\udf12 \u2192 \ud835\udf0f ) ) )",
            "step": 6,
            "theorem": "imbi12d",
            "ground_truth": "imbi12d \u22a2 ( y = A \u2192 ( ( \u2200 x ( \ud835\udf13 \u2194 x = y ) \u2192 ( io\ud835\udf0f x \ud835\udf13 ) = y ) \u2194 ( \u2200 x ( \ud835\udf13 \u2194 x = A ) \u2192 ( io\ud835\udf0f x \ud835\udf13 ) = A ) ) )",
            "ground_truth_display": false,
            "statement_depth": 0,
            "_thrs_random_uniform": 0.4805729585466929,
            "_thrs_reconstruct": 1.1147425522208125e-06,
            "_thrs_obviousness": 2.1168722929663284e-05,
            "_thrs_weight": 0.0,
            "_thrs_complexity": 0.6666666666666667,
            "_thrs_surprisingness": 0.11111111111111109,
            "_thrs_intensity": 0.2846715328467153,
            "_thrs_interestingness": 0.2124940958694846,
            "_thrs_logistic_regression": 0.8933574390906533,
            "_thrs_random_forest": 0.92
        },
        {
            "expression": "\u22a2 ( y = A \u2192 ( \u2200 x ( \ud835\udf13 \u2194 x = y ) \u2194 \u2200 x ( \ud835\udf13 \u2194 x = A ) ) )",
            "prop_expression": "( \ud835\udf11 \u2192 ( \ud835\udf13 \u2194 \ud835\udf12 ) ) \u22a2 ( \ud835\udf11 \u2192 ( \u2200 x \ud835\udf13 \u2194 \u2200 x \ud835\udf12 ) )",
            "step": 7,
            "theorem": "albidv",
            "ground_truth": "albidv \u22a2 ( y = A \u2192 ( \u2200 x ( \ud835\udf13 \u2194 x = y ) \u2194 \u2200 x ( \ud835\udf13 \u2194 x = A ) ) )",
            "ground_truth_display": false,
            "statement_depth": 0,