{
    "theorem": "issmo",
    "hyps": [
        [
            1,
            2
        ],
        [
            1,
            6
        ],
        [
            1,
            11
        ],
        [
            1,
            18
        ],
        [
            2,
            3
        ],
        [
            2,
            4
        ],
        [
            4,
            5
        ],
        [
            6,
            7
        ],
        [
            6,
            8
        ],
        [
            8,
            9
        ],
        [
            8,
            10
        ],
        [
            11,
            12
        ],
        [
            12,
            13
        ],
        [
            12,
            15
        ],
        [
            12,
            17
        ],
        [
            13,
            14
        ],
        [
            15,
            16
        ]
    ],
    "expression": "Smo A",
    "steps": [
        {
            "expression": "\u22a2 Smo A",
            "prop_expression": "\ud835\udf13, \ud835\udf12, \ud835\udf03, ( \ud835\udf11 \u2194 ( \ud835\udf13 \u2227 \ud835\udf12 \u2227 \ud835\udf03 ) ) \u22a2 \ud835\udf11",
            "step": 1,
            "theorem": "mpbir3an",
            "ground_truth": "mpbir3an \u22a2 Smo A",
            "ground_truth_display": false,
            "statement_depth": 0,
            "_thrs_random_uniform": 0.5355853514017741,
            "_thrs_reconstruct": 1.2213267538700363e-05,
            "_thrs_obviousness": 1.0,
            "_thrs_weight": 1.0,
            "_thrs_complexity": 1.0,
            "_thrs_surprisingness": 0.00557641971093661,
            "_thrs_intensity": 1.0,
            "_thrs_interestingness": 0.8011152839421873,
            "_thrs_logistic_regression": 0.9950456481175062,
            "_thrs_random_forest": 0.87
        },
        {
            "expression": "\u22a2 A : dom A -\u2192 On",
            "prop_expression": "\ud835\udf13, ( \ud835\udf11 \u2194 \ud835\udf13 ) \u22a2 \ud835\udf11",
            "step": 2,
            "theorem": "mpbir",
            "ground_truth": "mpbir \u22a2 A : dom A -\u2192 On",
            "ground_truth_display": false,
            "statement_depth": 0,
            "_thrs_random_uniform": 0.15375063616997497,
            "_thrs_reconstruct": 1.5874466171796985e-06,
            "_thrs_obviousness": 0.0006474597364174245,
            "_thrs_weight": 0.8846153846153846,
            "_thrs_complexity": 0.75,
            "_thrs_surprisingness": 0.15409127119608512,
            "_thrs_intensity": 0.34164305949008494,
            "_thrs_interestingness": 0.4261994350075944,
            "_thrs_logistic_regression": 0.9423991506671001,
            "_thrs_random_forest": 0.935
        },
        {
            "expression": "\u22a2 A : B -\u2192 On",
            "prop_expression": " \u22a2 A : B -\u2192 On",
            "step": 3,
            "theorem": "issmo.1",
            "ground_truth": "issmo.1 \u22a2 A : B -\u2192 On",
            "ground_truth_display": false,
            "statement_depth": 0,
            "_thrs_random_uniform": 0.4218341412998796,
            "_thrs_reconstruct": 0.0,
            "_thrs_obviousness": 0.0,
            "_thrs_weight": 0.9230769230769231,
            "_thrs_complexity": 0.75,
            "_thrs_surprisingness": 0.15613975190622512,
            "_thrs_intensity": 0.12747875354107646,
            "_thrs_interestingness": 0.39133908570484494,
            "_thrs_logistic_regression": 0.842014553880281,
            "_thrs_random_forest": 0.865
        },
        {
            "expression": "\u22a2 ( A : dom A -\u2192 On \u2194 A : B -\u2192 On )",
            "prop_expression": "A = B \u22a2 ( F : A -\u2192 C \u2194 F : B -\u2192 C )",
            "step": 4,
            "theorem": "feq2i",
            "ground_truth": "feq2i \u22a2 ( A : dom A -\u2192 On \u2194 A : B -\u2192 On )",
            "ground_truth_display": false,
            "statement_depth": 0,
            "_thrs_random_uniform": 0.3622211933910201,
            "_thrs_reconstruct": 0.0006541536591522657,
            "_thrs_obviousness": 0.0006458913940721263,
            "_thrs_weight": 0.7307692307692308,
            "_thrs_complexity": 0.625,
            "_thrs_surprisingness": 0.2942983953567771,
            "_thrs_intensity": 0.039345294302801384,
            "_thrs_interestingness": 0.3380117623645763,
            "_thrs_logistic_regression": 0.8118862574768937,
            "_thrs_random_forest": 0.505
        },
        {
            "expression": "\u22a2 dom A = B",
            "prop_expression": " \u22a2 dom A = B",
            "step": 5,
            "theorem": "issmo.4",
            "ground_truth": "issmo.4 \u22a2 dom A = B",
            "ground_truth_display": false,
            "statement_depth": 0,
            "_thrs_random_uniform": 0.0683174924384935,
            "_thrs_reconstruct": 0.0,
            "_thrs_obviousness": 0.0,
            "_thrs_weight": 0.9615384615384616,
            "_thrs_complexity": 0.875,
            "_thrs_surprisingness": 0.007966313872766584,
            "_thrs_intensity": 0.12747875354107646,
            "_thrs_interestingness": 0.39439670579046093,
            "_thrs_logistic_regression": 0.781685566229496,
            "_thrs_random_forest": 0.89
        },
        {
            "expression": "\u22a2 Ord dom A",
            "prop_expression": "\ud835\udf13, ( \ud835\udf11 \u2194 \ud835\udf13 ) \u22a2 \ud835\udf11",
            "step": 6,
            "theorem": "mpbir",
            "ground_truth": "mpbir \u22a2 Ord dom A",
            "ground_truth_display": false,
            "statement_depth": 0,
            "_thrs_random_uniform": 0.15187945906638678,
            "_thrs_reconstruct": 1.5874466171796985e-06,
            "_thrs_obviousness": 0.9873703801217718,
            "_thrs_weight": 0.9615384615384616,
            "_thrs_complexity": 0.875,
            "_thrs_surprisingness": 0.05530897917377944,
            "_thrs_intensity": 0.27620396600566566,
            "_thrs_interestingness": 0.6310843573679357,
            "_thrs_logistic_regression": 0.8731773878796439,
            "_thrs_random_forest": 0.9283333333333335
        },
        {
            "expression": "\u22a2 Ord B",
            "prop_expression": " \u22a2 Ord B",
            "step": 7,
            "theorem": "issmo.2",
            "ground_truth": "issmo.2 \u22a2 Ord B",
            "ground_truth_display": false,
            "statement_depth": 0,
            "_thrs_random_uniform": 0.7211501105818955,
            "_thrs_reconstruct": 0.0,
            "_thrs_obviousness": 0.0,
            "_thrs_weight": 1.0,
            "_thrs_complexity": 1.0,
            "_thrs_surprisingness": 0.0,
            "_thrs_intensity": 0.12747875354107646,
            "_thrs_interestingness": 0.4254957507082153,
            "_thrs_logistic_regression": 0.6654848149406538,
            "_thrs_random_forest": 0.9033333333333333
        },
        {
            "expression": "\u22a2 ( Ord dom A \u2194 Ord B )",
            "prop_expression": "\ud835\udf11, ( \ud835\udf11 \u2192 \ud835\udf13 ) \u22a2 \ud835\udf13",
            "step": 8,
            "theorem": "ax-mp",
            "ground_truth": "ax-mp \u22a2 ( Ord dom A \u2194 Ord B )",
            "ground_truth_display": false,
            "statement_depth": 0,
            "_thrs_random_uniform": 0.28229344905963993,
            "_thrs_reconstruct": 0.0,
            "_thrs_obviousness": 0.9873688117794265,
            "_thrs_weight": 0.8846153846153846,
            "_thrs_complexity": 0.75,
            "_thrs_surprisingness": 0.13815864345055195,
            "_thrs_intensity": 0.3654390934844192,
            "_thrs_interestingness": 0.6251163866659565,
            "_thrs_logistic_regression": 0.9458541522904835,
            "_thrs_random_forest": 0.86
        },
        {
            "expression": "\u22a2 dom A = B",
            "prop_expression": " \u22a2 dom A = B",
            "step": 9,