{
    "theorem": "iunpwss",
    "hyps": [
        [
            1,
            2
        ],
        [
            2,
            3
        ],
        [
            2,
            4
        ],
        [
            2,
            9
        ],
        [
            4,
            5
        ],
        [
            4,
            6
        ],
        [
            6,
            7
        ],
        [
            7,
            8
        ],
        [
            9,
            10
        ],
        [
            9,
            12
        ],
        [
            10,
            11
        ],
        [
            12,
            13
        ]
    ],
    "expression": "\u222a x \u2208 A \ud835\udcab x \u2286 \ud835\udcab U. A",
    "steps": [
        {
            "expression": "\u22a2 \u222a x \u2208 A \ud835\udcab x \u2286 \ud835\udcab U. A",
            "prop_expression": "( x \u2208 A \u2192 x \u2208 B ) \u22a2 A \u2286 B",
            "step": 1,
            "theorem": "ssriv",
            "ground_truth": "ssriv \u22a2 \u222a x \u2208 A \ud835\udcab x \u2286 \ud835\udcab U. A",
            "ground_truth_display": false,
            "statement_depth": 0,
            "_thrs_random_uniform": 0.08190772662659118,
            "_thrs_reconstruct": 0.002180610811339989,
            "_thrs_obviousness": 1.0,
            "_thrs_weight": 0.41666666666666663,
            "_thrs_complexity": 0.19999999999999996,
            "_thrs_surprisingness": 1.0,
            "_thrs_intensity": 0.4044943820224719,
            "_thrs_interestingness": 0.6042322097378277,
            "_thrs_logistic_regression": 0.985951746992493,
            "_thrs_random_forest": 0.9
        },
        {
            "expression": "\u22a2 ( y \u2208 \u222a x \u2208 A \ud835\udcab x \u2192 y \u2208 \ud835\udcab U. A )",
            "prop_expression": "( \ud835\udf11 \u2192 \ud835\udf13 ), ( \ud835\udf12 \u2194 \ud835\udf11 ), ( \ud835\udf03 \u2194 \ud835\udf13 ) \u22a2 ( \ud835\udf12 \u2192 \ud835\udf03 )",
            "step": 2,
            "theorem": "3imtr4i",
            "ground_truth": "3imtr4i \u22a2 ( y \u2208 \u222a x \u2208 A \ud835\udcab x \u2192 y \u2208 \ud835\udcab U. A )",
            "ground_truth_display": false,
            "statement_depth": 0,
            "_thrs_random_uniform": 0.5534765717233269,
            "_thrs_reconstruct": 0.0,
            "_thrs_obviousness": 0.9994540770691428,
            "_thrs_weight": 0.16666666666666663,
            "_thrs_complexity": 0.19999999999999996,
            "_thrs_surprisingness": 0.6767676767676767,
            "_thrs_intensity": 1.0,
            "_thrs_interestingness": 0.6085776841006971,
            "_thrs_logistic_regression": 0.999530643409501,
            "_thrs_random_forest": 0.945
        },
        {
            "expression": "\u22a2 ( \u2203 x \u2208 A y \u2286 x \u2192 y \u2286 \u222a x \u2208 A x )",
            "prop_expression": " \u22a2 ( \u2203 x \u2208 A C \u2286 B \u2192 C \u2286 \u222a x \u2208 A B )",
            "step": 3,
            "theorem": "ssiun",
            "ground_truth": "ssiun \u22a2 ( \u2203 x \u2208 A y \u2286 x \u2192 y \u2286 \u222a x \u2208 A x )",
            "ground_truth_display": false,
            "statement_depth": 0,
            "_thrs_random_uniform": 0.5857921158430331,
            "_thrs_reconstruct": 0.9882685659818362,
            "_thrs_obviousness": 0.2472868431825573,
            "_thrs_weight": 0.16666666666666663,
            "_thrs_complexity": 0.4,
            "_thrs_surprisingness": 0.3535353535353535,
            "_thrs_intensity": 0.027657735522904063,
            "_thrs_interestingness": 0.23902931978149627,
            "_thrs_logistic_regression": 0.8702507423983118,
            "_thrs_random_forest": 0.69
        },
        {
            "expression": "\u22a2 ( y \u2208 \u222a x \u2208 A \ud835\udcab x \u2194 \u2203 x \u2208 A y \u2286 x )",
            "prop_expression": "( \ud835\udf11 \u2194 \ud835\udf13 ), ( \ud835\udf13 \u2194 \ud835\udf12 ) \u22a2 ( \ud835\udf11 \u2194 \ud835\udf12 )",
            "step": 4,
            "theorem": "bitri",
            "ground_truth": "bitri \u22a2 ( y \u2208 \u222a x \u2208 A \ud835\udcab x \u2194 \u2203 x \u2208 A y \u2286 x )",
            "ground_truth_display": false,
            "statement_depth": 0,
            "_thrs_random_uniform": 0.28569006755133586,
            "_thrs_reconstruct": 8.345914075069589e-07,
            "_thrs_obviousness": 0.49643206687464664,
            "_thrs_weight": 0.08333333333333337,
            "_thrs_complexity": 0.19999999999999996,
            "_thrs_surprisingness": 0.6767676767676767,
            "_thrs_intensity": 0.7191011235955056,
            "_thrs_interestingness": 0.4351268401142324,
            "_thrs_logistic_regression": 0.9977879449879045,
            "_thrs_random_forest": 0.785
        },
        {
            "expression": "\u22a2 ( y \u2208 \u222a x \u2208 A \ud835\udcab x \u2194 \u2203 x \u2208 A y \u2208 \ud835\udcab x )",
            "prop_expression": " \u22a2 ( A \u2208 \u222a x \u2208 B C \u2194 \u2203 x \u2208 B A \u2208 C )",
            "step": 5,
            "theorem": "eliun",
            "ground_truth": "eliun \u22a2 ( y \u2208 \u222a x \u2208 A \ud835\udcab x \u2194 \u2203 x \u2208 A y \u2208 \ud835\udcab x )",
            "ground_truth_display": false,
            "statement_depth": 0,
            "_thrs_random_uniform": 0.8867544546068866,
            "_thrs_reconstruct": 0.983416084133312,
            "_thrs_obviousness": 0.24607241850862469,
            "_thrs_weight": 0.0,
            "_thrs_complexity": 0.4,
            "_thrs_surprisingness": 0.3535353535353535,
            "_thrs_intensity": 0.0,
            "_thrs_interestingness": 0.19992155440879564,
            "_thrs_logistic_regression": 0.8313314232283615,
            "_thrs_random_forest": 0.545
        },
        {
            "expression": "\u22a2 ( \u2203 x \u2208 A y \u2208 \ud835\udcab x \u2194 \u2203 x \u2208 A y \u2286 x )",
            "prop_expression": "( \ud835\udf11 \u2194 \ud835\udf13 ) \u22a2 ( \u2203 x \u2208 A \ud835\udf11 \u2194 \u2203 x \u2208 A \ud835\udf13 )",
            "step": 6,
            "theorem": "rexbii",
            "ground_truth": "rexbii \u22a2 ( \u2203 x \u2208 A y \u2208 \ud835\udcab x \u2194 \u2203 x \u2208 A y \u2286 x )",
            "ground_truth_display": false,
            "statement_depth": 0,
            "_thrs_random_uniform": 0.5460001517237468,
            "_thrs_reconstruct": 0.00017586482542480093,
            "_thrs_obviousness": 0.25031315386859226,
            "_thrs_weight": 0.16666666666666663,
            "_thrs_complexity": 0.4,
            "_thrs_surprisingness": 0.41414141414141414,
            "_thrs_intensity": 0.11063094209161625,
            "_thrs_interestingness": 0.2683504353536579,
            "_thrs_logistic_regression": 0.9062366545700011,
            "_thrs_random_forest": 0.635
        },
        {
            "expression": "\u22a2 ( y \u2208 \ud835\udcab x \u2194 y \u2286 x )",
            "prop_expression": "A \u2208 V \u22a2 ( A \u2208 \ud835\udcab B \u2194 A \u2286 B )",
            "step": 7,
            "theorem": "elpw",
            "ground_truth": "elpw \u22a2 ( y \u2208 \ud835\udcab x \u2194 y \u2286 x )",
            "ground_truth_display": false,
            "statement_depth": 0,
            "_thrs_random_uniform": 0.1747102791457994,
            "_thrs_reconstruct": 1.0,
            "_thrs_obviousness": 0.25026895625402934,
            "_thrs_weight": 0.6666666666666667,
            "_thrs_complexity": 0.6,
            "_thrs_surprisingness": 0.1515151515151515,
            "_thrs_intensity": 0.14125200642054575,
            "_thrs_interestingness": 0.3619405561712786,
            "_thrs_logistic_regression": 0.9046582337652583,
            "_thrs_random_forest": 0.825
        },
        {
            "expression": "\u22a2 y \u2208 V",
            "prop_expression": " \u22a2 x \u2208 V",
            "step": 8,