{
    "theorem": "ixpexg",
    "hyps": [
        [
            1,
            2
        ],
        [
            1,
            10
        ],
        [
            2,
            3
        ],
        [
            2,
            9
        ],
        [
            3,
            4
        ],
        [
            3,
            5
        ],
        [
            3,
            8
        ],
        [
            5,
            6
        ],
        [
            5,
            7
        ],
        [
            10,
            11
        ],
        [
            11,
            12
        ],
        [
            11,
            13
        ]
    ],
    "expression": "( \u2200 x \u2208 A B \u2208 V \u2192 X_ x \u2208 A B \u2208 V )",
    "steps": [
        {
            "expression": "\u22a2 ( \u2200 x \u2208 A B \u2208 V \u2192 X_ x \u2208 A B \u2208 V )",
            "prop_expression": "( ( \ud835\udf11 \u2227 \ud835\udf13 ) \u2192 \ud835\udf12 ), ( ( \u00ac \ud835\udf11 \u2227 \ud835\udf13 ) \u2192 \ud835\udf12 ) \u22a2 ( \ud835\udf13 \u2192 \ud835\udf12 )",
            "step": 1,
            "theorem": "pm2.61ian",
            "ground_truth": "pm2.61ian \u22a2 ( \u2200 x \u2208 A B \u2208 V \u2192 X_ x \u2208 A B \u2208 V )",
            "ground_truth_display": false,
            "statement_depth": 0,
            "_thrs_random_uniform": 0.53949,
            "_thrs_reconstruct": 0.0,
            "_thrs_obviousness": 1.0,
            "_thrs_weight": 0.64286,
            "_thrs_complexity": 0.42857,
            "_thrs_surprisingness": 0.30366,
            "_thrs_intensity": 0.90152,
            "_thrs_interestingness": 0.65532,
            "_thrs_logistic_regression": 0.99902,
            "_thrs_random_forest": 0.97
        },
        {
            "expression": "\u22a2 ( ( A \u2208 V \u2227 \u2200 x \u2208 A B \u2208 V ) \u2192 X_ x \u2208 A B \u2208 V )",
            "prop_expression": "( \ud835\udf11 \u2192 \ud835\udf13 ), ( \ud835\udf12 \u2194 \ud835\udf13 ) \u22a2 ( \ud835\udf11 \u2192 \ud835\udf12 )",
            "step": 2,
            "theorem": "sylibr",
            "ground_truth": "sylibr \u22a2 ( ( A \u2208 V \u2227 \u2200 x \u2208 A B \u2208 V ) \u2192 X_ x \u2208 A B \u2208 V )",
            "ground_truth_display": false,
            "statement_depth": 0,
            "_thrs_random_uniform": 0.49252,
            "_thrs_reconstruct": 0.0,
            "_thrs_obviousness": 0.99229,
            "_thrs_weight": 0.53571,
            "_thrs_complexity": 0.42857,
            "_thrs_surprisingness": 0.30366,
            "_thrs_intensity": 0.60162,
            "_thrs_interestingness": 0.57237,
            "_thrs_logistic_regression": 0.99457,
            "_thrs_random_forest": 0.94
        },
        {
            "expression": "\u22a2 ( ( A \u2208 V \u2227 \u2200 x \u2208 A B \u2208 V ) \u2192 U. X_ x \u2208 A B \u2208 V )",
            "prop_expression": "\ud835\udf13, ( \ud835\udf11 \u2192 \ud835\udf12 ), ( ( \ud835\udf13 \u2227 \ud835\udf12 ) \u2192 \ud835\udf03 ) \u22a2 ( \ud835\udf11 \u2192 \ud835\udf03 )",
            "step": 3,
            "theorem": "sylancr",
            "ground_truth": "sylancr \u22a2 ( ( A \u2208 V \u2227 \u2200 x \u2208 A B \u2208 V ) \u2192 U. X_ x \u2208 A B \u2208 V )",
            "ground_truth_display": false,
            "statement_depth": 0,
            "_thrs_random_uniform": 0.81514,
            "_thrs_reconstruct": 0.0,
            "_thrs_obviousness": 0.99227,
            "_thrs_weight": 0.5,
            "_thrs_complexity": 0.28571,
            "_thrs_surprisingness": 0.47478,
            "_thrs_intensity": 1.0,
            "_thrs_interestingness": 0.65055,
            "_thrs_logistic_regression": 0.9996,
            "_thrs_random_forest": 0.885
        },
        {
            "expression": "\u22a2 U. X_ x \u2208 A B \u2286 ( A \u00d7 \u222a x \u2208 A B )",
            "prop_expression": " \u22a2 U. X_ x \u2208 A B \u2286 ( A \u00d7 \u222a x \u2208 A B )",
            "step": 4,
            "theorem": "uniixp",
            "ground_truth": "uniixp \u22a2 U. X_ x \u2208 A B \u2286 ( A \u00d7 \u222a x \u2208 A B )",
            "ground_truth_display": false,
            "statement_depth": 0,
            "_thrs_random_uniform": 0.37744,
            "_thrs_reconstruct": 0.7313,
            "_thrs_obviousness": 0.41903,
            "_thrs_weight": 0.60714,
            "_thrs_complexity": 0.14286,
            "_thrs_surprisingness": 0.72044,
            "_thrs_intensity": 0.13499,
            "_thrs_interestingness": 0.40489,
            "_thrs_logistic_regression": 0.97581,
            "_thrs_random_forest": 0.83
        },
        {
            "expression": "\u22a2 ( ( A \u2208 V \u2227 \u2200 x \u2208 A B \u2208 V ) \u2192 ( A \u00d7 \u222a x \u2208 A B ) \u2208 V )",
            "prop_expression": "( ( \ud835\udf11 \u2227 \ud835\udf13 ) \u2192 \ud835\udf12 ), ( ( \ud835\udf11 \u2227 \ud835\udf12 ) \u2192 \ud835\udf03 ) \u22a2 ( ( \ud835\udf11 \u2227 \ud835\udf13 ) \u2192 \ud835\udf03 )",
            "step": 5,
            "theorem": "syldan",
            "ground_truth": "syldan \u22a2 ( ( A \u2208 V \u2227 \u2200 x \u2208 A B \u2208 V ) \u2192 ( A \u00d7 \u222a x \u2208 A B ) \u2208 V )",
            "ground_truth_display": false,
            "statement_depth": 0,
            "_thrs_random_uniform": 0.20158,
            "_thrs_reconstruct": 0.0,
            "_thrs_obviousness": 0.57322,
            "_thrs_weight": 0.46429,
            "_thrs_complexity": 0.28571,
            "_thrs_surprisingness": 0.52539,
            "_thrs_intensity": 0.68358,
            "_thrs_interestingness": 0.50644,
            "_thrs_logistic_regression": 0.99764,
            "_thrs_random_forest": 0.755
        },
        {
            "expression": "\u22a2 ( ( A \u2208 V \u2227 \u2200 x \u2208 A B \u2208 V ) \u2192 \u222a x \u2208 A B \u2208 V )",
            "prop_expression": " \u22a2 ( ( A \u2208 V \u2227 \u2200 x \u2208 A B \u2208 W ) \u2192 \u222a x \u2208 A B \u2208 V )",
            "step": 6,
            "theorem": "iunexg",
            "ground_truth": "iunexg \u22a2 ( ( A \u2208 V \u2227 \u2200 x \u2208 A B \u2208 V ) \u2192 \u222a x \u2208 A B \u2208 V )",
            "ground_truth_display": false,
            "statement_depth": 0,
            "_thrs_random_uniform": 0.98437,
            "_thrs_reconstruct": 1.0,
            "_thrs_obviousness": 0.573,
            "_thrs_weight": 0.53571,
            "_thrs_complexity": 0.42857,
            "_thrs_surprisingness": 0.35427,
            "_thrs_intensity": 0.04844,
            "_thrs_interestingness": 0.388,
            "_thrs_logistic_regression": 0.89964,
            "_thrs_random_forest": 0.705
        },
        {
            "expression": "\u22a2 ( ( A \u2208 V \u2227 \u222a x \u2208 A B \u2208 V ) \u2192 ( A \u00d7 \u222a x \u2208 A B ) \u2208 V )",
            "prop_expression": " \u22a2 ( ( A \u2208 V \u2227 B \u2208 W ) \u2192 ( A \u00d7 B ) \u2208 V )",
            "step": 7,
            "theorem": "xpexg",
            "ground_truth": "xpexg \u22a2 ( ( A \u2208 V \u2227 \u222a x \u2208 A B \u2208 V ) \u2192 ( A \u00d7 \u222a x \u2208 A B ) \u2208 V )",
            "ground_truth_display": false,
            "statement_depth": 0,
            "_thrs_random_uniform": 0.99148,
            "_thrs_reconstruct": 0.0004,
            "_thrs_obviousness": 0.00022,
            "_thrs_weight": 0.42857,
            "_thrs_complexity": 0.42857,
            "_thrs_surprisingness": 0.24823,
            "_thrs_intensity": 0.01932,
            "_thrs_interestingness": 0.22498,
            "_thrs_logistic_regression": 0.89346,
            "_thrs_random_forest": 0.65
        },
        {
            "expression": "\u22a2 ( ( U. X_ x \u2208 A B \u2286 ( A \u00d7 \u222a x \u2208 A B ) \u2227 ( A \u00d7 \u222a x \u2208 A B ) \u2208 V ) \u2192 U. X_ x \u2208 A B \u2208 V )",
            "prop_expression": " \u22a2 ( ( A \u2286 B \u2227 B \u2208 C ) \u2192 A \u2208 V )",