{
    "theorem": "ixpfi",
    "hyps": [
        [
            1,
            2
        ],
        [
            1,
            6
        ],
        [
            1,
            9
        ],
        [
            2,
            3
        ],
        [
            2,
            4
        ],
        [
            2,
            5
        ],
        [
            6,
            7
        ],
        [
            6,
            8
        ]
    ],
    "expression": "( ( A \u2208 Fin \u2227 \u2200 x \u2208 A B \u2208 Fin ) \u2192 X_ x \u2208 A B \u2208 Fin )",
    "steps": [
        {
            "expression": "\u22a2 ( ( A \u2208 Fin \u2227 \u2200 x \u2208 A B \u2208 Fin ) \u2192 X_ x \u2208 A B \u2208 Fin )",
            "prop_expression": "( \ud835\udf11 \u2192 \ud835\udf13 ), ( \ud835\udf11 \u2192 \ud835\udf12 ), ( ( \ud835\udf13 \u2227 \ud835\udf12 ) \u2192 \ud835\udf03 ) \u22a2 ( \ud835\udf11 \u2192 \ud835\udf03 )",
            "step": 1,
            "theorem": "syl2anc",
            "ground_truth": "syl2anc \u22a2 ( ( A \u2208 Fin \u2227 \u2200 x \u2208 A B \u2208 Fin ) \u2192 X_ x \u2208 A B \u2208 Fin )",
            "ground_truth_display": false,
            "statement_depth": 0,
            "_thrs_random_uniform": 0.50565,
            "_thrs_reconstruct": 0.0,
            "_thrs_obviousness": 1.0,
            "_thrs_weight": 0.76471,
            "_thrs_complexity": 0.75,
            "_thrs_surprisingness": 0.25974,
            "_thrs_intensity": 1.0,
            "_thrs_interestingness": 0.75489,
            "_thrs_logistic_regression": 0.99754,
            "_thrs_random_forest": 0.87
        },
        {
            "expression": "\u22a2 ( ( A \u2208 Fin \u2227 \u2200 x \u2208 A B \u2208 Fin ) \u2192 ( \u222a x \u2208 A B ^m A ) \u2208 Fin )",
            "prop_expression": "( \ud835\udf11 \u2192 \ud835\udf13 ), ( \ud835\udf11 \u2192 \ud835\udf12 ), ( ( \ud835\udf13 \u2227 \ud835\udf12 ) \u2192 \ud835\udf03 ) \u22a2 ( \ud835\udf11 \u2192 \ud835\udf03 )",
            "step": 2,
            "theorem": "syl2anc",
            "ground_truth": "syl2anc \u22a2 ( ( A \u2208 Fin \u2227 \u2200 x \u2208 A B \u2208 Fin ) \u2192 ( \u222a x \u2208 A B ^m A ) \u2208 Fin )",
            "ground_truth_display": false,
            "statement_depth": 0,
            "_thrs_random_uniform": 0.41406,
            "_thrs_reconstruct": 0.0,
            "_thrs_obviousness": 0.75038,
            "_thrs_weight": 0.64706,
            "_thrs_complexity": 0.5,
            "_thrs_surprisingness": 0.2987,
            "_thrs_intensity": 0.89711,
            "_thrs_interestingness": 0.61865,
            "_thrs_logistic_regression": 0.99861,
            "_thrs_random_forest": 0.88
        },
        {
            "expression": "\u22a2 ( ( A \u2208 Fin \u2227 \u2200 x \u2208 A B \u2208 Fin ) \u2192 \u222a x \u2208 A B \u2208 Fin )",
            "prop_expression": " \u22a2 ( ( A \u2208 Fin \u2227 \u2200 x \u2208 A B \u2208 Fin ) \u2192 \u222a x \u2208 A B \u2208 Fin )",
            "step": 3,
            "theorem": "iunfi",
            "ground_truth": "iunfi \u22a2 ( ( A \u2208 Fin \u2227 \u2200 x \u2208 A B \u2208 Fin ) \u2192 \u222a x \u2208 A B \u2208 Fin )",
            "ground_truth_display": false,
            "statement_depth": 0,
            "_thrs_random_uniform": 0.70979,
            "_thrs_reconstruct": 0.49803,
            "_thrs_obviousness": 0.24947,
            "_thrs_weight": 0.76471,
            "_thrs_complexity": 0.75,
            "_thrs_surprisingness": 0.06494,
            "_thrs_intensity": 0.02521,
            "_thrs_interestingness": 0.37086,
            "_thrs_logistic_regression": 0.74509,
            "_thrs_random_forest": 0.745
        },
        {
            "expression": "\u22a2 ( ( A \u2208 Fin \u2227 \u2200 x \u2208 A B \u2208 Fin ) \u2192 A \u2208 Fin )",
            "prop_expression": " \u22a2 ( ( \ud835\udf11 \u2227 \ud835\udf13 ) \u2192 \ud835\udf11 )",
            "step": 4,
            "theorem": "simpl",
            "ground_truth": "simpl \u22a2 ( ( A \u2208 Fin \u2227 \u2200 x \u2208 A B \u2208 Fin ) \u2192 A \u2208 Fin )",
            "ground_truth_display": false,
            "statement_depth": 0,
            "_thrs_random_uniform": 0.82324,
            "_thrs_reconstruct": 0.0,
            "_thrs_obviousness": 0.0,
            "_thrs_weight": 1.0,
            "_thrs_complexity": 1.0,
            "_thrs_surprisingness": 0.0,
            "_thrs_intensity": 0.04146,
            "_thrs_interestingness": 0.40829,
            "_thrs_logistic_regression": 0.55569,
            "_thrs_random_forest": 0.595
        },
        {
            "expression": "\u22a2 ( ( \u222a x \u2208 A B \u2208 Fin \u2227 A \u2208 Fin ) \u2192 ( \u222a x \u2208 A B ^m A ) \u2208 Fin )",
            "prop_expression": " \u22a2 ( ( A \u2208 Fin \u2227 B \u2208 Fin ) \u2192 ( A ^m B ) \u2208 Fin )",
            "step": 5,
            "theorem": "mapfi",
            "ground_truth": "mapfi \u22a2 ( ( \u222a x \u2208 A B \u2208 Fin \u2227 A \u2208 Fin ) \u2192 ( \u222a x \u2208 A B ^m A ) \u2208 Fin )",
            "ground_truth_display": false,
            "statement_depth": 0,
            "_thrs_random_uniform": 0.97045,
            "_thrs_reconstruct": 1.0,
            "_thrs_obviousness": 0.50091,
            "_thrs_weight": 0.58824,
            "_thrs_complexity": 0.5,
            "_thrs_surprisingness": 0.2987,
            "_thrs_intensity": 0.02264,
            "_thrs_interestingness": 0.3821,
            "_thrs_logistic_regression": 0.86088,
            "_thrs_random_forest": 0.76
        },
        {
            "expression": "\u22a2 ( ( A \u2208 Fin \u2227 \u2200 x \u2208 A B \u2208 Fin ) \u2192 X_ x \u2208 A B \u2286 ( \u222a x \u2208 A B ^m A ) )",
            "prop_expression": "( \ud835\udf11 \u2192 \ud835\udf13 ), ( \ud835\udf13 \u2192 \ud835\udf12 ) \u22a2 ( \ud835\udf11 \u2192 \ud835\udf12 )",
            "step": 6,
            "theorem": "syl",
            "ground_truth": "syl \u22a2 ( ( A \u2208 Fin \u2227 \u2200 x \u2208 A B \u2208 Fin ) \u2192 X_ x \u2208 A B \u2286 ( \u222a x \u2208 A B ^m A ) )",
            "ground_truth_display": false,
            "statement_depth": 0,
            "_thrs_random_uniform": 0.84689,
            "_thrs_reconstruct": 0.0,
            "_thrs_obviousness": 0.24947,
            "_thrs_weight": 0.41176,
            "_thrs_complexity": 0.0,
            "_thrs_surprisingness": 1.0,
            "_thrs_intensity": 0.51704,
            "_thrs_interestingness": 0.43565,
            "_thrs_logistic_regression": 0.99736,
            "_thrs_random_forest": 0.88
        },
        {
            "expression": "\u22a2 ( ( A \u2208 Fin \u2227 \u2200 x \u2208 A B \u2208 Fin ) \u2192 \u222a x \u2208 A B \u2208 Fin )",
            "prop_expression": " \u22a2 ( ( A \u2208 Fin \u2227 \u2200 x \u2208 A B \u2208 Fin ) \u2192 \u222a x \u2208 A B \u2208 Fin )",
            "step": 7,
            "theorem": "iunfi",
            "ground_truth": "iunfi \u22a2 ( ( A \u2208 Fin \u2227 \u2200 x \u2208 A B \u2208 Fin ) \u2192 \u222a x \u2208 A B \u2208 Fin )",
            "ground_truth_display": false,
            "statement_depth": 0,
            "_thrs_random_uniform": 0.85284,
            "_thrs_reconstruct": 0.49803,
            "_thrs_obviousness": 0.24947,
            "_thrs_weight": 0.76471,
            "_thrs_complexity": 0.75,
            "_thrs_surprisingness": 0.06494,
            "_thrs_intensity": 0.02521,
            "_thrs_interestingness": 0.37086,
            "_thrs_logistic_regression": 0.74509,
            "_thrs_random_forest": 0.57
        },
        {
            "expression": "\u22a2 ( \u222a x \u2208 A B \u2208 Fin \u2192 X_ x \u2208 A B \u2286 ( \u222a x \u2208 A B ^m A ) )",
            "prop_expression": " \u22a2 ( \u222a x \u2208 A B \u2208 V \u2192 X_ x \u2208 A B \u2286 ( \u222a x \u2208 A B ^m A ) )",
            "step": 8,
            "theorem": "ixpssmap2g",