{
    "theorem": "loolin",
    "hyps": [
        [
            1,
            2
        ],
        [
            1,
            3
        ]
    ],
    "expression": "( ( ( \ud835\udf11 \u2192 \ud835\udf13 ) \u2192 ( \ud835\udf13 \u2192 \ud835\udf11 ) ) \u2192 ( \ud835\udf13 \u2192 \ud835\udf11 ) )",
    "steps": [
        {
            "number": 170,
            "expression": "\u22a2 ( ( ( \ud835\udf11 \u2192 \ud835\udf13 ) \u2192 ( \ud835\udf13 \u2192 \ud835\udf11 ) ) \u2192 ( \ud835\udf13 \u2192 \ud835\udf11 ) )",
            "prop_expression": "( \u00ac \ud835\udf11 \u2192 \ud835\udf12 ), ( \ud835\udf13 \u2192 \ud835\udf12 ) \u22a2 ( ( \ud835\udf11 \u2192 \ud835\udf13 ) \u2192 \ud835\udf12 )",
            "step": 1,
            "theorem": "ja",
            "ground_truth": "ja \u22a2 ( ( ( \ud835\udf11 \u2192 \ud835\udf13 ) \u2192 ( \ud835\udf13 \u2192 \ud835\udf11 ) ) \u2192 ( \ud835\udf13 \u2192 \ud835\udf11 ) )",
            "ground_truth_display": false,
            "statement_depth": 0,
            "_thrs_random_uniform": 0.76144,
            "_thrs_reconstruct": 1.0,
            "_thrs_obviousness": 1.0,
            "_thrs_weight": 0.0,
            "_thrs_complexity": 0.5,
            "_thrs_surprisingness": 0.5,
            "_thrs_intensity": 1.0,
            "_thrs_interestingness": 0.6,
            "_thrs_logistic_regression": 0.99801,
            "_thrs_random_forest": 0.885
        },
        {
            "number": 170,
            "expression": "\u22a2 ( \u00ac ( \ud835\udf11 \u2192 \ud835\udf13 ) \u2192 ( \ud835\udf13 \u2192 \ud835\udf11 ) )",
            "prop_expression": " \u22a2 ( \u00ac ( \ud835\udf11 \u2192 \ud835\udf13 ) \u2192 ( \ud835\udf13 \u2192 \ud835\udf11 ) )",
            "step": 2,
            "theorem": "pm2.521",
            "ground_truth": "pm2.521 \u22a2 ( \u00ac ( \ud835\udf11 \u2192 \ud835\udf13 ) \u2192 ( \ud835\udf13 \u2192 \ud835\udf11 ) )",
            "ground_truth_display": false,
            "statement_depth": 0,
            "_thrs_random_uniform": 0.59141,
            "_thrs_reconstruct": 0.85227,
            "_thrs_obviousness": 0.44643,
            "_thrs_weight": 1.0,
            "_thrs_complexity": 0.5,
            "_thrs_surprisingness": 0.5,
            "_thrs_intensity": 0.0,
            "_thrs_interestingness": 0.48929,
            "_thrs_logistic_regression": 0.86119,
            "_thrs_random_forest": 0.96
        },
        {
            "number": 170,
            "expression": "\u22a2 ( ( \ud835\udf13 \u2192 \ud835\udf11 ) \u2192 ( \ud835\udf13 \u2192 \ud835\udf11 ) )",
            "prop_expression": " \u22a2 ( \ud835\udf11 \u2192 \ud835\udf11 )",
            "step": 3,
            "theorem": "id",
            "ground_truth": "id \u22a2 ( ( \ud835\udf13 \u2192 \ud835\udf11 ) \u2192 ( \ud835\udf13 \u2192 \ud835\udf11 ) )",
            "ground_truth_display": false,
            "statement_depth": 0,
            "_thrs_random_uniform": 0.58433,
            "_thrs_reconstruct": 0.0,
            "_thrs_obviousness": 0.0,
            "_thrs_weight": 1.0,
            "_thrs_complexity": 0.5,
            "_thrs_surprisingness": 0.5,
            "_thrs_intensity": 0.0,
            "_thrs_interestingness": 0.4,
            "_thrs_logistic_regression": 0.86569,
            "_thrs_random_forest": 0.97
        }
    ],
    "is_train": false
}