{
    "theorem": "merco1lem9",
    "hyps": [
        [
            1,
            2
        ],
        [
            1,
            3
        ]
    ],
    "expression": "( ( \ud835\udf11 \u2192 ( \ud835\udf11 \u2192 \ud835\udf13 ) ) \u2192 ( \ud835\udf11 \u2192 \ud835\udf13 ) )",
    "steps": [
        {
            "expression": "\u22a2 ( ( \ud835\udf11 \u2192 ( \ud835\udf11 \u2192 \ud835\udf13 ) ) \u2192 ( \ud835\udf11 \u2192 \ud835\udf13 ) )",
            "prop_expression": "\ud835\udf11, ( \ud835\udf11 \u2192 \ud835\udf13 ) \u22a2 \ud835\udf13",
            "step": 1,
            "theorem": "ax-mp",
            "ground_truth": "ax-mp \u22a2 ( ( \ud835\udf11 \u2192 ( \ud835\udf11 \u2192 \ud835\udf13 ) ) \u2192 ( \ud835\udf11 \u2192 \ud835\udf13 ) )",
            "ground_truth_display": false,
            "statement_depth": 0,
            "_thrs_random_uniform": 0.83135,
            "_thrs_reconstruct": 0.0,
            "_thrs_obviousness": 1.0,
            "_thrs_weight": 1.0,
            "_thrs_complexity": 1.0,
            "_thrs_surprisingness": 0.5,
            "_thrs_intensity": 1.0,
            "_thrs_interestingness": 0.9,
            "_thrs_logistic_regression": 0.99037,
            "_thrs_random_forest": 0.765
        },
        {
            "expression": "\u22a2 ( ( F. \u2192 \ud835\udf11 ) \u2192 ( ( \ud835\udf11 \u2192 ( \ud835\udf11 \u2192 \ud835\udf13 ) ) \u2192 ( \ud835\udf11 \u2192 \ud835\udf13 ) ) )",
            "prop_expression": " \u22a2 ( \ud835\udf11 \u2192 ( ( \ud835\udf13 \u2192 ( \ud835\udf13 \u2192 \ud835\udf12 ) ) \u2192 ( \ud835\udf13 \u2192 \ud835\udf12 ) ) )",
            "step": 2,
            "theorem": "merco1lem8",
            "ground_truth": "merco1lem8 \u22a2 ( ( F. \u2192 \ud835\udf11 ) \u2192 ( ( \ud835\udf11 \u2192 ( \ud835\udf11 \u2192 \ud835\udf13 ) ) \u2192 ( \ud835\udf11 \u2192 \ud835\udf13 ) ) )",
            "ground_truth_display": false,
            "statement_depth": 0,
            "_thrs_random_uniform": 0.84929,
            "_thrs_reconstruct": 1.0,
            "_thrs_obviousness": 0.0,
            "_thrs_weight": 0.71429,
            "_thrs_complexity": 0.0,
            "_thrs_surprisingness": 0.5,
            "_thrs_intensity": 0.07821,
            "_thrs_interestingness": 0.2585,
            "_thrs_logistic_regression": 0.98958,
            "_thrs_random_forest": 0.97
        },
        {
            "expression": "\u22a2 ( ( ( F. \u2192 \ud835\udf11 ) \u2192 ( ( \ud835\udf11 \u2192 ( \ud835\udf11 \u2192 \ud835\udf13 ) ) \u2192 ( \ud835\udf11 \u2192 \ud835\udf13 ) ) ) \u2192 ( ( \ud835\udf11 \u2192 ( \ud835\udf11 \u2192 \ud835\udf13 ) ) \u2192 ( \ud835\udf11 \u2192 \ud835\udf13 ) ) )",
            "prop_expression": " \u22a2 ( \ud835\udf11 \u2192 ( ( \ud835\udf13 \u2192 ( \ud835\udf13 \u2192 \ud835\udf12 ) ) \u2192 ( \ud835\udf13 \u2192 \ud835\udf12 ) ) )",
            "step": 3,
            "theorem": "merco1lem8",
            "ground_truth": "merco1lem8 \u22a2 ( ( ( F. \u2192 \ud835\udf11 ) \u2192 ( ( \ud835\udf11 \u2192 ( \ud835\udf11 \u2192 \ud835\udf13 ) ) \u2192 ( \ud835\udf11 \u2192 \ud835\udf13 ) ) ) \u2192 ( ( \ud835\udf11 \u2192 ( \ud835\udf11 \u2192 \ud835\udf13 ) ) \u2192 ( \ud835\udf11 \u2192 \ud835\udf13 ) ) )",
            "ground_truth_display": false,
            "statement_depth": 0,
            "_thrs_random_uniform": 0.15604,
            "_thrs_reconstruct": 1.0,
            "_thrs_obviousness": 0.0,
            "_thrs_weight": 0.0,
            "_thrs_complexity": 0.0,
            "_thrs_surprisingness": 0.5,
            "_thrs_intensity": 0.0,
            "_thrs_interestingness": 0.1,
            "_thrs_logistic_regression": 0.96924,
            "_thrs_random_forest": 0.85
        }
    ]
}