{
    "theorem": "mooran1",
    "hyps": [
        [
            1,
            2
        ],
        [
            1,
            4
        ],
        [
            2,
            3
        ]
    ],
    "expression": "( ( \u2203* x \ud835\udf11 \u2228 \u2203* x \ud835\udf13 ) \u2192 \u2203* x ( \ud835\udf11 \u2227 \ud835\udf13 ) )",
    "steps": [
        {
            "expression": "\u22a2 ( ( \u2203* x \ud835\udf11 \u2228 \u2203* x \ud835\udf13 ) \u2192 \u2203* x ( \ud835\udf11 \u2227 \ud835\udf13 ) )",
            "prop_expression": "( \ud835\udf11 \u2192 \ud835\udf13 ), ( \ud835\udf12 \u2192 \ud835\udf13 ) \u22a2 ( ( \ud835\udf11 \u2228 \ud835\udf12 ) \u2192 \ud835\udf13 )",
            "step": 1,
            "theorem": "jaoi",
            "ground_truth": "jaoi \u22a2 ( ( \u2203* x \ud835\udf11 \u2228 \u2203* x \ud835\udf13 ) \u2192 \u2203* x ( \ud835\udf11 \u2227 \ud835\udf13 ) )",
            "ground_truth_display": false,
            "statement_depth": 0,
            "_thrs_random_uniform": 0.868073086633312,
            "_thrs_reconstruct": 0.0,
            "_thrs_obviousness": 1.0,
            "_thrs_weight": 0.0,
            "_thrs_complexity": 0.0,
            "_thrs_surprisingness": 0.5,
            "_thrs_intensity": 1.0,
            "_thrs_interestingness": 0.5,
            "_thrs_logistic_regression": 0.9998431944152827,
            "_thrs_random_forest": 0.8542857142857143
        },
        {
            "expression": "\u22a2 ( \u2203* x \ud835\udf11 \u2192 \u2203* x ( \ud835\udf11 \u2227 \ud835\udf13 ) )",
            "prop_expression": "( \ud835\udf11 \u2192 \ud835\udf13 ) \u22a2 ( \u2203* x \ud835\udf13 \u2192 \u2203* x \ud835\udf11 )",
            "step": 2,
            "theorem": "immoi",
            "ground_truth": "immoi \u22a2 ( \u2203* x \ud835\udf11 \u2192 \u2203* x ( \ud835\udf11 \u2227 \ud835\udf13 ) )",
            "ground_truth_display": false,
            "statement_depth": 0,
            "_thrs_random_uniform": 0.724683764066895,
            "_thrs_reconstruct": 0.9999998281446506,
            "_thrs_obviousness": 0.4999999257493581,
            "_thrs_weight": 0.5,
            "_thrs_complexity": 0.0,
            "_thrs_surprisingness": 0.5,
            "_thrs_intensity": 0.36206896551724127,
            "_thrs_interestingness": 0.3724137782533199,
            "_thrs_logistic_regression": 0.9970936556177661,
            "_thrs_random_forest": 0.975
        },
        {
            "expression": "\u22a2 ( ( \ud835\udf11 \u2227 \ud835\udf13 ) \u2192 \ud835\udf11 )",
            "prop_expression": " \u22a2 ( ( \ud835\udf11 \u2227 \ud835\udf13 ) \u2192 \ud835\udf11 )",
            "step": 3,
            "theorem": "simpl",
            "ground_truth": "simpl \u22a2 ( ( \ud835\udf11 \u2227 \ud835\udf13 ) \u2192 \ud835\udf11 )",
            "ground_truth_display": false,
            "statement_depth": 0,
            "_thrs_random_uniform": 0.0926471501103785,
            "_thrs_reconstruct": 4.5185010612341975e-08,
            "_thrs_obviousness": 0.0,
            "_thrs_weight": 1.0,
            "_thrs_complexity": 1.0,
            "_thrs_surprisingness": 0.5,
            "_thrs_intensity": 0.0804597701149425,
            "_thrs_interestingness": 0.5160919540229885,
            "_thrs_logistic_regression": 0.4395240929562718,
            "_thrs_random_forest": 0.815
        },
        {
            "expression": "\u22a2 ( \u2203* x \ud835\udf13 \u2192 \u2203* x ( \ud835\udf11 \u2227 \ud835\udf13 ) )",
            "prop_expression": " \u22a2 ( \u2203* x \ud835\udf11 \u2192 \u2203* x ( \ud835\udf13 \u2227 \ud835\udf11 ) )",
            "step": 4,
            "theorem": "moan",
            "ground_truth": "moan \u22a2 ( \u2203* x \ud835\udf13 \u2192 \u2203* x ( \ud835\udf11 \u2227 \ud835\udf13 ) )",
            "ground_truth_display": false,
            "statement_depth": 0,
            "_thrs_random_uniform": 0.007008335189251036,
            "_thrs_reconstruct": 1.0,
            "_thrs_obviousness": 0.49999992651090314,
            "_thrs_weight": 0.5,
            "_thrs_complexity": 0.0,
            "_thrs_surprisingness": 0.5,
            "_thrs_intensity": 0.0,
            "_thrs_interestingness": 0.29999998530218064,
            "_thrs_logistic_regression": 0.9798529226128729,
            "_thrs_random_forest": 0.835
        }
    ]
}