{
    "theorem": "mosub",
    "hyps": [
        [
            1,
            2
        ],
        [
            1,
            3
        ],
        [
            1,
            5
        ],
        [
            3,
            4
        ]
    ],
    "expression": "\u2203* x \u2203 y ( y = A \u2227 \ud835\udf11 )",
    "steps": [
        {
            "expression": "\u22a2 \u2203* x \u2203 y ( y = A \u2227 \ud835\udf11 )",
            "prop_expression": "\ud835\udf11, \ud835\udf13, ( ( \ud835\udf11 \u2227 \ud835\udf13 ) \u2192 \ud835\udf12 ) \u22a2 \ud835\udf12",
            "step": 1,
            "theorem": "mp2an",
            "ground_truth": "mp2an \u22a2 \u2203* x \u2203 y ( y = A \u2227 \ud835\udf11 )",
            "ground_truth_display": false,
            "statement_depth": 0,
            "_thrs_random_uniform": 0.2175561168257465,
            "_thrs_reconstruct": 5.81708509448813e-07,
            "_thrs_obviousness": 1.0,
            "_thrs_weight": 0.6666666666666667,
            "_thrs_complexity": 0.0,
            "_thrs_surprisingness": 1.0,
            "_thrs_intensity": 1.0,
            "_thrs_interestingness": 0.7333333333333334,
            "_thrs_logistic_regression": 0.9998365672081465,
            "_thrs_random_forest": 0.925
        },
        {
            "expression": "\u22a2 \u2203* y y = A",
            "prop_expression": " \u22a2 \u2203* x x = A",
            "step": 2,
            "theorem": "moeq",
            "ground_truth": "moeq \u22a2 \u2203* y y = A",
            "ground_truth_display": false,
            "statement_depth": 0,
            "_thrs_random_uniform": 0.643202764854287,
            "_thrs_reconstruct": 0.9903042458627997,
            "_thrs_obviousness": 0.49756410767469766,
            "_thrs_weight": 0.8888888888888888,
            "_thrs_complexity": 1.0,
            "_thrs_surprisingness": 0.0,
            "_thrs_intensity": 0.09980039920159679,
            "_thrs_interestingness": 0.49725067915303667,
            "_thrs_logistic_regression": 0.596265670878713,
            "_thrs_random_forest": 0.895
        },
        {
            "expression": "\u22a2 \u2200 y \u2203* x \ud835\udf11",
            "prop_expression": "\ud835\udf11 \u22a2 \u2200 x \ud835\udf11",
            "step": 3,
            "theorem": "ax-gen",
            "ground_truth": "ax-gen \u22a2 \u2200 y \u2203* x \ud835\udf11",
            "ground_truth_display": false,
            "statement_depth": 0,
            "_thrs_random_uniform": 0.46988153255032017,
            "_thrs_reconstruct": 0.0,
            "_thrs_obviousness": 8.372130157741779e-11,
            "_thrs_weight": 0.8888888888888888,
            "_thrs_complexity": 0.5,
            "_thrs_surprisingness": 0.0,
            "_thrs_intensity": 0.2095808383233533,
            "_thrs_interestingness": 0.31969394545919266,
            "_thrs_logistic_regression": 0.9724944952925629,
            "_thrs_random_forest": 0.945
        },
        {
            "expression": "\u22a2 \u2203* x \ud835\udf11",
            "prop_expression": " \u22a2 \u2203* x \ud835\udf11",
            "step": 4,
            "theorem": "mosub.1",
            "ground_truth": "mosub.1 \u22a2 \u2203* x \ud835\udf11",
            "ground_truth_display": false,
            "statement_depth": 0,
            "_thrs_random_uniform": 0.6568821739127236,
            "_thrs_reconstruct": 0.0,
            "_thrs_obviousness": 0.0,
            "_thrs_weight": 1.0,
            "_thrs_complexity": 1.0,
            "_thrs_surprisingness": 0.0,
            "_thrs_intensity": 0.2095808383233533,
            "_thrs_interestingness": 0.4419161676646707,
            "_thrs_logistic_regression": 0.7559919419715411,
            "_thrs_random_forest": 0.95
        },
        {
            "expression": "\u22a2 ( ( \u2203* y y = A \u2227 \u2200 y \u2203* x \ud835\udf11 ) \u2192 \u2203* x \u2203 y ( y = A \u2227 \ud835\udf11 ) )",
            "prop_expression": " \u22a2 ( ( \u2203* x \ud835\udf11 \u2227 \u2200 x \u2203* y \ud835\udf13 ) \u2192 \u2203* y \u2203 x ( \ud835\udf11 \u2227 \ud835\udf13 ) )",
            "step": 5,
            "theorem": "moexexv",
            "ground_truth": "moexexv \u22a2 ( ( \u2203* y y = A \u2227 \u2200 y \u2203* x \ud835\udf11 ) \u2192 \u2203* x \u2203 y ( y = A \u2227 \ud835\udf11 ) )",
            "ground_truth_display": false,
            "statement_depth": 0,
            "_thrs_random_uniform": 0.3109441657862564,
            "_thrs_reconstruct": 1.0,
            "_thrs_obviousness": 0.5024355997193533,
            "_thrs_weight": 0.0,
            "_thrs_complexity": 0.0,
            "_thrs_surprisingness": 1.0,
            "_thrs_intensity": 0.0,
            "_thrs_interestingness": 0.3004871199438707,
            "_thrs_logistic_regression": 0.9387759425583792,
            "_thrs_random_forest": 0.925
        }
    ]
}