{
    "theorem": "mptfng",
    "hyps": [
        [
            1,
            2
        ],
        [
            1,
            4
        ],
        [
            2,
            3
        ],
        [
            4,
            5
        ],
        [
            5,
            6
        ],
        [
            5,
            7
        ]
    ],
    "expression": "( \u2200 x \u2208 A B \u2208 V \u2194 F Fn A )",
    "steps": [
        {
            "expression": "\u22a2 ( \u2200 x \u2208 A B \u2208 V \u2194 F Fn A )",
            "prop_expression": "( \ud835\udf11 \u2194 \ud835\udf13 ), ( \ud835\udf13 \u2194 \ud835\udf12 ) \u22a2 ( \ud835\udf11 \u2194 \ud835\udf12 )",
            "step": 1,
            "theorem": "bitri",
            "ground_truth": "bitri \u22a2 ( \u2200 x \u2208 A B \u2208 V \u2194 F Fn A )",
            "ground_truth_display": false,
            "statement_depth": 0,
            "_thrs_random_uniform": 0.9120210458558676,
            "_thrs_reconstruct": 4.59829722997396e-11,
            "_thrs_obviousness": 1.0,
            "_thrs_weight": 0.5,
            "_thrs_complexity": 0.0,
            "_thrs_surprisingness": 1.0,
            "_thrs_intensity": 1.0,
            "_thrs_interestingness": 0.7,
            "_thrs_logistic_regression": 0.9998084152411804,
            "_thrs_random_forest": 0.92
        },
        {
            "expression": "\u22a2 ( \u2200 x \u2208 A B \u2208 V \u2194 \u2200 x \u2208 A E! y y = B )",
            "prop_expression": "( \ud835\udf11 \u2194 \ud835\udf13 ) \u22a2 ( \u2200 x \u2208 A \ud835\udf11 \u2194 \u2200 x \u2208 A \ud835\udf13 )",
            "step": 2,
            "theorem": "ralbii",
            "ground_truth": "ralbii \u22a2 ( \u2200 x \u2208 A B \u2208 V \u2194 \u2200 x \u2208 A E! y y = B )",
            "ground_truth_display": false,
            "statement_depth": 0,
            "_thrs_random_uniform": 0.5648351937364944,
            "_thrs_reconstruct": 4.857330282771277e-10,
            "_thrs_obviousness": 3.530797956577702e-05,
            "_thrs_weight": 0.0,
            "_thrs_complexity": 0.33333333333333337,
            "_thrs_surprisingness": 0.26666666666666655,
            "_thrs_intensity": 0.16216216216216217,
            "_thrs_interestingness": 0.15243949402834558,
            "_thrs_logistic_regression": 0.9501468956814372,
            "_thrs_random_forest": 0.865
        },
        {
            "expression": "\u22a2 ( B \u2208 V \u2194 E! y y = B )",
            "prop_expression": " \u22a2 ( A \u2208 V \u2194 E! x x = A )",
            "step": 3,
            "theorem": "eueq",
            "ground_truth": "eueq \u22a2 ( B \u2208 V \u2194 E! y y = B )",
            "ground_truth_display": false,
            "statement_depth": 0,
            "_thrs_random_uniform": 0.5302760818129959,
            "_thrs_reconstruct": 3.530874060735047e-05,
            "_thrs_obviousness": 3.530749384395786e-05,
            "_thrs_weight": 1.0,
            "_thrs_complexity": 1.0,
            "_thrs_surprisingness": 0.0,
            "_thrs_intensity": 0.1081081081081081,
            "_thrs_interestingness": 0.4216286831203904,
            "_thrs_logistic_regression": 0.6418293416370553,
            "_thrs_random_forest": 0.495
        },
        {
            "expression": "\u22a2 ( \u2200 x \u2208 A E! y y = B \u2194 F Fn A )",
            "prop_expression": "F = { \u27e8 x , y \u27e9 | ( x \u2208 A \u2227 \ud835\udf11 ) } \u22a2 ( \u2200 x \u2208 A E! y \ud835\udf11 \u2194 F Fn A )",
            "step": 4,
            "theorem": "fnopabg",
            "ground_truth": "fnopabg \u22a2 ( \u2200 x \u2208 A E! y y = B \u2194 F Fn A )",
            "ground_truth_display": false,
            "statement_depth": 0,
            "_thrs_random_uniform": 0.4809228217280489,
            "_thrs_reconstruct": 1.0,
            "_thrs_obviousness": 0.999964691974441,
            "_thrs_weight": 0.5,
            "_thrs_complexity": 0.0,
            "_thrs_surprisingness": 0.4666666666666665,
            "_thrs_intensity": 0.3483483483483483,
            "_thrs_interestingness": 0.4629959413978912,
            "_thrs_logistic_regression": 0.9968783588232366,
            "_thrs_random_forest": 0.935
        },
        {
            "expression": "\u22a2 F = { \u27e8 x , y \u27e9 | ( x \u2208 A \u2227 y = B ) }",
            "prop_expression": "A = B, B = C \u22a2 A = C",
            "step": 5,
            "theorem": "eqtri",
            "ground_truth": "eqtri \u22a2 F = { \u27e8 x , y \u27e9 | ( x \u2208 A \u2227 y = B ) }",
            "ground_truth_display": false,
            "statement_depth": 0,
            "_thrs_random_uniform": 0.5300446230384177,
            "_thrs_reconstruct": 2.3076166604156603e-09,
            "_thrs_obviousness": 2.307547062259064e-09,
            "_thrs_weight": 0.6666666666666667,
            "_thrs_complexity": 0.33333333333333337,
            "_thrs_surprisingness": 0.4666666666666665,
            "_thrs_intensity": 0.9266409266409269,
            "_thrs_interestingness": 0.47866151912302807,
            "_thrs_logistic_regression": 0.9994115034031351,
            "_thrs_random_forest": 0.8195454545454546
        },
        {
            "expression": "\u22a2 F = ( x \u2208 A |\u2192 B )",
            "prop_expression": " \u22a2 F = ( x \u2208 A |\u2192 B )",
            "step": 6,
            "theorem": "mptfng.1",
            "ground_truth": "mptfng.1 \u22a2 F = ( x \u2208 A |\u2192 B )",
            "ground_truth_display": false,
            "statement_depth": 0,
            "_thrs_random_uniform": 0.7104108399564156,
            "_thrs_reconstruct": 0.0,
            "_thrs_obviousness": 0.0,
            "_thrs_weight": 1.0,
            "_thrs_complexity": 0.33333333333333337,
            "_thrs_surprisingness": 0.9333333333333335,
            "_thrs_intensity": 0.32432432432432434,
            "_thrs_interestingness": 0.5181981981981982,
            "_thrs_logistic_regression": 0.9796333866445512,
            "_thrs_random_forest": 0.9
        },
        {
            "expression": "\u22a2 ( x \u2208 A |\u2192 B ) = { \u27e8 x , y \u27e9 | ( x \u2208 A \u2227 y = B ) }",
            "prop_expression": " \u22a2 ( x \u2208 A |\u2192 B ) = { \u27e8 x , y \u27e9 | ( x \u2208 A \u2227 y = B ) }",
            "step": 7,
            "theorem": "df-mpt",
            "ground_truth": "df-mpt \u22a2 ( x \u2208 A |\u2192 B ) = { \u27e8 x , y \u27e9 | ( x \u2208 A \u2227 y = B ) }",
            "ground_truth_display": false,
            "statement_depth": 0,
            "_thrs_random_uniform": 0.9692102306849714,
            "_thrs_reconstruct": 0.0,
            "_thrs_obviousness": 0.0,
            "_thrs_weight": 0.0,
            "_thrs_complexity": 0.33333333333333337,
            "_thrs_surprisingness": 0.0,
            "_thrs_intensity": 0.0,
            "_thrs_interestingness": 0.06666666666666668,
            "_thrs_logistic_regression": 0.9193652221859697,
            "_thrs_random_forest": 0.4295833333333334
        }
    ]
}