{
    "theorem": "ndmfvrcl",
    "hyps": [
        [
            1,
            2
        ],
        [
            1,
            7
        ],
        [
            2,
            3
        ],
        [
            3,
            4
        ],
        [
            3,
            5
        ],
        [
            5,
            6
        ]
    ],
    "expression": "( ( F ` A ) \u2208 S \u2192 A \u2208 S )",
    "steps": [
        {
            "expression": "\u22a2 ( ( F ` A ) \u2208 S \u2192 A \u2208 S )",
            "prop_expression": "( \ud835\udf11 \u2192 A \u2208 B ), B = C \u22a2 ( \ud835\udf11 \u2192 A \u2208 C )",
            "step": 1,
            "theorem": "syl6eleq",
            "ground_truth": "syl6eleq \u22a2 ( ( F ` A ) \u2208 S \u2192 A \u2208 S )",
            "ground_truth_display": false,
            "statement_depth": 0,
            "_thrs_random_uniform": 0.0871077331992991,
            "_thrs_reconstruct": 1.94683593208265e-08,
            "_thrs_obviousness": 1.0,
            "_thrs_weight": 0.4444444444444444,
            "_thrs_complexity": 0.5,
            "_thrs_surprisingness": 0.3333333333333334,
            "_thrs_intensity": 0.7368421052631579,
            "_thrs_interestingness": 0.6029239766081871,
            "_thrs_logistic_regression": 0.9957196908051612,
            "_thrs_random_forest": 0.945
        },
        {
            "expression": "\u22a2 ( ( F ` A ) \u2208 S \u2192 A \u2208 dom F )",
            "prop_expression": "( \u00ac \ud835\udf11 \u2192 \u00ac \ud835\udf13 ) \u22a2 ( \ud835\udf13 \u2192 \ud835\udf11 )",
            "step": 2,
            "theorem": "con4i",
            "ground_truth": "con4i \u22a2 ( ( F ` A ) \u2208 S \u2192 A \u2208 dom F )",
            "ground_truth_display": false,
            "statement_depth": 0,
            "_thrs_random_uniform": 0.8529193944465887,
            "_thrs_reconstruct": 5.239111734254896e-12,
            "_thrs_obviousness": 0.9999999805315967,
            "_thrs_weight": 0.33333333333333337,
            "_thrs_complexity": 0.25,
            "_thrs_surprisingness": 0.6250000000000002,
            "_thrs_intensity": 0.3684210526315789,
            "_thrs_interestingness": 0.5153508732993017,
            "_thrs_logistic_regression": 0.9856683619306003,
            "_thrs_random_forest": 0.84
        },
        {
            "expression": "\u22a2 ( \u00ac A \u2208 dom F \u2192 \u00ac ( F ` A ) \u2208 S )",
            "prop_expression": "\u00ac \ud835\udf12, ( \ud835\udf11 \u2192 ( \ud835\udf13 \u2194 \ud835\udf12 ) ) \u22a2 ( \ud835\udf11 \u2192 \u00ac \ud835\udf13 )",
            "step": 3,
            "theorem": "mtbiri",
            "ground_truth": "mtbiri \u22a2 ( \u00ac A \u2208 dom F \u2192 \u00ac ( F ` A ) \u2208 S )",
            "ground_truth_display": false,
            "statement_depth": 0,
            "_thrs_random_uniform": 0.10862619943593321,
            "_thrs_reconstruct": 1.62345007387641e-11,
            "_thrs_obviousness": 0.9999999805263351,
            "_thrs_weight": 0.33333333333333337,
            "_thrs_complexity": 0.25,
            "_thrs_surprisingness": 0.6250000000000002,
            "_thrs_intensity": 1.0,
            "_thrs_interestingness": 0.6416666627719337,
            "_thrs_logistic_regression": 0.9995187504624689,
            "_thrs_random_forest": 0.945
        },
        {
            "expression": "\u22a2 \u00ac \u2205 \u2208 S",
            "prop_expression": " \u22a2 \u00ac \u2205 \u2208 S",
            "step": 4,
            "theorem": "ndmfvrcl.2",
            "ground_truth": "ndmfvrcl.2 \u22a2 \u00ac \u2205 \u2208 S",
            "ground_truth_display": false,
            "statement_depth": 0,
            "_thrs_random_uniform": 0.30690413736212774,
            "_thrs_reconstruct": 0.0,
            "_thrs_obviousness": 0.0,
            "_thrs_weight": 1.0,
            "_thrs_complexity": 1.0,
            "_thrs_surprisingness": 0.0,
            "_thrs_intensity": 0.3684210526315789,
            "_thrs_interestingness": 0.47368421052631576,
            "_thrs_logistic_regression": 0.8795185832281839,
            "_thrs_random_forest": 0.88
        },
        {
            "expression": "\u22a2 ( \u00ac A \u2208 dom F \u2192 ( ( F ` A ) \u2208 S \u2194 \u2205 \u2208 S ) )",
            "prop_expression": "( \ud835\udf11 \u2192 A = B ) \u22a2 ( \ud835\udf11 \u2192 ( A \u2208 C \u2194 B \u2208 C ) )",
            "step": 5,
            "theorem": "eleq1d",
            "ground_truth": "eleq1d \u22a2 ( \u00ac A \u2208 dom F \u2192 ( ( F ` A ) \u2208 S \u2194 \u2205 \u2208 S ) )",
            "ground_truth_display": false,
            "statement_depth": 0,
            "_thrs_random_uniform": 0.5240147670433571,
            "_thrs_reconstruct": 3.006955575961372e-08,
            "_thrs_obviousness": 0.9999999805100556,
            "_thrs_weight": 0.0,
            "_thrs_complexity": 0.0,
            "_thrs_surprisingness": 1.0,
            "_thrs_intensity": 0.0409356725146199,
            "_thrs_interestingness": 0.40818713060493506,
            "_thrs_logistic_regression": 0.9482563027530096,
            "_thrs_random_forest": 0.695
        },
        {
            "expression": "\u22a2 ( \u00ac A \u2208 dom F \u2192 ( F ` A ) = \u2205 )",
            "prop_expression": " \u22a2 ( \u00ac A \u2208 dom F \u2192 ( F ` A ) = \u2205 )",
            "step": 6,
            "theorem": "ndmfv",
            "ground_truth": "ndmfv \u22a2 ( \u00ac A \u2208 dom F \u2192 ( F ` A ) = \u2205 )",
            "ground_truth_display": false,
            "statement_depth": 0,
            "_thrs_random_uniform": 0.4277873023076546,
            "_thrs_reconstruct": 1.0,
            "_thrs_obviousness": 0.9999999504404788,
            "_thrs_weight": 0.4444444444444444,
            "_thrs_complexity": 0.25,
            "_thrs_surprisingness": 0.6666666666666667,
            "_thrs_intensity": 0.0,
            "_thrs_interestingness": 0.47222221231031797,
            "_thrs_logistic_regression": 0.9082545373048891,
            "_thrs_random_forest": 0.695
        },
        {
            "expression": "\u22a2 dom F = S",
            "prop_expression": " \u22a2 dom F = S",
            "step": 7,
            "theorem": "ndmfvrcl.1",
            "ground_truth": "ndmfvrcl.1 \u22a2 dom F = S",
            "ground_truth_display": false,
            "statement_depth": 0,
            "_thrs_random_uniform": 0.09254191105582232,
            "_thrs_reconstruct": 0.0,
            "_thrs_obviousness": 0.0,
            "_thrs_weight": 1.0,
            "_thrs_complexity": 1.0,
            "_thrs_surprisingness": 0.0,
            "_thrs_intensity": 0.3684210526315789,
            "_thrs_interestingness": 0.47368421052631576,
            "_thrs_logistic_regression": 0.8795185832281839,
            "_thrs_random_forest": 0.865
        }
    ]
}