{
    "theorem": "neeq2",
    "hyps": [
        [
            1,
            2
        ],
        [
            1,
            4
        ],
        [
            1,
            5
        ],
        [
            2,
            3
        ]
    ],
    "expression": "( A = B \u2192 ( C \u2260 A \u2194 C \u2260 B ) )",
    "steps": [
        {
            "expression": "\u22a2 ( A = B \u2192 ( C \u2260 A \u2194 C \u2260 B ) )",
            "prop_expression": "( \ud835\udf11 \u2192 ( \ud835\udf13 \u2194 \ud835\udf12 ) ), ( \ud835\udf03 \u2194 \ud835\udf13 ), ( \ud835\udf0f \u2194 \ud835\udf12 ) \u22a2 ( \ud835\udf11 \u2192 ( \ud835\udf03 \u2194 \ud835\udf0f ) )",
            "step": 1,
            "theorem": "3bitr4g",
            "ground_truth": "3bitr4g \u22a2 ( A = B \u2192 ( C \u2260 A \u2194 C \u2260 B ) )",
            "ground_truth_display": false,
            "statement_depth": 0,
            "_thrs_random_uniform": 0.5033956835965061,
            "_thrs_reconstruct": 0.17152083542731375,
            "_thrs_obviousness": 1.0,
            "_thrs_weight": 0.0,
            "_thrs_complexity": 0.0,
            "_thrs_surprisingness": 1.0,
            "_thrs_intensity": 1.0,
            "_thrs_interestingness": 0.6,
            "_thrs_logistic_regression": 0.9996913885209483,
            "_thrs_random_forest": 0.935
        },
        {
            "expression": "\u22a2 ( A = B \u2192 ( \u00ac C = A \u2194 \u00ac C = B ) )",
            "prop_expression": "( \ud835\udf11 \u2192 ( \ud835\udf13 \u2194 \ud835\udf12 ) ) \u22a2 ( \ud835\udf11 \u2192 ( \u00ac \ud835\udf13 \u2194 \u00ac \ud835\udf12 ) )",
            "step": 2,
            "theorem": "notbid",
            "ground_truth": "notbid \u22a2 ( A = B \u2192 ( \u00ac C = A \u2194 \u00ac C = B ) )",
            "ground_truth_display": false,
            "statement_depth": 0,
            "_thrs_random_uniform": 0.9122815305423163,
            "_thrs_reconstruct": 0.19555328761368704,
            "_thrs_obviousness": 0.8745296464147557,
            "_thrs_weight": 0.0,
            "_thrs_complexity": 0.0,
            "_thrs_surprisingness": 1.0,
            "_thrs_intensity": 0.2727272727272727,
            "_thrs_interestingness": 0.42945138382840575,
            "_thrs_logistic_regression": 0.9847788846763664,
            "_thrs_random_forest": 0.92
        },
        {
            "expression": "\u22a2 ( A = B \u2192 ( C = A \u2194 C = B ) )",
            "prop_expression": " \u22a2 ( A = B \u2192 ( C = A \u2194 C = B ) )",
            "step": 3,
            "theorem": "eqeq2",
            "ground_truth": "eqeq2 \u22a2 ( A = B \u2192 ( C = A \u2194 C = B ) )",
            "ground_truth_display": false,
            "statement_depth": 0,
            "_thrs_random_uniform": 0.6865150994920187,
            "_thrs_reconstruct": 1.0,
            "_thrs_obviousness": 0.7314837157744716,
            "_thrs_weight": 0.0,
            "_thrs_complexity": 0.0,
            "_thrs_surprisingness": 1.0,
            "_thrs_intensity": 0.0,
            "_thrs_interestingness": 0.34629674315489434,
            "_thrs_logistic_regression": 0.9376393461622434,
            "_thrs_random_forest": 0.55
        },
        {
            "expression": "\u22a2 ( C \u2260 A \u2194 \u00ac C = A )",
            "prop_expression": " \u22a2 ( A \u2260 B \u2194 \u00ac A = B )",
            "step": 4,
            "theorem": "df-ne",
            "ground_truth": "df-ne \u22a2 ( C \u2260 A \u2194 \u00ac C = A )",
            "ground_truth_display": false,
            "statement_depth": 0,
            "_thrs_random_uniform": 0.29409249115571867,
            "_thrs_reconstruct": 0.0,
            "_thrs_obviousness": 0.0,
            "_thrs_weight": 1.0,
            "_thrs_complexity": 1.0,
            "_thrs_surprisingness": 0.0,
            "_thrs_intensity": 0.0,
            "_thrs_interestingness": 0.4,
            "_thrs_logistic_regression": 0.5,
            "_thrs_random_forest": 0.97
        },
        {
            "expression": "\u22a2 ( C \u2260 B \u2194 \u00ac C = B )",
            "prop_expression": " \u22a2 ( A \u2260 B \u2194 \u00ac A = B )",
            "step": 5,
            "theorem": "df-ne",
            "ground_truth": "df-ne \u22a2 ( C \u2260 B \u2194 \u00ac C = B )",
            "ground_truth_display": false,
            "statement_depth": 0,
            "_thrs_random_uniform": 0.7150239730958733,
            "_thrs_reconstruct": 0.0,
            "_thrs_obviousness": 0.0,
            "_thrs_weight": 1.0,
            "_thrs_complexity": 1.0,
            "_thrs_surprisingness": 0.0,
            "_thrs_intensity": 0.0,
            "_thrs_interestingness": 0.4,
            "_thrs_logistic_regression": 0.5,
            "_thrs_random_forest": 0.97
        }
    ]
}