{
    "theorem": "nic-bi1",
    "hyps": [
        [
            1,
            2
        ],
        [
            2,
            3
        ],
        [
            3,
            4
        ],
        [
            3,
            5
        ]
    ],
    "expression": "( \ud835\udf11 \u22bc ( \ud835\udf13 \u22bc \ud835\udf13 ) )",
    "steps": [
        {
            "expression": "\u22a2 ( \ud835\udf11 \u22bc ( \ud835\udf13 \u22bc \ud835\udf13 ) )",
            "prop_expression": "( \ud835\udf11 \u22bc ( \ud835\udf12 \u22bc \ud835\udf13 ) ) \u22a2 ( \ud835\udf11 \u22bc ( \ud835\udf12 \u22bc \ud835\udf12 ) )",
            "step": 1,
            "theorem": "nic-idel",
            "ground_truth": "nic-idel \u22a2 ( \ud835\udf11 \u22bc ( \ud835\udf13 \u22bc \ud835\udf13 ) )",
            "ground_truth_display": false,
            "statement_depth": 0,
            "_thrs_random_uniform": 0.08357354945266748,
            "_thrs_reconstruct": 0.9523809517106746,
            "_thrs_obviousness": 1.0,
            "_thrs_weight": 1.0,
            "_thrs_complexity": 0.0,
            "_thrs_surprisingness": 1.0,
            "_thrs_intensity": 0.25000000000000006,
            "_thrs_interestingness": 0.65,
            "_thrs_logistic_regression": 0.993241041008017,
            "_thrs_random_forest": 0.925
        },
        {
            "expression": "\u22a2 ( \ud835\udf11 \u22bc ( \ud835\udf13 \u22bc \ud835\udf11 ) )",
            "prop_expression": "( \ud835\udf13 \u22bc ( \ud835\udf03 \u22bc \ud835\udf11 ) ) \u22a2 ( \ud835\udf13 \u22bc ( \ud835\udf11 \u22bc \ud835\udf03 ) )",
            "step": 2,
            "theorem": "nic-isw2",
            "ground_truth": "nic-isw2 \u22a2 ( \ud835\udf11 \u22bc ( \ud835\udf13 \u22bc \ud835\udf11 ) )",
            "ground_truth_display": false,
            "statement_depth": 0,
            "_thrs_random_uniform": 0.6771153603505264,
            "_thrs_reconstruct": 1.0,
            "_thrs_obviousness": 0.6721311475409836,
            "_thrs_weight": 1.0,
            "_thrs_complexity": 0.0,
            "_thrs_surprisingness": 1.0,
            "_thrs_intensity": 0.25000000000000006,
            "_thrs_interestingness": 0.5844262295081968,
            "_thrs_logistic_regression": 0.9934268613759111,
            "_thrs_random_forest": 0.935
        },
        {
            "expression": "\u22a2 ( \ud835\udf11 \u22bc ( \ud835\udf11 \u22bc \ud835\udf13 ) )",
            "prop_expression": "( \ud835\udf11 \u22bc ( \ud835\udf12 \u22bc \ud835\udf13 ) ), ( \ud835\udf03 \u22bc \ud835\udf12 ) \u22a2 ( \ud835\udf03 \u22bc \ud835\udf11 )",
            "step": 3,
            "theorem": "nic-iimp1",
            "ground_truth": "nic-iimp1 \u22a2 ( \ud835\udf11 \u22bc ( \ud835\udf11 \u22bc \ud835\udf13 ) )",
            "ground_truth_display": false,
            "statement_depth": 0,
            "_thrs_random_uniform": 0.6683751465366026,
            "_thrs_reconstruct": 0.5323977596623377,
            "_thrs_obviousness": 0.32786885245901637,
            "_thrs_weight": 1.0,
            "_thrs_complexity": 0.0,
            "_thrs_surprisingness": 1.0,
            "_thrs_intensity": 1.0,
            "_thrs_interestingness": 0.6655737704918032,
            "_thrs_logistic_regression": 0.9998877186802086,
            "_thrs_random_forest": 0.8425
        },
        {
            "expression": "\u22a2 ( ( \ud835\udf11 \u22bc \ud835\udf13 ) \u22bc ( ( \ud835\udf11 \u22bc \ud835\udf11 ) \u22bc ( \ud835\udf13 \u22bc \ud835\udf13 ) ) )",
            "prop_expression": " \u22a2 ( ( \ud835\udf11 \u22bc \ud835\udf13 ) \u22bc ( ( \ud835\udf11 \u22bc \ud835\udf11 ) \u22bc ( \ud835\udf13 \u22bc \ud835\udf13 ) ) )",
            "step": 4,
            "theorem": "nic-bi1.1",
            "ground_truth": "nic-bi1.1 \u22a2 ( ( \ud835\udf11 \u22bc \ud835\udf13 ) \u22bc ( ( \ud835\udf11 \u22bc \ud835\udf11 ) \u22bc ( \ud835\udf13 \u22bc \ud835\udf13 ) ) )",
            "ground_truth_display": false,
            "statement_depth": 0,
            "_thrs_random_uniform": 0.10712808425540765,
            "_thrs_reconstruct": 0.0,
            "_thrs_obviousness": 0.0,
            "_thrs_weight": 0.0,
            "_thrs_complexity": 0.0,
            "_thrs_surprisingness": 1.0,
            "_thrs_intensity": 0.0,
            "_thrs_interestingness": 0.2,
            "_thrs_logistic_regression": 0.941201642956695,
            "_thrs_random_forest": 0.27
        },
        {
            "expression": "\u22a2 ( \ud835\udf11 \u22bc ( \ud835\udf11 \u22bc \ud835\udf11 ) )",
            "prop_expression": " \u22a2 ( \ud835\udf0f \u22bc ( \ud835\udf0f \u22bc \ud835\udf0f ) )",
            "step": 5,
            "theorem": "nic-id",
            "ground_truth": "nic-id \u22a2 ( \ud835\udf11 \u22bc ( \ud835\udf11 \u22bc \ud835\udf11 ) )",
            "ground_truth_display": false,
            "statement_depth": 0,
            "_thrs_random_uniform": 0.12184604100343888,
            "_thrs_reconstruct": 0.4199831779725044,
            "_thrs_obviousness": 0.14458437070948726,
            "_thrs_weight": 1.0,
            "_thrs_complexity": 1.0,
            "_thrs_surprisingness": 0.0,
            "_thrs_intensity": 0.0,
            "_thrs_interestingness": 0.42891687414189744,
            "_thrs_logistic_regression": 0.496906051088443,
            "_thrs_random_forest": 0.435
        }
    ]
}