{
    "theorem": "nnm1",
    "hyps": [
        [
            1,
            2
        ],
        [
            1,
            4
        ],
        [
            2,
            3
        ],
        [
            4,
            5
        ],
        [
            4,
            8
        ],
        [
            4,
            10
        ],
        [
            5,
            6
        ],
        [
            5,
            7
        ],
        [
            8,
            9
        ]
    ],
    "expression": "( A \u2208 _om \u2192 ( A .o 1o ) = A )",
    "steps": [
        {
            "expression": "\u22a2 ( A \u2208 _om \u2192 ( A .o 1o ) = A )",
            "prop_expression": "A = B, ( \ud835\udf11 \u2192 B = C ) \u22a2 ( \ud835\udf11 \u2192 A = C )",
            "step": 1,
            "theorem": "syl5eq",
            "ground_truth": "syl5eq \u22a2 ( A \u2208 _om \u2192 ( A .o 1o ) = A )",
            "ground_truth_display": false,
            "statement_depth": 0,
            "_thrs_random_uniform": 0.31079964889161815,
            "_thrs_reconstruct": 2.807520009350466e-13,
            "_thrs_obviousness": 1.0,
            "_thrs_weight": 0.6666666666666667,
            "_thrs_complexity": 0.5,
            "_thrs_surprisingness": 0.1475128644939966,
            "_thrs_intensity": 0.3872245605347858,
            "_thrs_interestingness": 0.5402808183390899,
            "_thrs_logistic_regression": 0.9824784496390873,
            "_thrs_random_forest": 0.98
        },
        {
            "expression": "\u22a2 ( A .o 1o ) = ( A .o suc \u2205 )",
            "prop_expression": "A = B \u22a2 ( C F A ) = ( C F B )",
            "step": 2,
            "theorem": "oveq2i",
            "ground_truth": "oveq2i \u22a2 ( A .o 1o ) = ( A .o suc \u2205 )",
            "ground_truth_display": false,
            "statement_depth": 0,
            "_thrs_random_uniform": 0.18698906985333574,
            "_thrs_reconstruct": 1.0889357001032923e-06,
            "_thrs_obviousness": 5.596338408109889e-07,
            "_thrs_weight": 0.6666666666666667,
            "_thrs_complexity": 0.5,
            "_thrs_surprisingness": 0.43739279588336194,
            "_thrs_intensity": 0.09012131715771231,
            "_thrs_interestingness": 0.33883626786831633,
            "_thrs_logistic_regression": 0.8925006199744296,
            "_thrs_random_forest": 0.92
        },
        {
            "expression": "\u22a2 1o = suc \u2205",
            "prop_expression": " \u22a2 1o = suc \u2205",
            "step": 3,
            "theorem": "df-1o",
            "ground_truth": "df-1o \u22a2 1o = suc \u2205",
            "ground_truth_display": false,
            "statement_depth": 0,
            "_thrs_random_uniform": 0.5876284389086388,
            "_thrs_reconstruct": 0.0,
            "_thrs_obviousness": 0.0,
            "_thrs_weight": 1.0,
            "_thrs_complexity": 1.0,
            "_thrs_surprisingness": 0.15437392795883362,
            "_thrs_intensity": 0.19410745233968804,
            "_thrs_interestingness": 0.4696962760597043,
            "_thrs_logistic_regression": 0.6980959657670643,
            "_thrs_random_forest": 0.75
        },
        {
            "expression": "\u22a2 ( A \u2208 _om \u2192 ( A .o suc \u2205 ) = A )",
            "prop_expression": "( \ud835\udf11 \u2192 A = B ), ( \ud835\udf11 \u2192 B = C ), ( \ud835\udf11 \u2192 C = D ) \u22a2 ( \ud835\udf11 \u2192 A = D )",
            "step": 4,
            "theorem": "3eqtrd",
            "ground_truth": "3eqtrd \u22a2 ( A \u2208 _om \u2192 ( A .o suc \u2205 ) = A )",
            "ground_truth_display": false,
            "statement_depth": 0,
            "_thrs_random_uniform": 0.8547211754127066,
            "_thrs_reconstruct": 5.615018329909939e-13,
            "_thrs_obviousness": 0.9999994403660148,
            "_thrs_weight": 0.5833333333333333,
            "_thrs_complexity": 0.25,
            "_thrs_surprisingness": 0.6638078902229845,
            "_thrs_intensity": 1.0,
            "_thrs_interestingness": 0.6994281327844665,
            "_thrs_logistic_regression": 0.999600347199246,
            "_thrs_random_forest": 0.95
        },
        {
            "expression": "\u22a2 ( A \u2208 _om \u2192 ( A .o suc \u2205 ) = ( ( A .o \u2205 ) +o A ) )",
            "prop_expression": "\ud835\udf13, ( ( \ud835\udf11 \u2227 \ud835\udf13 ) \u2192 \ud835\udf12 ) \u22a2 ( \ud835\udf11 \u2192 \ud835\udf12 )",
            "step": 5,
            "theorem": "mpan2",
            "ground_truth": "mpan2 \u22a2 ( A \u2208 _om \u2192 ( A .o suc \u2205 ) = ( ( A .o \u2205 ) +o A ) )",
            "ground_truth_display": false,
            "statement_depth": 0,
            "_thrs_random_uniform": 0.6913212459309956,
            "_thrs_reconstruct": 2.5231293522464062e-15,
            "_thrs_obviousness": 0.39532668990138947,
            "_thrs_weight": 0.25,
            "_thrs_complexity": 0.0,
            "_thrs_surprisingness": 1.0,
            "_thrs_intensity": 0.3760831889081457,
            "_thrs_interestingness": 0.40428197576190705,
            "_thrs_logistic_regression": 0.9933526092622987,
            "_thrs_random_forest": 0.965
        },
        {
            "expression": "\u22a2 \u2205 \u2208 _om",
            "prop_expression": " \u22a2 \u2205 \u2208 _om",
            "step": 6,
            "theorem": "peano1",
            "ground_truth": "peano1 \u22a2 \u2205 \u2208 _om",
            "ground_truth_display": false,
            "statement_depth": 0,
            "_thrs_random_uniform": 0.36739352931088365,
            "_thrs_reconstruct": 0.01736789607843518,
            "_thrs_obviousness": 0.008925836840735746,
            "_thrs_weight": 1.0,
            "_thrs_complexity": 1.0,
            "_thrs_surprisingness": 0.0,
            "_thrs_intensity": 0.19410745233968804,
            "_thrs_interestingness": 0.4406066578360848,
            "_thrs_logistic_regression": 0.7401168801921865,
            "_thrs_random_forest": 0.845
        },
        {
            "expression": "\u22a2 ( ( A \u2208 _om \u2227 \u2205 \u2208 _om ) \u2192 ( A .o suc \u2205 ) = ( ( A .o \u2205 ) +o A ) )",
            "prop_expression": " \u22a2 ( ( A \u2208 _om \u2227 B \u2208 _om ) \u2192 ( A .o suc B ) = ( ( A .o B ) +o A ) )",
            "step": 7,
            "theorem": "nnmsuc",
            "ground_truth": "nnmsuc \u22a2 ( ( A \u2208 _om \u2227 \u2205 \u2208 _om ) \u2192 ( A .o suc \u2205 ) = ( ( A .o \u2205 ) +o A ) )",
            "ground_truth_display": false,
            "statement_depth": 0,
            "_thrs_random_uniform": 0.4032045193212759,
            "_thrs_reconstruct": 0.7518588990948815,
            "_thrs_obviousness": 0.38640085306065247,
            "_thrs_weight": 0.0,
            "_thrs_complexity": 0.0,
            "_thrs_surprisingness": 1.0,
            "_thrs_intensity": 0.0,
            "_thrs_interestingness": 0.2772801706121305,
            "_thrs_logistic_regression": 0.939344320662843,
            "_thrs_random_forest": 0.91
        },
        {
            "expression": "\u22a2 ( A \u2208 _om \u2192 ( ( A .o \u2205 ) +o A ) = ( \u2205 +o A ) )",
            "prop_expression": "( \ud835\udf11 \u2192 A = B ) \u22a2 ( \ud835\udf11 \u2192 ( A F C ) = ( B F C ) )",
            "step": 8,
            "theorem": "oveq1d",
            "ground_truth": "oveq1d \u22a2 ( A \u2208 _om \u2192 ( ( A .o \u2205 ) +o A ) = ( \u2205 +o A ) )",
            "ground_truth_display": false,
            "statement_depth": 0,
            "_thrs_random_uniform": 0.7230000336197058,
            "_thrs_reconstruct": 1.0819516599280598e-06,
            "_thrs_obviousness": 0.09074539850266211,
            "_thrs_weight": 0.33333333333333337,
            "_thrs_complexity": 0.25,
            "_thrs_surprisingness": 0.5591766723842195,
            "_thrs_intensity": 0.10808255868914449,
            "_thrs_interestingness": 0.26826759258187194,
            "_thrs_logistic_regression": 0.9522629489108788,