{
    "theorem": "nnmwordri",
    "hyps": [
        [
            1,
            2
        ],
        [
            1,
            3
        ],
        [
            3,
            4
        ],
        [
            3,
            6
        ],
        [
            4,
            5
        ],
        [
            6,
            7
        ]
    ],
    "expression": "( ( A \u2208 _om \u2227 B \u2208 _om \u2227 C \u2208 _om ) \u2192 ( A \u2286 B \u2192 ( A .o C ) \u2286 ( B .o C ) ) )",
    "steps": [
        {
            "expression": "\u22a2 ( ( A \u2208 _om \u2227 B \u2208 _om \u2227 C \u2208 _om ) \u2192 ( A \u2286 B \u2192 ( A .o C ) \u2286 ( B .o C ) ) )",
            "prop_expression": "( \ud835\udf11 \u2192 ( \ud835\udf13 \u2192 \ud835\udf12 ) ), ( \ud835\udf11 \u2192 ( \ud835\udf03 \u2194 \ud835\udf12 ) ) \u22a2 ( \ud835\udf11 \u2192 ( \ud835\udf13 \u2192 \ud835\udf03 ) )",
            "step": 1,
            "theorem": "sylibrd",
            "ground_truth": "sylibrd \u22a2 ( ( A \u2208 _om \u2227 B \u2208 _om \u2227 C \u2208 _om ) \u2192 ( A \u2286 B \u2192 ( A .o C ) \u2286 ( B .o C ) ) )",
            "ground_truth_display": false,
            "statement_depth": 0,
            "_thrs_random_uniform": 0.95164,
            "_thrs_reconstruct": 0.0,
            "_thrs_obviousness": 1.0,
            "_thrs_weight": 0.36364,
            "_thrs_complexity": 0.0,
            "_thrs_surprisingness": 1.0,
            "_thrs_intensity": 1.0,
            "_thrs_interestingness": 0.67273,
            "_thrs_logistic_regression": 0.99978,
            "_thrs_random_forest": 0.78
        },
        {
            "expression": "\u22a2 ( ( A \u2208 _om \u2227 B \u2208 _om \u2227 C \u2208 _om ) \u2192 ( A \u2286 B \u2192 ( C .o A ) \u2286 ( C .o B ) ) )",
            "prop_expression": " \u22a2 ( ( A \u2208 _om \u2227 B \u2208 _om \u2227 C \u2208 _om ) \u2192 ( A \u2286 B \u2192 ( C .o A ) \u2286 ( C .o B ) ) )",
            "step": 2,
            "theorem": "nnmwordi",
            "ground_truth": "nnmwordi \u22a2 ( ( A \u2208 _om \u2227 B \u2208 _om \u2227 C \u2208 _om ) \u2192 ( A \u2286 B \u2192 ( C .o A ) \u2286 ( C .o B ) ) )",
            "ground_truth_display": false,
            "statement_depth": 0,
            "_thrs_random_uniform": 0.21167,
            "_thrs_reconstruct": 1.0,
            "_thrs_obviousness": 0.15343,
            "_thrs_weight": 0.36364,
            "_thrs_complexity": 0.0,
            "_thrs_surprisingness": 1.0,
            "_thrs_intensity": 0.0,
            "_thrs_interestingness": 0.30341,
            "_thrs_logistic_regression": 0.95717,
            "_thrs_random_forest": 0.91
        },
        {
            "expression": "\u22a2 ( ( A \u2208 _om \u2227 B \u2208 _om \u2227 C \u2208 _om ) \u2192 ( ( A .o C ) \u2286 ( B .o C ) \u2194 ( C .o A ) \u2286 ( C .o B ) ) )",
            "prop_expression": "( \ud835\udf11 \u2192 A = B ), ( \ud835\udf11 \u2192 C = D ) \u22a2 ( \ud835\udf11 \u2192 ( A \u2286 C \u2194 B \u2286 D ) )",
            "step": 3,
            "theorem": "sseq12d",
            "ground_truth": "sseq12d \u22a2 ( ( A \u2208 _om \u2227 B \u2208 _om \u2227 C \u2208 _om ) \u2192 ( ( A .o C ) \u2286 ( B .o C ) \u2194 ( C .o A ) \u2286 ( C .o B ) ) )",
            "ground_truth_display": false,
            "statement_depth": 0,
            "_thrs_random_uniform": 0.16519,
            "_thrs_reconstruct": 0.0,
            "_thrs_obviousness": 0.42328,
            "_thrs_weight": 0.0,
            "_thrs_complexity": 0.0,
            "_thrs_surprisingness": 1.0,
            "_thrs_intensity": 0.62609,
            "_thrs_interestingness": 0.40987,
            "_thrs_logistic_regression": 0.9978,
            "_thrs_random_forest": 0.9
        },
        {
            "expression": "\u22a2 ( ( A \u2208 _om \u2227 B \u2208 _om \u2227 C \u2208 _om ) \u2192 ( A .o C ) = ( C .o A ) )",
            "prop_expression": "( ( \ud835\udf11 \u2227 \ud835\udf13 ) \u2192 \ud835\udf12 ) \u22a2 ( ( \ud835\udf11 \u2227 \ud835\udf03 \u2227 \ud835\udf13 ) \u2192 \ud835\udf12 )",
            "step": 4,
            "theorem": "3adant2",
            "ground_truth": "3adant2 \u22a2 ( ( A \u2208 _om \u2227 B \u2208 _om \u2227 C \u2208 _om ) \u2192 ( A .o C ) = ( C .o A ) )",
            "ground_truth_display": false,
            "statement_depth": 0,
            "_thrs_random_uniform": 0.95109,
            "_thrs_reconstruct": 0.0,
            "_thrs_obviousness": 0.0,
            "_thrs_weight": 0.72727,
            "_thrs_complexity": 0.5,
            "_thrs_surprisingness": 0.35294,
            "_thrs_intensity": 0.32114,
            "_thrs_interestingness": 0.38027,
            "_thrs_logistic_regression": 0.97167,
            "_thrs_random_forest": 0.575
        },
        {
            "expression": "\u22a2 ( ( A \u2208 _om \u2227 C \u2208 _om ) \u2192 ( A .o C ) = ( C .o A ) )",
            "prop_expression": " \u22a2 ( ( A \u2208 _om \u2227 B \u2208 _om ) \u2192 ( A .o B ) = ( B .o A ) )",
            "step": 5,
            "theorem": "nnmcom",
            "ground_truth": "nnmcom \u22a2 ( ( A \u2208 _om \u2227 C \u2208 _om ) \u2192 ( A .o C ) = ( C .o A ) )",
            "ground_truth_display": false,
            "statement_depth": 0,
            "_thrs_random_uniform": 0.87426,
            "_thrs_reconstruct": 0.73395,
            "_thrs_obviousness": 0.0,
            "_thrs_weight": 1.0,
            "_thrs_complexity": 1.0,
            "_thrs_surprisingness": 0.0,
            "_thrs_intensity": 0.02619,
            "_thrs_interestingness": 0.40524,
            "_thrs_logistic_regression": 0.53527,
            "_thrs_random_forest": 0.698
        },
        {
            "expression": "\u22a2 ( ( A \u2208 _om \u2227 B \u2208 _om \u2227 C \u2208 _om ) \u2192 ( B .o C ) = ( C .o B ) )",
            "prop_expression": "( ( \ud835\udf11 \u2227 \ud835\udf13 ) \u2192 \ud835\udf12 ) \u22a2 ( ( \ud835\udf03 \u2227 \ud835\udf11 \u2227 \ud835\udf13 ) \u2192 \ud835\udf12 )",
            "step": 6,
            "theorem": "3adant1",
            "ground_truth": "3adant1 \u22a2 ( ( A \u2208 _om \u2227 B \u2208 _om \u2227 C \u2208 _om ) \u2192 ( B .o C ) = ( C .o B ) )",
            "ground_truth_display": false,
            "statement_depth": 0,
            "_thrs_random_uniform": 0.34203,
            "_thrs_reconstruct": 0.0,
            "_thrs_obviousness": 0.0,
            "_thrs_weight": 0.72727,
            "_thrs_complexity": 0.5,
            "_thrs_surprisingness": 0.35294,
            "_thrs_intensity": 0.32114,
            "_thrs_interestingness": 0.38027,
            "_thrs_logistic_regression": 0.97167,
            "_thrs_random_forest": 0.58
        },
        {
            "expression": "\u22a2 ( ( B \u2208 _om \u2227 C \u2208 _om ) \u2192 ( B .o C ) = ( C .o B ) )",
            "prop_expression": " \u22a2 ( ( A \u2208 _om \u2227 B \u2208 _om ) \u2192 ( A .o B ) = ( B .o A ) )",
            "step": 7,
            "theorem": "nnmcom",
            "ground_truth": "nnmcom \u22a2 ( ( B \u2208 _om \u2227 C \u2208 _om ) \u2192 ( B .o C ) = ( C .o B ) )",
            "ground_truth_display": false,
            "statement_depth": 0,
            "_thrs_random_uniform": 0.26606,
            "_thrs_reconstruct": 0.73395,
            "_thrs_obviousness": 0.0,
            "_thrs_weight": 1.0,
            "_thrs_complexity": 1.0,
            "_thrs_surprisingness": 0.0,
            "_thrs_intensity": 0.02619,
            "_thrs_interestingness": 0.40524,
            "_thrs_logistic_regression": 0.53527,
            "_thrs_random_forest": 0.703
        }
    ]
}