{
    "theorem": "oe1",
    "hyps": [
        [
            1,
            2
        ],
        [
            1,
            8
        ],
        [
            1,
            10
        ],
        [
            2,
            3
        ],
        [
            2,
            5
        ],
        [
            3,
            4
        ],
        [
            5,
            6
        ],
        [
            5,
            7
        ],
        [
            8,
            9
        ]
    ],
    "expression": "( A \u2208 On \u2192 ( A ^o 1o ) = A )",
    "steps": [
        {
            "expression": "\u22a2 ( A \u2208 On \u2192 ( A ^o 1o ) = A )",
            "prop_expression": "( \ud835\udf11 \u2192 A = B ), ( \ud835\udf11 \u2192 B = C ), ( \ud835\udf11 \u2192 C = D ) \u22a2 ( \ud835\udf11 \u2192 A = D )",
            "step": 1,
            "theorem": "3eqtrd",
            "ground_truth": "3eqtrd \u22a2 ( A \u2208 On \u2192 ( A ^o 1o ) = A )",
            "ground_truth_display": false,
            "statement_depth": 0,
            "_thrs_random_uniform": 0.5361823968910653,
            "_thrs_reconstruct": 2.6876938680072105e-13,
            "_thrs_obviousness": 1.0,
            "_thrs_weight": 0.6666666666666667,
            "_thrs_complexity": 0.6,
            "_thrs_surprisingness": 0.19193154034229837,
            "_thrs_intensity": 1.0,
            "_thrs_interestingness": 0.691719641401793,
            "_thrs_logistic_regression": 0.9988475303671805,
            "_thrs_random_forest": 0.935
        },
        {
            "expression": "\u22a2 ( A \u2208 On \u2192 ( A ^o 1o ) = ( ( A ^o \u2205 ) .o A ) )",
            "prop_expression": "A = B, ( \ud835\udf11 \u2192 B = C ) \u22a2 ( \ud835\udf11 \u2192 A = C )",
            "step": 2,
            "theorem": "syl5eq",
            "ground_truth": "syl5eq \u22a2 ( A \u2208 On \u2192 ( A ^o 1o ) = ( ( A ^o \u2205 ) .o A ) )",
            "ground_truth_display": false,
            "statement_depth": 0,
            "_thrs_random_uniform": 0.9563659741070649,
            "_thrs_reconstruct": 1.3438521247997107e-13,
            "_thrs_obviousness": 0.30038177125547383,
            "_thrs_weight": 0.33333333333333337,
            "_thrs_complexity": 0.19999999999999996,
            "_thrs_surprisingness": 0.6381418092909537,
            "_thrs_intensity": 0.403170091265997,
            "_thrs_interestingness": 0.3750054010291516,
            "_thrs_logistic_regression": 0.9911152266723359,
            "_thrs_random_forest": 0.95
        },
        {
            "expression": "\u22a2 ( A ^o 1o ) = ( A ^o suc \u2205 )",
            "prop_expression": "A = B \u22a2 ( C F A ) = ( C F B )",
            "step": 3,
            "theorem": "oveq2i",
            "ground_truth": "oveq2i \u22a2 ( A ^o 1o ) = ( A ^o suc \u2205 )",
            "ground_truth_display": false,
            "statement_depth": 0,
            "_thrs_random_uniform": 0.39933082488177707,
            "_thrs_reconstruct": 5.212317452699572e-07,
            "_thrs_obviousness": 3.355323634700063e-07,
            "_thrs_weight": 0.6666666666666667,
            "_thrs_complexity": 0.6,
            "_thrs_surprisingness": 0.3337408312958436,
            "_thrs_intensity": 0.07459338194054962,
            "_thrs_interestingness": 0.3350002430870847,
            "_thrs_logistic_regression": 0.8409116114141432,
            "_thrs_random_forest": 0.7092857142857143
        },
        {
            "expression": "\u22a2 1o = suc \u2205",
            "prop_expression": " \u22a2 1o = suc \u2205",
            "step": 4,
            "theorem": "df-1o",
            "ground_truth": "df-1o \u22a2 1o = suc \u2205",
            "ground_truth_display": false,
            "statement_depth": 0,
            "_thrs_random_uniform": 0.1624151150276757,
            "_thrs_reconstruct": 0.0,
            "_thrs_obviousness": 0.0,
            "_thrs_weight": 1.0,
            "_thrs_complexity": 1.0,
            "_thrs_surprisingness": 0.0330073349633252,
            "_thrs_intensity": 0.19237240605720693,
            "_thrs_interestingness": 0.44507594820410634,
            "_thrs_logistic_regression": 0.7297336029133953,
            "_thrs_random_forest": 0.755
        },
        {
            "expression": "\u22a2 ( A \u2208 On \u2192 ( A ^o suc \u2205 ) = ( ( A ^o \u2205 ) .o A ) )",
            "prop_expression": "\ud835\udf13, ( ( \ud835\udf11 \u2227 \ud835\udf13 ) \u2192 \ud835\udf12 ) \u22a2 ( \ud835\udf11 \u2192 \ud835\udf12 )",
            "step": 5,
            "theorem": "mpan2",
            "ground_truth": "mpan2 \u22a2 ( A \u2208 On \u2192 ( A ^o suc \u2205 ) = ( ( A ^o \u2205 ) .o A ) )",
            "ground_truth_display": false,
            "statement_depth": 0,
            "_thrs_random_uniform": 0.4270817929436329,
            "_thrs_reconstruct": 1.2077252271998265e-15,
            "_thrs_obviousness": 0.30038143572302384,
            "_thrs_weight": 0.25,
            "_thrs_complexity": 0.19999999999999996,
            "_thrs_surprisingness": 0.6699266503667481,
            "_thrs_intensity": 0.3211932136848008,
            "_thrs_interestingness": 0.3483002599549146,
            "_thrs_logistic_regression": 0.9844747731884824,
            "_thrs_random_forest": 0.735
        },
        {
            "expression": "\u22a2 \u2205 \u2208 _om",
            "prop_expression": " \u22a2 \u2205 \u2208 _om",
            "step": 6,
            "theorem": "peano1",
            "ground_truth": "peano1 \u22a2 \u2205 \u2208 _om",
            "ground_truth_display": false,
            "statement_depth": 0,
            "_thrs_random_uniform": 0.4049304479529585,
            "_thrs_reconstruct": 0.008313345575658241,
            "_thrs_obviousness": 0.0053515475882939334,
            "_thrs_weight": 1.0,
            "_thrs_complexity": 1.0,
            "_thrs_surprisingness": 0.0,
            "_thrs_intensity": 0.19237240605720693,
            "_thrs_interestingness": 0.43954479072910013,
            "_thrs_logistic_regression": 0.738371269960728,
            "_thrs_random_forest": 0.875
        },
        {
            "expression": "\u22a2 ( ( A \u2208 On \u2227 \u2205 \u2208 _om ) \u2192 ( A ^o suc \u2205 ) = ( ( A ^o \u2205 ) .o A ) )",
            "prop_expression": " \u22a2 ( ( A \u2208 On \u2227 B \u2208 _om ) \u2192 ( A ^o suc B ) = ( ( A ^o B ) .o A ) )",
            "step": 7,
            "theorem": "onesuc",
            "ground_truth": "onesuc \u22a2 ( ( A \u2208 On \u2227 \u2205 \u2208 _om ) \u2192 ( A ^o suc \u2205 ) = ( ( A ^o \u2205 ) .o A ) )",
            "ground_truth_display": false,
            "statement_depth": 0,
            "_thrs_random_uniform": 0.14807390236073814,
            "_thrs_reconstruct": 0.4583132962466487,
            "_thrs_obviousness": 0.29502988813472913,
            "_thrs_weight": 0.0,
            "_thrs_complexity": 0.0,
            "_thrs_surprisingness": 1.0,
            "_thrs_intensity": 0.0,
            "_thrs_interestingness": 0.2590059776269458,
            "_thrs_logistic_regression": 0.9397884095199446,
            "_thrs_random_forest": 0.87
        },
        {
            "expression": "\u22a2 ( A \u2208 On \u2192 ( ( A ^o \u2205 ) .o A ) = ( 1o .o A ) )",
            "prop_expression": "( \ud835\udf11 \u2192 A = B ) \u22a2 ( \ud835\udf11 \u2192 ( A F C ) = ( B F C ) )",
            "step": 8,
            "theorem": "oveq1d",
            "ground_truth": "oveq1d \u22a2 ( A \u2208 On \u2192 ( ( A ^o \u2205 ) .o A ) = ( 1o .o A ) )",
            "ground_truth_display": false,
            "statement_depth": 0,
            "_thrs_random_uniform": 0.10296098751963512,
            "_thrs_reconstruct": 5.178887531637873e-07,
            "_thrs_obviousness": 0.055888512519943166,
            "_thrs_weight": 0.33333333333333337,
            "_thrs_complexity": 0.19999999999999996,
            "_thrs_surprisingness": 0.6381418092909537,
            "_thrs_intensity": 0.08619283128537193,