{
    "theorem": "ofreq",
    "hyps": [
        [
            1,
            2
        ],
        [
            1,
            5
        ],
        [
            1,
            6
        ],
        [
            2,
            3
        ],
        [
            3,
            4
        ]
    ],
    "expression": "( R = S \u2192 oR R = oR S )",
    "steps": [
        {
            "expression": "\u22a2 ( R = S \u2192 oR R = oR S )",
            "prop_expression": "( \ud835\udf11 \u2192 A = B ), C = A, D = B \u22a2 ( \ud835\udf11 \u2192 C = D )",
            "step": 1,
            "theorem": "3eqtr4g",
            "ground_truth": "3eqtr4g \u22a2 ( R = S \u2192 oR R = oR S )",
            "ground_truth_display": false,
            "statement_depth": 0,
            "_thrs_random_uniform": 0.657581917815561,
            "_thrs_reconstruct": 0.04182228482507868,
            "_thrs_obviousness": 1.0,
            "_thrs_weight": 1.0,
            "_thrs_complexity": 1.0,
            "_thrs_surprisingness": 0.1333333333333333,
            "_thrs_intensity": 1.0,
            "_thrs_interestingness": 0.8266666666666665,
            "_thrs_logistic_regression": 0.99411520428363,
            "_thrs_random_forest": 0.98
        },
        {
            "expression": "\u22a2 ( R = S \u2192 { \u27e8 f , g \u27e9 | \u2200 x \u2208 ( dom f \u2229 dom g ) ( f ` x ) R ( g ` x ) } = { \u27e8 f , g \u27e9 | \u2200 x \u2208 ( dom f \u2229 dom g ) ( f ` x ) S ( g ` x ) } )",
            "prop_expression": "( \ud835\udf11 \u2192 ( \ud835\udf13 \u2194 \ud835\udf12 ) ) \u22a2 ( \ud835\udf11 \u2192 { \u27e8 x , y \u27e9 | \ud835\udf13 } = { \u27e8 x , y \u27e9 | \ud835\udf12 } )",
            "step": 2,
            "theorem": "opabbidv",
            "ground_truth": "opabbidv \u22a2 ( R = S \u2192 { \u27e8 f , g \u27e9 | \u2200 x \u2208 ( dom f \u2229 dom g ) ( f ` x ) R ( g ` x ) } = { \u27e8 f , g \u27e9 | \u2200 x \u2208 ( dom f \u2229 dom g ) ( f ` x ) S ( g ` x ) } )",
            "ground_truth_display": false,
            "statement_depth": 0,
            "_thrs_random_uniform": 0.8686285793418754,
            "_thrs_reconstruct": 1.0,
            "_thrs_obviousness": 0.9617864416175589,
            "_thrs_weight": 0.0,
            "_thrs_complexity": 0.0,
            "_thrs_surprisingness": 1.0,
            "_thrs_intensity": 0.16235294117647062,
            "_thrs_interestingness": 0.42482787655880594,
            "_thrs_logistic_regression": 0.972527715407531,
            "_thrs_random_forest": 0.95
        },
        {
            "expression": "\u22a2 ( R = S \u2192 ( \u2200 x \u2208 ( dom f \u2229 dom g ) ( f ` x ) R ( g ` x ) \u2194 \u2200 x \u2208 ( dom f \u2229 dom g ) ( f ` x ) S ( g ` x ) ) )",
            "prop_expression": "( \ud835\udf11 \u2192 ( \ud835\udf13 \u2194 \ud835\udf12 ) ) \u22a2 ( \ud835\udf11 \u2192 ( \u2200 x \u2208 A \ud835\udf13 \u2194 \u2200 x \u2208 A \ud835\udf12 ) )",
            "step": 3,
            "theorem": "ralbidv",
            "ground_truth": "ralbidv \u22a2 ( R = S \u2192 ( \u2200 x \u2208 ( dom f \u2229 dom g ) ( f ` x ) R ( g ` x ) \u2194 \u2200 x \u2208 ( dom f \u2229 dom g ) ( f ` x ) S ( g ` x ) ) )",
            "ground_truth_display": false,
            "statement_depth": 0,
            "_thrs_random_uniform": 0.7375081481693994,
            "_thrs_reconstruct": 0.004193689432567635,
            "_thrs_obviousness": 0.04807696552644737,
            "_thrs_weight": 0.1428571428571429,
            "_thrs_complexity": 0.0,
            "_thrs_surprisingness": 1.0,
            "_thrs_intensity": 0.13599999999999998,
            "_thrs_interestingness": 0.265386821676718,
            "_thrs_logistic_regression": 0.9743939787755419,
            "_thrs_random_forest": 0.545
        },
        {
            "expression": "\u22a2 ( R = S \u2192 ( ( f ` x ) R ( g ` x ) \u2194 ( f ` x ) S ( g ` x ) ) )",
            "prop_expression": " \u22a2 ( R = S \u2192 ( A R B \u2194 A S B ) )",
            "step": 4,
            "theorem": "breq",
            "ground_truth": "breq \u22a2 ( R = S \u2192 ( ( f ` x ) R ( g ` x ) \u2194 ( f ` x ) S ( g ` x ) ) )",
            "ground_truth_display": false,
            "statement_depth": 0,
            "_thrs_random_uniform": 0.14786696591923554,
            "_thrs_reconstruct": 0.04842360502677477,
            "_thrs_obviousness": 0.04424510448076766,
            "_thrs_weight": 0.6428571428571428,
            "_thrs_complexity": 0.5,
            "_thrs_surprisingness": 0.0,
            "_thrs_intensity": 0.0,
            "_thrs_interestingness": 0.2374204494675821,
            "_thrs_logistic_regression": 0.8999087677939859,
            "_thrs_random_forest": 0.685
        },
        {
            "expression": "\u22a2 oR R = { \u27e8 f , g \u27e9 | \u2200 x \u2208 ( dom f \u2229 dom g ) ( f ` x ) R ( g ` x ) }",
            "prop_expression": " \u22a2 oR R = { \u27e8 f , g \u27e9 | \u2200 x \u2208 ( dom f \u2229 dom g ) ( f ` x ) R ( g ` x ) }",
            "step": 5,
            "theorem": "df-ofr",
            "ground_truth": "df-ofr \u22a2 oR R = { \u27e8 f , g \u27e9 | \u2200 x \u2208 ( dom f \u2229 dom g ) ( f ` x ) R ( g ` x ) }",
            "ground_truth_display": false,
            "statement_depth": 0,
            "_thrs_random_uniform": 0.16784447651460188,
            "_thrs_reconstruct": 0.0,
            "_thrs_obviousness": 0.0,
            "_thrs_weight": 0.5714285714285714,
            "_thrs_complexity": 0.0,
            "_thrs_surprisingness": 0.5999999999999999,
            "_thrs_intensity": 0.04,
            "_thrs_interestingness": 0.24228571428571427,
            "_thrs_logistic_regression": 0.9833023246793218,
            "_thrs_random_forest": 0.955
        },
        {
            "expression": "\u22a2 oR S = { \u27e8 f , g \u27e9 | \u2200 x \u2208 ( dom f \u2229 dom g ) ( f ` x ) S ( g ` x ) }",
            "prop_expression": " \u22a2 oR R = { \u27e8 f , g \u27e9 | \u2200 x \u2208 ( dom f \u2229 dom g ) ( f ` x ) R ( g ` x ) }",
            "step": 6,
            "theorem": "df-ofr",
            "ground_truth": "df-ofr \u22a2 oR S = { \u27e8 f , g \u27e9 | \u2200 x \u2208 ( dom f \u2229 dom g ) ( f ` x ) S ( g ` x ) }",
            "ground_truth_display": false,
            "statement_depth": 0,
            "_thrs_random_uniform": 0.11201359715209391,
            "_thrs_reconstruct": 0.0,
            "_thrs_obviousness": 0.0,
            "_thrs_weight": 0.5714285714285714,
            "_thrs_complexity": 0.0,
            "_thrs_surprisingness": 0.5999999999999999,
            "_thrs_intensity": 0.04,
            "_thrs_interestingness": 0.24228571428571427,
            "_thrs_logistic_regression": 0.9833023246793218,
            "_thrs_random_forest": 0.955
        }
    ]
}