{
    "theorem": "oibabs",
    "hyps": [
        [
            1,
            2
        ],
        [
            1,
            7
        ],
        [
            2,
            3
        ],
        [
            2,
            6
        ],
        [
            3,
            4
        ],
        [
            3,
            5
        ]
    ],
    "expression": "( ( ( \ud835\udf11 \u2228 \ud835\udf13 ) \u2192 ( \ud835\udf11 \u2194 \ud835\udf13 ) ) \u2194 ( \ud835\udf11 \u2194 \ud835\udf13 ) )",
    "steps": [
        {
            "expression": "\u22a2 ( ( ( \ud835\udf11 \u2228 \ud835\udf13 ) \u2192 ( \ud835\udf11 \u2194 \ud835\udf13 ) ) \u2194 ( \ud835\udf11 \u2194 \ud835\udf13 ) )",
            "prop_expression": "( \ud835\udf11 \u2192 \ud835\udf13 ), ( \ud835\udf13 \u2192 \ud835\udf11 ) \u22a2 ( \ud835\udf11 \u2194 \ud835\udf13 )",
            "step": 1,
            "theorem": "impbii",
            "ground_truth": "impbii \u22a2 ( ( ( \ud835\udf11 \u2228 \ud835\udf13 ) \u2192 ( \ud835\udf11 \u2194 \ud835\udf13 ) ) \u2194 ( \ud835\udf11 \u2194 \ud835\udf13 ) )",
            "ground_truth_display": false,
            "statement_depth": 0,
            "_thrs_random_uniform": 0.79557,
            "_thrs_reconstruct": 0.00154,
            "_thrs_obviousness": 1.0,
            "_thrs_weight": 0.0,
            "_thrs_complexity": 0.5,
            "_thrs_surprisingness": 0.5,
            "_thrs_intensity": 1.0,
            "_thrs_interestingness": 0.6,
            "_thrs_logistic_regression": 0.99801,
            "_thrs_random_forest": 0.945
        },
        {
            "expression": "\u22a2 ( ( ( \ud835\udf11 \u2228 \ud835\udf13 ) \u2192 ( \ud835\udf11 \u2194 \ud835\udf13 ) ) \u2192 ( \ud835\udf11 \u2194 \ud835\udf13 ) )",
            "prop_expression": "( \u00ac \ud835\udf11 \u2192 \ud835\udf12 ), ( \ud835\udf13 \u2192 \ud835\udf12 ) \u22a2 ( ( \ud835\udf11 \u2192 \ud835\udf13 ) \u2192 \ud835\udf12 )",
            "step": 2,
            "theorem": "ja",
            "ground_truth": "ja \u22a2 ( ( ( \ud835\udf11 \u2228 \ud835\udf13 ) \u2192 ( \ud835\udf11 \u2194 \ud835\udf13 ) ) \u2192 ( \ud835\udf11 \u2194 \ud835\udf13 ) )",
            "ground_truth_display": false,
            "statement_depth": 0,
            "_thrs_random_uniform": 0.53479,
            "_thrs_reconstruct": 0.00056,
            "_thrs_obviousness": 0.99888,
            "_thrs_weight": 0.0,
            "_thrs_complexity": 0.5,
            "_thrs_surprisingness": 0.5,
            "_thrs_intensity": 0.6,
            "_thrs_interestingness": 0.51978,
            "_thrs_logistic_regression": 0.98307,
            "_thrs_random_forest": 0.995
        },
        {
            "expression": "\u22a2 ( \u00ac ( \ud835\udf11 \u2228 \ud835\udf13 ) \u2192 ( \ud835\udf11 \u2194 \ud835\udf13 ) )",
            "prop_expression": "( \ud835\udf11 \u2194 \ud835\udf13 ), ( \ud835\udf13 \u2192 \ud835\udf12 ) \u22a2 ( \ud835\udf11 \u2192 \ud835\udf12 )",
            "step": 3,
            "theorem": "sylbi",
            "ground_truth": "sylbi \u22a2 ( \u00ac ( \ud835\udf11 \u2228 \ud835\udf13 ) \u2192 ( \ud835\udf11 \u2194 \ud835\udf13 ) )",
            "ground_truth_display": false,
            "statement_depth": 0,
            "_thrs_random_uniform": 0.19864,
            "_thrs_reconstruct": 0.00097,
            "_thrs_obviousness": 0.99846,
            "_thrs_weight": 1.0,
            "_thrs_complexity": 0.5,
            "_thrs_surprisingness": 0.5,
            "_thrs_intensity": 1.0,
            "_thrs_interestingness": 0.79969,
            "_thrs_logistic_regression": 0.99923,
            "_thrs_random_forest": 0.91
        },
        {
            "expression": "\u22a2 ( \u00ac ( \ud835\udf11 \u2228 \ud835\udf13 ) \u2194 ( \u00ac \ud835\udf11 \u2227 \u00ac \ud835\udf13 ) )",
            "prop_expression": " \u22a2 ( \u00ac ( \ud835\udf11 \u2228 \ud835\udf13 ) \u2194 ( \u00ac \ud835\udf11 \u2227 \u00ac \ud835\udf13 ) )",
            "step": 4,
            "theorem": "ioran",
            "ground_truth": "ioran \u22a2 ( \u00ac ( \ud835\udf11 \u2228 \ud835\udf13 ) \u2194 ( \u00ac \ud835\udf11 \u2227 \u00ac \ud835\udf13 ) )",
            "ground_truth_display": false,
            "statement_depth": 0,
            "_thrs_random_uniform": 0.54593,
            "_thrs_reconstruct": 1.0,
            "_thrs_obviousness": 0.72382,
            "_thrs_weight": 1.0,
            "_thrs_complexity": 0.5,
            "_thrs_surprisingness": 0.5,
            "_thrs_intensity": 0.1,
            "_thrs_interestingness": 0.56476,
            "_thrs_logistic_regression": 0.91222,
            "_thrs_random_forest": 0.6
        },
        {
            "expression": "\u22a2 ( ( \u00ac \ud835\udf11 \u2227 \u00ac \ud835\udf13 ) \u2192 ( \ud835\udf11 \u2194 \ud835\udf13 ) )",
            "prop_expression": " \u22a2 ( ( \u00ac \ud835\udf11 \u2227 \u00ac \ud835\udf13 ) \u2192 ( \ud835\udf11 \u2194 \ud835\udf13 ) )",
            "step": 5,
            "theorem": "pm5.21",
            "ground_truth": "pm5.21 \u22a2 ( ( \u00ac \ud835\udf11 \u2227 \u00ac \ud835\udf13 ) \u2192 ( \ud835\udf11 \u2194 \ud835\udf13 ) )",
            "ground_truth_display": false,
            "statement_depth": 0,
            "_thrs_random_uniform": 0.34783,
            "_thrs_reconstruct": 0.37846,
            "_thrs_obviousness": 0.27394,
            "_thrs_weight": 1.0,
            "_thrs_complexity": 0.5,
            "_thrs_surprisingness": 0.5,
            "_thrs_intensity": 0.1,
            "_thrs_interestingness": 0.47479,
            "_thrs_logistic_regression": 0.91525,
            "_thrs_random_forest": 0.56
        },
        {
            "expression": "\u22a2 ( ( \ud835\udf11 \u2194 \ud835\udf13 ) \u2192 ( \ud835\udf11 \u2194 \ud835\udf13 ) )",
            "prop_expression": " \u22a2 ( \ud835\udf11 \u2192 \ud835\udf11 )",
            "step": 6,
            "theorem": "id",
            "ground_truth": "id \u22a2 ( ( \ud835\udf11 \u2194 \ud835\udf13 ) \u2192 ( \ud835\udf11 \u2194 \ud835\udf13 ) )",
            "ground_truth_display": false,
            "statement_depth": 0,
            "_thrs_random_uniform": 0.97738,
            "_thrs_reconstruct": 1e-05,
            "_thrs_obviousness": 1e-05,
            "_thrs_weight": 1.0,
            "_thrs_complexity": 0.5,
            "_thrs_surprisingness": 0.5,
            "_thrs_intensity": 0.1,
            "_thrs_interestingness": 0.42,
            "_thrs_logistic_regression": 0.91705,
            "_thrs_random_forest": 0.515
        },
        {
            "expression": "\u22a2 ( ( \ud835\udf11 \u2194 \ud835\udf13 ) \u2192 ( ( \ud835\udf11 \u2228 \ud835\udf13 ) \u2192 ( \ud835\udf11 \u2194 \ud835\udf13 ) ) )",
            "prop_expression": " \u22a2 ( \ud835\udf11 \u2192 ( \ud835\udf13 \u2192 \ud835\udf11 ) )",
            "step": 7,
            "theorem": "ax-1",
            "ground_truth": "ax-1 \u22a2 ( ( \ud835\udf11 \u2194 \ud835\udf13 ) \u2192 ( ( \ud835\udf11 \u2228 \ud835\udf13 ) \u2192 ( \ud835\udf11 \u2194 \ud835\udf13 ) ) )",
            "ground_truth_display": false,
            "statement_depth": 0,
            "_thrs_random_uniform": 0.34592,
            "_thrs_reconstruct": 0.0,
            "_thrs_obviousness": 0.0,
            "_thrs_weight": 0.0,
            "_thrs_complexity": 0.5,
            "_thrs_surprisingness": 0.5,
            "_thrs_intensity": 0.0,
            "_thrs_interestingness": 0.2,
            "_thrs_logistic_regression": 0.71293,
            "_thrs_random_forest": 0.945
        }
    ]
}