{
    "theorem": "oninton",
    "hyps": [
        [
            1,
            2
        ],
        [
            2,
            3
        ],
        [
            2,
            5
        ],
        [
            3,
            4
        ]
    ],
    "expression": "( ( A \u2286 On \u2227 A \u2260 \u2205 ) \u2192 \u2229 A \u2208 On )",
    "steps": [
        {
            "expression": "\u22a2 ( ( A \u2286 On \u2227 A \u2260 \u2205 ) \u2192 \u2229 A \u2208 On )",
            "prop_expression": "( \ud835\udf11 \u2192 ( \ud835\udf13 \u2192 \ud835\udf12 ) ) \u22a2 ( ( \ud835\udf11 \u2227 \ud835\udf13 ) \u2192 \ud835\udf12 )",
            "step": 1,
            "theorem": "imp",
            "ground_truth": "imp \u22a2 ( ( A \u2286 On \u2227 A \u2260 \u2205 ) \u2192 \u2229 A \u2208 On )",
            "ground_truth_display": false,
            "statement_depth": 0,
            "_thrs_random_uniform": 0.26612,
            "_thrs_reconstruct": 0.0,
            "_thrs_obviousness": 1.0,
            "_thrs_weight": 1.0,
            "_thrs_complexity": 0.0,
            "_thrs_surprisingness": 1.0,
            "_thrs_intensity": 0.30857,
            "_thrs_interestingness": 0.66171,
            "_thrs_logistic_regression": 0.99506,
            "_thrs_random_forest": 0.935
        },
        {
            "expression": "\u22a2 ( A \u2286 On \u2192 ( A \u2260 \u2205 \u2192 \u2229 A \u2208 On ) )",
            "prop_expression": "( \ud835\udf11 \u2192 ( \ud835\udf13 \u2192 \ud835\udf12 ) ), ( \ud835\udf11 \u2192 ( \ud835\udf12 \u2192 \ud835\udf03 ) ) \u22a2 ( \ud835\udf11 \u2192 ( \ud835\udf13 \u2192 \ud835\udf03 ) )",
            "step": 2,
            "theorem": "syld",
            "ground_truth": "syld \u22a2 ( A \u2286 On \u2192 ( A \u2260 \u2205 \u2192 \u2229 A \u2208 On ) )",
            "ground_truth_display": false,
            "statement_depth": 0,
            "_thrs_random_uniform": 0.40001,
            "_thrs_reconstruct": 0.0,
            "_thrs_obviousness": 1.0,
            "_thrs_weight": 1.0,
            "_thrs_complexity": 0.0,
            "_thrs_surprisingness": 1.0,
            "_thrs_intensity": 1.0,
            "_thrs_interestingness": 0.8,
            "_thrs_logistic_regression": 0.99988,
            "_thrs_random_forest": 0.88
        },
        {
            "expression": "\u22a2 ( A \u2286 On \u2192 ( A \u2260 \u2205 \u2192 \u2229 A \u2208 A ) )",
            "prop_expression": "( ( \ud835\udf11 \u2227 \ud835\udf13 ) \u2192 \ud835\udf12 ) \u22a2 ( \ud835\udf11 \u2192 ( \ud835\udf13 \u2192 \ud835\udf12 ) )",
            "step": 3,
            "theorem": "ex",
            "ground_truth": "ex \u22a2 ( A \u2286 On \u2192 ( A \u2260 \u2205 \u2192 \u2229 A \u2208 A ) )",
            "ground_truth_display": false,
            "statement_depth": 0,
            "_thrs_random_uniform": 0.52165,
            "_thrs_reconstruct": 0.0,
            "_thrs_obviousness": 1.0,
            "_thrs_weight": 1.0,
            "_thrs_complexity": 0.0,
            "_thrs_surprisingness": 1.0,
            "_thrs_intensity": 0.30857,
            "_thrs_interestingness": 0.66171,
            "_thrs_logistic_regression": 0.99506,
            "_thrs_random_forest": 0.815
        },
        {
            "expression": "\u22a2 ( ( A \u2286 On \u2227 A \u2260 \u2205 ) \u2192 \u2229 A \u2208 A )",
            "prop_expression": " \u22a2 ( ( A \u2286 On \u2227 A \u2260 \u2205 ) \u2192 \u2229 A \u2208 A )",
            "step": 4,
            "theorem": "onint",
            "ground_truth": "onint \u22a2 ( ( A \u2286 On \u2227 A \u2260 \u2205 ) \u2192 \u2229 A \u2208 A )",
            "ground_truth_display": false,
            "statement_depth": 0,
            "_thrs_random_uniform": 0.57794,
            "_thrs_reconstruct": 1.0,
            "_thrs_obviousness": 1.0,
            "_thrs_weight": 1.0,
            "_thrs_complexity": 0.0,
            "_thrs_surprisingness": 1.0,
            "_thrs_intensity": 0.12,
            "_thrs_interestingness": 0.624,
            "_thrs_logistic_regression": 0.98646,
            "_thrs_random_forest": 0.905
        },
        {
            "expression": "\u22a2 ( A \u2286 On \u2192 ( \u2229 A \u2208 A \u2192 \u2229 A \u2208 On ) )",
            "prop_expression": " \u22a2 ( A \u2286 B \u2192 ( C \u2208 A \u2192 C \u2208 B ) )",
            "step": 5,
            "theorem": "ssel",
            "ground_truth": "ssel \u22a2 ( A \u2286 On \u2192 ( \u2229 A \u2208 A \u2192 \u2229 A \u2208 On ) )",
            "ground_truth_display": false,
            "statement_depth": 0,
            "_thrs_random_uniform": 0.71341,
            "_thrs_reconstruct": 0.0,
            "_thrs_obviousness": 0.0,
            "_thrs_weight": 0.0,
            "_thrs_complexity": 1.0,
            "_thrs_surprisingness": 0.0,
            "_thrs_intensity": 0.0,
            "_thrs_interestingness": 0.2,
            "_thrs_logistic_regression": 0.27813,
            "_thrs_random_forest": 0.645
        }
    ]
}