{
    "theorem": "oninton",
    "hyps": [
        [
            1,
            2
        ],
        [
            2,
            3
        ],
        [
            2,
            5
        ],
        [
            3,
            4
        ]
    ],
    "expression": "( ( A \u2286 On \u2227 A \u2260 \u2205 ) \u2192 \u2229 A \u2208 On )",
    "steps": [
        {
            "expression": "\u22a2 ( ( A \u2286 On \u2227 A \u2260 \u2205 ) \u2192 \u2229 A \u2208 On )",
            "prop_expression": "( \ud835\udf11 \u2192 ( \ud835\udf13 \u2192 \ud835\udf12 ) ) \u22a2 ( ( \ud835\udf11 \u2227 \ud835\udf13 ) \u2192 \ud835\udf12 )",
            "step": 1,
            "theorem": "imp",
            "ground_truth": "imp \u22a2 ( ( A \u2286 On \u2227 A \u2260 \u2205 ) \u2192 \u2229 A \u2208 On )",
            "ground_truth_display": false,
            "statement_depth": 0,
            "_thrs_random_uniform": 0.10104898528831163,
            "_thrs_reconstruct": 7.217219339297036e-13,
            "_thrs_obviousness": 1.0,
            "_thrs_weight": 1.0,
            "_thrs_complexity": 0.0,
            "_thrs_surprisingness": 1.0,
            "_thrs_intensity": 0.30857142857142855,
            "_thrs_interestingness": 0.6617142857142857,
            "_thrs_logistic_regression": 0.9950634348389338,
            "_thrs_random_forest": 0.935
        },
        {
            "expression": "\u22a2 ( A \u2286 On \u2192 ( A \u2260 \u2205 \u2192 \u2229 A \u2208 On ) )",
            "prop_expression": "( \ud835\udf11 \u2192 ( \ud835\udf13 \u2192 \ud835\udf12 ) ), ( \ud835\udf11 \u2192 ( \ud835\udf12 \u2192 \ud835\udf03 ) ) \u22a2 ( \ud835\udf11 \u2192 ( \ud835\udf13 \u2192 \ud835\udf03 ) )",
            "step": 2,
            "theorem": "syld",
            "ground_truth": "syld \u22a2 ( A \u2286 On \u2192 ( A \u2260 \u2205 \u2192 \u2229 A \u2208 On ) )",
            "ground_truth_display": false,
            "statement_depth": 0,
            "_thrs_random_uniform": 0.6253871440081726,
            "_thrs_reconstruct": 0.0,
            "_thrs_obviousness": 0.9999999999992617,
            "_thrs_weight": 1.0,
            "_thrs_complexity": 0.0,
            "_thrs_surprisingness": 1.0,
            "_thrs_intensity": 1.0,
            "_thrs_interestingness": 0.7999999999998524,
            "_thrs_logistic_regression": 0.9998810702354666,
            "_thrs_random_forest": 0.88
        },
        {
            "expression": "\u22a2 ( A \u2286 On \u2192 ( A \u2260 \u2205 \u2192 \u2229 A \u2208 A ) )",
            "prop_expression": "( ( \ud835\udf11 \u2227 \ud835\udf13 ) \u2192 \ud835\udf12 ) \u22a2 ( \ud835\udf11 \u2192 ( \ud835\udf13 \u2192 \ud835\udf12 ) )",
            "step": 3,
            "theorem": "ex",
            "ground_truth": "ex \u22a2 ( A \u2286 On \u2192 ( A \u2260 \u2205 \u2192 \u2229 A \u2208 A ) )",
            "ground_truth_display": false,
            "statement_depth": 0,
            "_thrs_random_uniform": 0.9296177129689359,
            "_thrs_reconstruct": 3.7738895018461596e-12,
            "_thrs_obviousness": 0.9999999878943233,
            "_thrs_weight": 1.0,
            "_thrs_complexity": 0.0,
            "_thrs_surprisingness": 1.0,
            "_thrs_intensity": 0.30857142857142855,
            "_thrs_interestingness": 0.6617142832931504,
            "_thrs_logistic_regression": 0.9950634348440239,
            "_thrs_random_forest": 0.815
        },
        {
            "expression": "\u22a2 ( ( A \u2286 On \u2227 A \u2260 \u2205 ) \u2192 \u2229 A \u2208 A )",
            "prop_expression": " \u22a2 ( ( A \u2286 On \u2227 A \u2260 \u2205 ) \u2192 \u2229 A \u2208 A )",
            "step": 4,
            "theorem": "onint",
            "ground_truth": "onint \u22a2 ( ( A \u2286 On \u2227 A \u2260 \u2205 ) \u2192 \u2229 A \u2208 A )",
            "ground_truth_display": false,
            "statement_depth": 0,
            "_thrs_random_uniform": 0.5302147986466658,
            "_thrs_reconstruct": 1.0,
            "_thrs_obviousness": 0.9999999878905329,
            "_thrs_weight": 1.0,
            "_thrs_complexity": 0.0,
            "_thrs_surprisingness": 1.0,
            "_thrs_intensity": 0.11999999999999998,
            "_thrs_interestingness": 0.6239999975781065,
            "_thrs_logistic_regression": 0.9864625725055632,
            "_thrs_random_forest": 0.905
        },
        {
            "expression": "\u22a2 ( A \u2286 On \u2192 ( \u2229 A \u2208 A \u2192 \u2229 A \u2208 On ) )",
            "prop_expression": " \u22a2 ( A \u2286 B \u2192 ( C \u2208 A \u2192 C \u2208 B ) )",
            "step": 5,
            "theorem": "ssel",
            "ground_truth": "ssel \u22a2 ( A \u2286 On \u2192 ( \u2229 A \u2208 A \u2192 \u2229 A \u2208 On ) )",
            "ground_truth_display": false,
            "statement_depth": 0,
            "_thrs_random_uniform": 0.787371598192351,
            "_thrs_reconstruct": 1.2104905389281049e-08,
            "_thrs_obviousness": 0.0,
            "_thrs_weight": 0.0,
            "_thrs_complexity": 1.0,
            "_thrs_surprisingness": 0.0,
            "_thrs_intensity": 0.0,
            "_thrs_interestingness": 0.2,
            "_thrs_logistic_regression": 0.2781333495520423,
            "_thrs_random_forest": 0.645
        }
    ]
}