{
    "theorem": "onssmin",
    "hyps": [
        [
            1,
            2
        ],
        [
            1,
            3
        ],
        [
            1,
            5
        ],
        [
            3,
            4
        ],
        [
            5,
            6
        ],
        [
            6,
            7
        ]
    ],
    "expression": "( ( A \u2286 On \u2227 A \u2260 \u2205 ) \u2192 \u2203 x \u2208 A \u2200 y \u2208 A x \u2286 y )",
    "steps": [
        {
            "expression": "\u22a2 ( ( A \u2286 On \u2227 A \u2260 \u2205 ) \u2192 \u2203 x \u2208 A \u2200 y \u2208 A x \u2286 y )",
            "prop_expression": "( \ud835\udf11 \u2192 \ud835\udf13 ), \ud835\udf12, ( ( \ud835\udf13 \u2227 \ud835\udf12 ) \u2192 \ud835\udf03 ) \u22a2 ( \ud835\udf11 \u2192 \ud835\udf03 )",
            "step": 1,
            "theorem": "sylancl",
            "ground_truth": "sylancl \u22a2 ( ( A \u2286 On \u2227 A \u2260 \u2205 ) \u2192 \u2203 x \u2208 A \u2200 y \u2208 A x \u2286 y )",
            "ground_truth_display": false,
            "statement_depth": 0,
            "_thrs_random_uniform": 0.20126,
            "_thrs_reconstruct": 0.0,
            "_thrs_obviousness": 1.0,
            "_thrs_weight": 0.46154,
            "_thrs_complexity": 0.0,
            "_thrs_surprisingness": 0.72222,
            "_thrs_intensity": 1.0,
            "_thrs_interestingness": 0.63675,
            "_thrs_logistic_regression": 0.99986,
            "_thrs_random_forest": 0.93
        },
        {
            "expression": "\u22a2 ( ( A \u2286 On \u2227 A \u2260 \u2205 ) \u2192 \u2229 A \u2208 A )",
            "prop_expression": " \u22a2 ( ( A \u2286 On \u2227 A \u2260 \u2205 ) \u2192 \u2229 A \u2208 A )",
            "step": 2,
            "theorem": "onint",
            "ground_truth": "onint \u22a2 ( ( A \u2286 On \u2227 A \u2260 \u2205 ) \u2192 \u2229 A \u2208 A )",
            "ground_truth_display": false,
            "statement_depth": 0,
            "_thrs_random_uniform": 0.88706,
            "_thrs_reconstruct": 1.0,
            "_thrs_obviousness": 0.99999,
            "_thrs_weight": 0.84615,
            "_thrs_complexity": 0.5,
            "_thrs_surprisingness": 1.0,
            "_thrs_intensity": 0.09524,
            "_thrs_interestingness": 0.68828,
            "_thrs_logistic_regression": 0.81271,
            "_thrs_random_forest": 0.965
        },
        {
            "expression": "\u22a2 \u2200 y \u2208 A \u2229 A \u2286 y",
            "prop_expression": "( x \u2208 A \u2192 \ud835\udf11 ) \u22a2 \u2200 x \u2208 A \ud835\udf11",
            "step": 3,
            "theorem": "rgen",
            "ground_truth": "rgen \u22a2 \u2200 y \u2208 A \u2229 A \u2286 y",
            "ground_truth_display": false,
            "statement_depth": 0,
            "_thrs_random_uniform": 0.95201,
            "_thrs_reconstruct": 0.0,
            "_thrs_obviousness": 1e-05,
            "_thrs_weight": 1.0,
            "_thrs_complexity": 1.0,
            "_thrs_surprisingness": 0.16667,
            "_thrs_intensity": 0.28571,
            "_thrs_interestingness": 0.49048,
            "_thrs_logistic_regression": 0.78849,
            "_thrs_random_forest": 0.895
        },
        {
            "expression": "\u22a2 ( y \u2208 A \u2192 \u2229 A \u2286 y )",
            "prop_expression": " \u22a2 ( A \u2208 B \u2192 \u2229 B \u2286 A )",
            "step": 4,
            "theorem": "intss1",
            "ground_truth": "intss1 \u22a2 ( y \u2208 A \u2192 \u2229 A \u2286 y )",
            "ground_truth_display": false,
            "statement_depth": 0,
            "_thrs_random_uniform": 0.08331,
            "_thrs_reconstruct": 1e-05,
            "_thrs_obviousness": 1e-05,
            "_thrs_weight": 1.0,
            "_thrs_complexity": 1.0,
            "_thrs_surprisingness": 0.16667,
            "_thrs_intensity": 0.12245,
            "_thrs_interestingness": 0.45782,
            "_thrs_logistic_regression": 0.60706,
            "_thrs_random_forest": 0.61
        },
        {
            "expression": "\u22a2 ( ( \u2229 A \u2208 A \u2227 \u2200 y \u2208 A \u2229 A \u2286 y ) \u2192 \u2203 x \u2208 A \u2200 y \u2208 A x \u2286 y )",
            "prop_expression": "( x = A \u2192 ( \ud835\udf11 \u2194 \ud835\udf13 ) ) \u22a2 ( ( A \u2208 B \u2227 \ud835\udf13 ) \u2192 \u2203 x \u2208 B \ud835\udf11 )",
            "step": 5,
            "theorem": "rcla4ev",
            "ground_truth": "rcla4ev \u22a2 ( ( \u2229 A \u2208 A \u2227 \u2200 y \u2208 A \u2229 A \u2286 y ) \u2192 \u2203 x \u2208 A \u2200 y \u2208 A x \u2286 y )",
            "ground_truth_display": false,
            "statement_depth": 0,
            "_thrs_random_uniform": 0.54137,
            "_thrs_reconstruct": 0.0,
            "_thrs_obviousness": 0.0,
            "_thrs_weight": 0.0,
            "_thrs_complexity": 0.5,
            "_thrs_surprisingness": 0.16667,
            "_thrs_intensity": 0.17143,
            "_thrs_interestingness": 0.16762,
            "_thrs_logistic_regression": 0.90772,
            "_thrs_random_forest": 0.879
        },
        {
            "expression": "\u22a2 ( x = \u2229 A \u2192 ( \u2200 y \u2208 A x \u2286 y \u2194 \u2200 y \u2208 A \u2229 A \u2286 y ) )",
            "prop_expression": "( \ud835\udf11 \u2192 ( \ud835\udf13 \u2194 \ud835\udf12 ) ) \u22a2 ( \ud835\udf11 \u2192 ( \u2200 x \u2208 A \ud835\udf13 \u2194 \u2200 x \u2208 A \ud835\udf12 ) )",
            "step": 6,
            "theorem": "ralbidv",
            "ground_truth": "ralbidv \u22a2 ( x = \u2229 A \u2192 ( \u2200 y \u2208 A x \u2286 y \u2194 \u2200 y \u2208 A \u2229 A \u2286 y ) )",
            "ground_truth_display": false,
            "statement_depth": 0,
            "_thrs_random_uniform": 0.02543,
            "_thrs_reconstruct": 0.0,
            "_thrs_obviousness": 0.0,
            "_thrs_weight": 0.30769,
            "_thrs_complexity": 0.5,
            "_thrs_surprisingness": 0.16667,
            "_thrs_intensity": 0.14286,
            "_thrs_interestingness": 0.22344,
            "_thrs_logistic_regression": 0.91874,
            "_thrs_random_forest": 0.375
        },
        {
            "expression": "\u22a2 ( x = \u2229 A \u2192 ( x \u2286 y \u2194 \u2229 A \u2286 y ) )",
            "prop_expression": " \u22a2 ( A = B \u2192 ( A \u2286 C \u2194 B \u2286 C ) )",
            "step": 7,
            "theorem": "sseq1",
            "ground_truth": "sseq1 \u22a2 ( x = \u2229 A \u2192 ( x \u2286 y \u2194 \u2229 A \u2286 y ) )",
            "ground_truth_display": false,
            "statement_depth": 0,
            "_thrs_random_uniform": 0.38388,
            "_thrs_reconstruct": 0.0,
            "_thrs_obviousness": 0.0,
            "_thrs_weight": 0.76923,
            "_thrs_complexity": 1.0,
            "_thrs_surprisingness": 0.0,
            "_thrs_intensity": 0.0,
            "_thrs_interestingness": 0.35385,
            "_thrs_logistic_regression": 0.4452,
            "_thrs_random_forest": 0.505
        }
    ]
}