{
    "theorem": "opabex",
    "hyps": [
        [
            1,
            2
        ],
        [
            1,
            7
        ],
        [
            1,
            10
        ],
        [
            2,
            3
        ],
        [
            2,
            4
        ],
        [
            4,
            5
        ],
        [
            4,
            6
        ],
        [
            7,
            8
        ],
        [
            7,
            9
        ]
    ],
    "expression": "{ \u27e8 x , y \u27e9 | ( x \u2208 A \u2227 \ud835\udf11 ) } \u2208 V",
    "steps": [
        {
            "expression": "\u22a2 { \u27e8 x , y \u27e9 | ( x \u2208 A \u2227 \ud835\udf11 ) } \u2208 V",
            "prop_expression": "\ud835\udf11, \ud835\udf13, ( ( \ud835\udf11 \u2227 \ud835\udf13 ) \u2192 \ud835\udf12 ) \u22a2 \ud835\udf12",
            "step": 1,
            "theorem": "mp2an",
            "ground_truth": "mp2an \u22a2 { \u27e8 x , y \u27e9 | ( x \u2208 A \u2227 \ud835\udf11 ) } \u2208 V",
            "ground_truth_display": false,
            "statement_depth": 0,
            "_thrs_random_uniform": 0.0941048937918515,
            "_thrs_reconstruct": 3.983646641959909e-12,
            "_thrs_obviousness": 1.0,
            "_thrs_weight": 0.7619047619047619,
            "_thrs_complexity": 0.4,
            "_thrs_surprisingness": 0.26970954356846477,
            "_thrs_intensity": 1.0,
            "_thrs_interestingness": 0.6863228610946452,
            "_thrs_logistic_regression": 0.9995764555189361,
            "_thrs_random_forest": 0.96
        },
        {
            "expression": "\u22a2 Fun { \u27e8 x , y \u27e9 | ( x \u2208 A \u2227 \ud835\udf11 ) }",
            "prop_expression": "( \ud835\udf11 \u2194 \u2200 x \ud835\udf13 ), \ud835\udf13 \u22a2 \ud835\udf11",
            "step": 2,
            "theorem": "mpgbir",
            "ground_truth": "mpgbir \u22a2 Fun { \u27e8 x , y \u27e9 | ( x \u2208 A \u2227 \ud835\udf11 ) }",
            "ground_truth_display": false,
            "statement_depth": 0,
            "_thrs_random_uniform": 0.738779817096114,
            "_thrs_reconstruct": 3.77824521097945e-12,
            "_thrs_obviousness": 0.048565189658580595,
            "_thrs_weight": 0.8095238095238095,
            "_thrs_complexity": 0.4,
            "_thrs_surprisingness": 0.24066390041493776,
            "_thrs_intensity": 0.6550522648083623,
            "_thrs_interestingness": 0.43076103288113804,
            "_thrs_logistic_regression": 0.9976973756641141,
            "_thrs_random_forest": 0.975
        },
        {
            "expression": "\u22a2 ( Fun { \u27e8 x , y \u27e9 | ( x \u2208 A \u2227 \ud835\udf11 ) } \u2194 \u2200 x \u2203* y ( x \u2208 A \u2227 \ud835\udf11 ) )",
            "prop_expression": " \u22a2 ( Fun { \u27e8 x , y \u27e9 | \ud835\udf11 } \u2194 \u2200 x \u2203* y \ud835\udf11 )",
            "step": 3,
            "theorem": "funopab",
            "ground_truth": "funopab \u22a2 ( Fun { \u27e8 x , y \u27e9 | ( x \u2208 A \u2227 \ud835\udf11 ) } \u2194 \u2200 x \u2203* y ( x \u2208 A \u2227 \ud835\udf11 ) )",
            "ground_truth_display": false,
            "statement_depth": 0,
            "_thrs_random_uniform": 0.5234612049650967,
            "_thrs_reconstruct": 0.051644813018776686,
            "_thrs_obviousness": 0.048560961256641215,
            "_thrs_weight": 0.5238095238095238,
            "_thrs_complexity": 0.4,
            "_thrs_surprisingness": 0.24066390041493776,
            "_thrs_intensity": 0.037523452157598516,
            "_thrs_interestingness": 0.2501115675277402,
            "_thrs_logistic_regression": 0.9217900679031844,
            "_thrs_random_forest": 0.65
        },
        {
            "expression": "\u22a2 \u2203* y ( x \u2208 A \u2227 \ud835\udf11 )",
            "prop_expression": "\ud835\udf13, ( \ud835\udf11 \u2194 \ud835\udf13 ) \u22a2 \ud835\udf11",
            "step": 4,
            "theorem": "mpbir",
            "ground_truth": "mpbir \u22a2 \u2203* y ( x \u2208 A \u2227 \ud835\udf11 )",
            "ground_truth_display": false,
            "statement_depth": 0,
            "_thrs_random_uniform": 0.0028368492606482,
            "_thrs_reconstruct": 3.777104091918447e-12,
            "_thrs_obviousness": 4.228398384594909e-06,
            "_thrs_weight": 0.9047619047619048,
            "_thrs_complexity": 0.6,
            "_thrs_surprisingness": 0.0,
            "_thrs_intensity": 0.7804878048780488,
            "_thrs_interestingness": 0.4570507876076676,
            "_thrs_logistic_regression": 0.997877253275544,
            "_thrs_random_forest": 0.865
        },
        {
            "expression": "\u22a2 ( x \u2208 A \u2192 \u2203* y \ud835\udf11 )",
            "prop_expression": " \u22a2 ( x \u2208 A \u2192 \u2203* y \ud835\udf11 )",
            "step": 5,
            "theorem": "opabex.2",
            "ground_truth": "opabex.2 \u22a2 ( x \u2208 A \u2192 \u2203* y \ud835\udf11 )",
            "ground_truth_display": false,
            "statement_depth": 0,
            "_thrs_random_uniform": 0.9472026260545234,
            "_thrs_reconstruct": 0.0,
            "_thrs_obviousness": 0.0,
            "_thrs_weight": 0.9047619047619048,
            "_thrs_complexity": 0.6,
            "_thrs_surprisingness": 0.0,
            "_thrs_intensity": 0.19512195121951223,
            "_thrs_interestingness": 0.3399767711962834,
            "_thrs_logistic_regression": 0.9523240186762439,
            "_thrs_random_forest": 0.855
        },
        {
            "expression": "\u22a2 ( \u2203* y ( x \u2208 A \u2227 \ud835\udf11 ) \u2194 ( x \u2208 A \u2192 \u2203* y \ud835\udf11 ) )",
            "prop_expression": " \u22a2 ( \u2203* x ( \ud835\udf11 \u2227 \ud835\udf13 ) \u2194 ( \ud835\udf11 \u2192 \u2203* x \ud835\udf13 ) )",
            "step": 6,
            "theorem": "moanimv",
            "ground_truth": "moanimv \u22a2 ( \u2203* y ( x \u2208 A \u2227 \ud835\udf11 ) \u2194 ( x \u2208 A \u2192 \u2203* y \ud835\udf11 ) )",
            "ground_truth_display": false,
            "statement_depth": 0,
            "_thrs_random_uniform": 0.42380451165175015,
            "_thrs_reconstruct": 4.496917992553191e-06,
            "_thrs_obviousness": 4.22839483088598e-06,
            "_thrs_weight": 0.6666666666666667,
            "_thrs_complexity": 0.6,
            "_thrs_surprisingness": 0.0,
            "_thrs_intensity": 0.04878048780487806,
            "_thrs_interestingness": 0.26309027657327516,
            "_thrs_logistic_regression": 0.8784449292044316,
            "_thrs_random_forest": 0.68
        },
        {
            "expression": "\u22a2 dom { \u27e8 x , y \u27e9 | ( x \u2208 A \u2227 \ud835\udf11 ) } \u2208 V",
            "prop_expression": "B \u2208 V, A \u2286 B \u22a2 A \u2208 V",
            "step": 7,
            "theorem": "ssexi",
            "ground_truth": "ssexi \u22a2 dom { \u27e8 x , y \u27e9 | ( x \u2208 A \u2227 \ud835\udf11 ) } \u2208 V",
            "ground_truth_display": false,
            "statement_depth": 0,
            "_thrs_random_uniform": 0.1727074542738033,
            "_thrs_reconstruct": 1.660520103799868e-05,
            "_thrs_obviousness": 0.011147520712171389,
            "_thrs_weight": 0.7142857142857143,
            "_thrs_complexity": 0.19999999999999996,
            "_thrs_surprisingness": 0.5933609958506225,
            "_thrs_intensity": 0.24390243902439024,
            "_thrs_interestingness": 0.35253933397457965,
            "_thrs_logistic_regression": 0.9866641846418751,
            "_thrs_random_forest": 0.99
        },
        {
            "expression": "\u22a2 A \u2208 V",
            "prop_expression": " \u22a2 A \u2208 V",
            "step": 8,
            "theorem": "opabex.1",
            "ground_truth": "opabex.1 \u22a2 A \u2208 V",
            "ground_truth_display": false,
            "statement_depth": 0,