{
    "theorem": "or32",
    "hyps": [
        [
            1,
            2
        ],
        [
            1,
            3
        ],
        [
            1,
            4
        ]
    ],
    "expression": "( ( ( \ud835\udf11 \u2228 \ud835\udf13 ) \u2228 \ud835\udf12 ) \u2194 ( ( \ud835\udf11 \u2228 \ud835\udf12 ) \u2228 \ud835\udf13 ) )",
    "steps": [
        {
            "expression": "\u22a2 ( ( ( \ud835\udf11 \u2228 \ud835\udf13 ) \u2228 \ud835\udf12 ) \u2194 ( ( \ud835\udf11 \u2228 \ud835\udf12 ) \u2228 \ud835\udf13 ) )",
            "prop_expression": "( \ud835\udf11 \u2194 \ud835\udf13 ), ( \ud835\udf13 \u2194 \ud835\udf12 ), ( \ud835\udf12 \u2194 \ud835\udf03 ) \u22a2 ( \ud835\udf11 \u2194 \ud835\udf03 )",
            "step": 1,
            "theorem": "3bitri",
            "ground_truth": "3bitri \u22a2 ( ( ( \ud835\udf11 \u2228 \ud835\udf13 ) \u2228 \ud835\udf12 ) \u2194 ( ( \ud835\udf11 \u2228 \ud835\udf12 ) \u2228 \ud835\udf13 ) )",
            "ground_truth_display": false,
            "statement_depth": 0,
            "_thrs_random_uniform": 0.42915,
            "_thrs_reconstruct": 0.00375,
            "_thrs_obviousness": 1.0,
            "_thrs_weight": 0.5,
            "_thrs_complexity": 0.5,
            "_thrs_surprisingness": 0.5,
            "_thrs_intensity": 1.0,
            "_thrs_interestingness": 0.7,
            "_thrs_logistic_regression": 0.99877,
            "_thrs_random_forest": 0.89
        },
        {
            "expression": "\u22a2 ( ( ( \ud835\udf11 \u2228 \ud835\udf13 ) \u2228 \ud835\udf12 ) \u2194 ( \ud835\udf11 \u2228 ( \ud835\udf13 \u2228 \ud835\udf12 ) ) )",
            "prop_expression": " \u22a2 ( ( ( \ud835\udf11 \u2228 \ud835\udf13 ) \u2228 \ud835\udf12 ) \u2194 ( \ud835\udf11 \u2228 ( \ud835\udf13 \u2228 \ud835\udf12 ) ) )",
            "step": 2,
            "theorem": "orass",
            "ground_truth": "orass \u22a2 ( ( ( \ud835\udf11 \u2228 \ud835\udf13 ) \u2228 \ud835\udf12 ) \u2194 ( \ud835\udf11 \u2228 ( \ud835\udf13 \u2228 \ud835\udf12 ) ) )",
            "ground_truth_display": false,
            "statement_depth": 0,
            "_thrs_random_uniform": 0.20673,
            "_thrs_reconstruct": 1.0,
            "_thrs_obviousness": 0.5807,
            "_thrs_weight": 0.5,
            "_thrs_complexity": 0.5,
            "_thrs_surprisingness": 0.5,
            "_thrs_intensity": 0.0,
            "_thrs_interestingness": 0.41614,
            "_thrs_logistic_regression": 0.79197,
            "_thrs_random_forest": 0.99
        },
        {
            "expression": "\u22a2 ( ( \ud835\udf11 \u2228 ( \ud835\udf13 \u2228 \ud835\udf12 ) ) \u2194 ( \ud835\udf13 \u2228 ( \ud835\udf11 \u2228 \ud835\udf12 ) ) )",
            "prop_expression": " \u22a2 ( ( \ud835\udf11 \u2228 ( \ud835\udf13 \u2228 \ud835\udf12 ) ) \u2194 ( \ud835\udf13 \u2228 ( \ud835\udf11 \u2228 \ud835\udf12 ) ) )",
            "step": 3,
            "theorem": "or12",
            "ground_truth": "or12 \u22a2 ( ( \ud835\udf11 \u2228 ( \ud835\udf13 \u2228 \ud835\udf12 ) ) \u2194 ( \ud835\udf13 \u2228 ( \ud835\udf11 \u2228 \ud835\udf12 ) ) )",
            "ground_truth_display": false,
            "statement_depth": 0,
            "_thrs_random_uniform": 0.64764,
            "_thrs_reconstruct": 0.46509,
            "_thrs_obviousness": 0.27008,
            "_thrs_weight": 0.5,
            "_thrs_complexity": 0.5,
            "_thrs_surprisingness": 0.5,
            "_thrs_intensity": 0.0,
            "_thrs_interestingness": 0.35402,
            "_thrs_logistic_regression": 0.79631,
            "_thrs_random_forest": 0.985
        },
        {
            "expression": "\u22a2 ( ( \ud835\udf13 \u2228 ( \ud835\udf11 \u2228 \ud835\udf12 ) ) \u2194 ( ( \ud835\udf11 \u2228 \ud835\udf12 ) \u2228 \ud835\udf13 ) )",
            "prop_expression": " \u22a2 ( ( \ud835\udf11 \u2228 \ud835\udf13 ) \u2194 ( \ud835\udf13 \u2228 \ud835\udf11 ) )",
            "step": 4,
            "theorem": "orcom",
            "ground_truth": "orcom \u22a2 ( ( \ud835\udf13 \u2228 ( \ud835\udf11 \u2228 \ud835\udf12 ) ) \u2194 ( ( \ud835\udf11 \u2228 \ud835\udf12 ) \u2228 \ud835\udf13 ) )",
            "ground_truth_display": false,
            "statement_depth": 0,
            "_thrs_random_uniform": 0.12219,
            "_thrs_reconstruct": 0.0,
            "_thrs_obviousness": 0.0,
            "_thrs_weight": 0.5,
            "_thrs_complexity": 0.5,
            "_thrs_surprisingness": 0.5,
            "_thrs_intensity": 0.0,
            "_thrs_interestingness": 0.3,
            "_thrs_logistic_regression": 0.80004,
            "_thrs_random_forest": 1.0
        }
    ]
}