{
    "theorem": "orbi1i",
    "hyps": [
        [
            1,
            2
        ],
        [
            1,
            3
        ],
        [
            1,
            5
        ],
        [
            3,
            4
        ]
    ],
    "expression": "( ( \ud835\udf11 \u2228 \ud835\udf12 ) \u2194 ( \ud835\udf13 \u2228 \ud835\udf12 ) )",
    "steps": [
        {
            "expression": "\u22a2 ( ( \ud835\udf11 \u2228 \ud835\udf12 ) \u2194 ( \ud835\udf13 \u2228 \ud835\udf12 ) )",
            "prop_expression": "( \ud835\udf11 \u2194 \ud835\udf13 ), ( \ud835\udf13 \u2194 \ud835\udf12 ), ( \ud835\udf12 \u2194 \ud835\udf03 ) \u22a2 ( \ud835\udf11 \u2194 \ud835\udf03 )",
            "step": 1,
            "theorem": "3bitri",
            "ground_truth": "3bitri \u22a2 ( ( \ud835\udf11 \u2228 \ud835\udf12 ) \u2194 ( \ud835\udf13 \u2228 \ud835\udf12 ) )",
            "ground_truth_display": false,
            "statement_depth": 0,
            "_thrs_random_uniform": 0.13220382069762615,
            "_thrs_reconstruct": 0.31720363994097395,
            "_thrs_obviousness": 1.0,
            "_thrs_weight": 0.0,
            "_thrs_complexity": 0.0,
            "_thrs_surprisingness": 1.0,
            "_thrs_intensity": 1.0,
            "_thrs_interestingness": 0.6,
            "_thrs_logistic_regression": 0.9996913885209483,
            "_thrs_random_forest": 0.95
        },
        {
            "expression": "\u22a2 ( ( \ud835\udf11 \u2228 \ud835\udf12 ) \u2194 ( \ud835\udf12 \u2228 \ud835\udf11 ) )",
            "prop_expression": " \u22a2 ( ( \ud835\udf11 \u2228 \ud835\udf13 ) \u2194 ( \ud835\udf13 \u2228 \ud835\udf11 ) )",
            "step": 2,
            "theorem": "orcom",
            "ground_truth": "orcom \u22a2 ( ( \ud835\udf11 \u2228 \ud835\udf12 ) \u2194 ( \ud835\udf12 \u2228 \ud835\udf11 ) )",
            "ground_truth_display": false,
            "statement_depth": 0,
            "_thrs_random_uniform": 0.3110854812823721,
            "_thrs_reconstruct": 0.30369732743072636,
            "_thrs_obviousness": 0.15779105304070962,
            "_thrs_weight": 0.0,
            "_thrs_complexity": 1.0,
            "_thrs_surprisingness": 0.0,
            "_thrs_intensity": 0.0,
            "_thrs_interestingness": 0.2315582106081419,
            "_thrs_logistic_regression": 0.27542974175395074,
            "_thrs_random_forest": 0.995
        },
        {
            "expression": "\u22a2 ( ( \ud835\udf12 \u2228 \ud835\udf11 ) \u2194 ( \ud835\udf12 \u2228 \ud835\udf13 ) )",
            "prop_expression": "( \ud835\udf11 \u2194 \ud835\udf13 ) \u22a2 ( ( \ud835\udf12 \u2228 \ud835\udf11 ) \u2194 ( \ud835\udf12 \u2228 \ud835\udf13 ) )",
            "step": 3,
            "theorem": "orbi2i",
            "ground_truth": "orbi2i \u22a2 ( ( \ud835\udf12 \u2228 \ud835\udf11 ) \u2194 ( \ud835\udf12 \u2228 \ud835\udf13 ) )",
            "ground_truth_display": false,
            "statement_depth": 0,
            "_thrs_random_uniform": 0.575650652054683,
            "_thrs_reconstruct": 1.0,
            "_thrs_obviousness": 0.5195774632889286,
            "_thrs_weight": 0.0,
            "_thrs_complexity": 0.0,
            "_thrs_surprisingness": 1.0,
            "_thrs_intensity": 0.1,
            "_thrs_interestingness": 0.32391549265778574,
            "_thrs_logistic_regression": 0.9633193831007071,
            "_thrs_random_forest": 0.985
        },
        {
            "expression": "\u22a2 ( \ud835\udf11 \u2194 \ud835\udf13 )",
            "prop_expression": " \u22a2 ( \ud835\udf11 \u2194 \ud835\udf13 )",
            "step": 4,
            "theorem": "orbi2i.1",
            "ground_truth": "orbi2i.1 \u22a2 ( \ud835\udf11 \u2194 \ud835\udf13 )",
            "ground_truth_display": false,
            "statement_depth": 0,
            "_thrs_random_uniform": 0.39268387959399553,
            "_thrs_reconstruct": 0.0,
            "_thrs_obviousness": 0.0,
            "_thrs_weight": 1.0,
            "_thrs_complexity": 1.0,
            "_thrs_surprisingness": 0.0,
            "_thrs_intensity": 0.2,
            "_thrs_interestingness": 0.44000000000000006,
            "_thrs_logistic_regression": 0.7463301428584279,
            "_thrs_random_forest": 0.995
        },
        {
            "expression": "\u22a2 ( ( \ud835\udf12 \u2228 \ud835\udf13 ) \u2194 ( \ud835\udf13 \u2228 \ud835\udf12 ) )",
            "prop_expression": " \u22a2 ( ( \ud835\udf11 \u2228 \ud835\udf13 ) \u2194 ( \ud835\udf13 \u2228 \ud835\udf11 ) )",
            "step": 5,
            "theorem": "orcom",
            "ground_truth": "orcom \u22a2 ( ( \ud835\udf12 \u2228 \ud835\udf13 ) \u2194 ( \ud835\udf13 \u2228 \ud835\udf12 ) )",
            "ground_truth_display": false,
            "statement_depth": 0,
            "_thrs_random_uniform": 0.4208611845657566,
            "_thrs_reconstruct": 0.30369732743072636,
            "_thrs_obviousness": 0.15779105304070962,
            "_thrs_weight": 0.0,
            "_thrs_complexity": 1.0,
            "_thrs_surprisingness": 0.0,
            "_thrs_intensity": 0.0,
            "_thrs_interestingness": 0.2315582106081419,
            "_thrs_logistic_regression": 0.27542974175395074,
            "_thrs_random_forest": 0.995
        }
    ]
}