{
    "theorem": "orbi1d",
    "hyps": [
        [
            1,
            2
        ],
        [
            1,
            4
        ],
        [
            1,
            5
        ],
        [
            2,
            3
        ]
    ],
    "expression": "( \ud835\udf11 \u2192 ( ( \ud835\udf13 \u2228 \ud835\udf03 ) \u2194 ( \ud835\udf12 \u2228 \ud835\udf03 ) ) )",
    "steps": [
        {
            "expression": "\u22a2 ( \ud835\udf11 \u2192 ( ( \ud835\udf13 \u2228 \ud835\udf03 ) \u2194 ( \ud835\udf12 \u2228 \ud835\udf03 ) ) )",
            "prop_expression": "( \ud835\udf11 \u2192 ( \ud835\udf13 \u2194 \ud835\udf12 ) ), ( \ud835\udf03 \u2194 \ud835\udf13 ), ( \ud835\udf0f \u2194 \ud835\udf12 ) \u22a2 ( \ud835\udf11 \u2192 ( \ud835\udf03 \u2194 \ud835\udf0f ) )",
            "step": 1,
            "theorem": "3bitr4g",
            "ground_truth": "3bitr4g \u22a2 ( \ud835\udf11 \u2192 ( ( \ud835\udf13 \u2228 \ud835\udf03 ) \u2194 ( \ud835\udf12 \u2228 \ud835\udf03 ) ) )",
            "ground_truth_display": false,
            "statement_depth": 0,
            "_thrs_random_uniform": 0.2974178056582888,
            "_thrs_reconstruct": 0.9045599728168535,
            "_thrs_obviousness": 1.0,
            "_thrs_weight": 0.0,
            "_thrs_complexity": 0.0,
            "_thrs_surprisingness": 1.0,
            "_thrs_intensity": 1.0,
            "_thrs_interestingness": 0.6,
            "_thrs_logistic_regression": 0.9996913885209483,
            "_thrs_random_forest": 0.845
        },
        {
            "expression": "\u22a2 ( \ud835\udf11 \u2192 ( ( \ud835\udf03 \u2228 \ud835\udf13 ) \u2194 ( \ud835\udf03 \u2228 \ud835\udf12 ) ) )",
            "prop_expression": "( \ud835\udf11 \u2192 ( \ud835\udf13 \u2194 \ud835\udf12 ) ) \u22a2 ( \ud835\udf11 \u2192 ( ( \ud835\udf03 \u2228 \ud835\udf13 ) \u2194 ( \ud835\udf03 \u2228 \ud835\udf12 ) ) )",
            "step": 2,
            "theorem": "orbi2d",
            "ground_truth": "orbi2d \u22a2 ( \ud835\udf11 \u2192 ( ( \ud835\udf03 \u2228 \ud835\udf13 ) \u2194 ( \ud835\udf03 \u2228 \ud835\udf12 ) ) )",
            "ground_truth_display": false,
            "statement_depth": 0,
            "_thrs_random_uniform": 0.0515420997433812,
            "_thrs_reconstruct": 1.0,
            "_thrs_obviousness": 0.4333914518637199,
            "_thrs_weight": 0.0,
            "_thrs_complexity": 0.0,
            "_thrs_surprisingness": 1.0,
            "_thrs_intensity": 0.14285714285714288,
            "_thrs_interestingness": 0.31524971894417253,
            "_thrs_logistic_regression": 0.9708794125715526,
            "_thrs_random_forest": 0.97
        },
        {
            "expression": "\u22a2 ( \ud835\udf11 \u2192 ( \ud835\udf13 \u2194 \ud835\udf12 ) )",
            "prop_expression": " \u22a2 ( \ud835\udf11 \u2192 ( \ud835\udf13 \u2194 \ud835\udf12 ) )",
            "step": 3,
            "theorem": "bid.1",
            "ground_truth": "bid.1 \u22a2 ( \ud835\udf11 \u2192 ( \ud835\udf13 \u2194 \ud835\udf12 ) )",
            "ground_truth_display": false,
            "statement_depth": 0,
            "_thrs_random_uniform": 0.9842420314858863,
            "_thrs_reconstruct": 0.0,
            "_thrs_obviousness": 0.0,
            "_thrs_weight": 1.0,
            "_thrs_complexity": 0.5,
            "_thrs_surprisingness": 0.4285714285714286,
            "_thrs_intensity": 0.23809523809523808,
            "_thrs_interestingness": 0.4333333333333333,
            "_thrs_logistic_regression": 0.9624866141080178,
            "_thrs_random_forest": 0.995
        },
        {
            "expression": "\u22a2 ( ( \ud835\udf13 \u2228 \ud835\udf03 ) \u2194 ( \ud835\udf03 \u2228 \ud835\udf13 ) )",
            "prop_expression": " \u22a2 ( ( \ud835\udf11 \u2228 \ud835\udf13 ) \u2194 ( \ud835\udf13 \u2228 \ud835\udf11 ) )",
            "step": 4,
            "theorem": "orcom",
            "ground_truth": "orcom \u22a2 ( ( \ud835\udf13 \u2228 \ud835\udf03 ) \u2194 ( \ud835\udf03 \u2228 \ud835\udf13 ) )",
            "ground_truth_display": false,
            "statement_depth": 0,
            "_thrs_random_uniform": 0.6137172043537906,
            "_thrs_reconstruct": 0.20139993204213388,
            "_thrs_obviousness": 0.08728382262852835,
            "_thrs_weight": 0.5,
            "_thrs_complexity": 1.0,
            "_thrs_surprisingness": 0.0,
            "_thrs_intensity": 0.0,
            "_thrs_interestingness": 0.3174567645257057,
            "_thrs_logistic_regression": 0.38122756552672965,
            "_thrs_random_forest": 0.98
        },
        {
            "expression": "\u22a2 ( ( \ud835\udf12 \u2228 \ud835\udf03 ) \u2194 ( \ud835\udf03 \u2228 \ud835\udf12 ) )",
            "prop_expression": " \u22a2 ( ( \ud835\udf11 \u2228 \ud835\udf13 ) \u2194 ( \ud835\udf13 \u2228 \ud835\udf11 ) )",
            "step": 5,
            "theorem": "orcom",
            "ground_truth": "orcom \u22a2 ( ( \ud835\udf12 \u2228 \ud835\udf03 ) \u2194 ( \ud835\udf03 \u2228 \ud835\udf12 ) )",
            "ground_truth_display": false,
            "statement_depth": 0,
            "_thrs_random_uniform": 0.6316048085539502,
            "_thrs_reconstruct": 0.20139993204213388,
            "_thrs_obviousness": 0.08728382262852835,
            "_thrs_weight": 0.5,
            "_thrs_complexity": 1.0,
            "_thrs_surprisingness": 0.0,
            "_thrs_intensity": 0.0,
            "_thrs_interestingness": 0.3174567645257057,
            "_thrs_logistic_regression": 0.38122756552672965,
            "_thrs_random_forest": 0.98
        }
    ]
}