{
    "theorem": "orim1d",
    "hyps": [
        [
            1,
            2
        ],
        [
            1,
            3
        ]
    ],
    "expression": "( \ud835\udf11 \u2192 ( ( \ud835\udf13 \u2228 \ud835\udf03 ) \u2192 ( \ud835\udf12 \u2228 \ud835\udf03 ) ) )",
    "steps": [
        {
            "expression": "\u22a2 ( \ud835\udf11 \u2192 ( ( \ud835\udf13 \u2228 \ud835\udf03 ) \u2192 ( \ud835\udf12 \u2228 \ud835\udf03 ) ) )",
            "prop_expression": "( \ud835\udf11 \u2192 ( \ud835\udf13 \u2192 \ud835\udf12 ) ), ( \ud835\udf11 \u2192 ( \ud835\udf03 \u2192 \ud835\udf0f ) ) \u22a2 ( \ud835\udf11 \u2192 ( ( \ud835\udf13 \u2228 \ud835\udf03 ) \u2192 ( \ud835\udf12 \u2228 \ud835\udf0f ) ) )",
            "step": 1,
            "theorem": "orim12d",
            "ground_truth": "orim12d \u22a2 ( \ud835\udf11 \u2192 ( ( \ud835\udf13 \u2228 \ud835\udf03 ) \u2192 ( \ud835\udf12 \u2228 \ud835\udf03 ) ) )",
            "ground_truth_display": false,
            "statement_depth": 0,
            "_thrs_random_uniform": 0.8059,
            "_thrs_reconstruct": 1.0,
            "_thrs_obviousness": 1.0,
            "_thrs_weight": 0.0,
            "_thrs_complexity": 0.0,
            "_thrs_surprisingness": 1.0,
            "_thrs_intensity": 1.0,
            "_thrs_interestingness": 0.6,
            "_thrs_logistic_regression": 0.99969,
            "_thrs_random_forest": 0.715
        },
        {
            "expression": "\u22a2 ( \ud835\udf11 \u2192 ( \ud835\udf13 \u2192 \ud835\udf12 ) )",
            "prop_expression": " \u22a2 ( \ud835\udf11 \u2192 ( \ud835\udf13 \u2192 \ud835\udf12 ) )",
            "step": 2,
            "theorem": "orim1d.1",
            "ground_truth": "orim1d.1 \u22a2 ( \ud835\udf11 \u2192 ( \ud835\udf13 \u2192 \ud835\udf12 ) )",
            "ground_truth_display": false,
            "statement_depth": 0,
            "_thrs_random_uniform": 0.31431,
            "_thrs_reconstruct": 0.0,
            "_thrs_obviousness": 0.0,
            "_thrs_weight": 1.0,
            "_thrs_complexity": 0.5,
            "_thrs_surprisingness": 0.5,
            "_thrs_intensity": 0.625,
            "_thrs_interestingness": 0.525,
            "_thrs_logistic_regression": 0.99471,
            "_thrs_random_forest": 0.995
        },
        {
            "expression": "\u22a2 ( \ud835\udf11 \u2192 ( \ud835\udf03 \u2192 \ud835\udf03 ) )",
            "prop_expression": " \u22a2 ( \ud835\udf11 \u2192 ( \ud835\udf13 \u2192 \ud835\udf13 ) )",
            "step": 3,
            "theorem": "idd",
            "ground_truth": "idd \u22a2 ( \ud835\udf11 \u2192 ( \ud835\udf03 \u2192 \ud835\udf03 ) )",
            "ground_truth_display": false,
            "statement_depth": 0,
            "_thrs_random_uniform": 0.1595,
            "_thrs_reconstruct": 0.00037,
            "_thrs_obviousness": 0.00037,
            "_thrs_weight": 1.0,
            "_thrs_complexity": 1.0,
            "_thrs_surprisingness": 0.0,
            "_thrs_intensity": 0.0,
            "_thrs_interestingness": 0.40007,
            "_thrs_logistic_regression": 0.49999,
            "_thrs_random_forest": 0.96
        }
    ]
}