{
    "theorem": "php4",
    "hyps": [
        [
            1,
            2
        ],
        [
            1,
            10
        ],
        [
            2,
            3
        ],
        [
            2,
            4
        ],
        [
            4,
            5
        ],
        [
            4,
            6
        ],
        [
            4,
            9
        ],
        [
            6,
            7
        ],
        [
            7,
            8
        ],
        [
            10,
            11
        ],
        [
            10,
            12
        ]
    ],
    "expression": "( A \u2208 _om \u2192 A \u227a suc A )",
    "steps": [
        {
            "expression": "\u22a2 ( A \u2208 _om \u2192 A \u227a suc A )",
            "prop_expression": "( \ud835\udf11 \u2192 \ud835\udf13 ), ( ( \ud835\udf11 \u2227 \ud835\udf13 ) \u2192 \ud835\udf12 ) \u22a2 ( \ud835\udf11 \u2192 \ud835\udf12 )",
            "step": 1,
            "theorem": "mpdan",
            "ground_truth": "mpdan \u22a2 ( A \u2208 _om \u2192 A \u227a suc A )",
            "ground_truth_display": false,
            "statement_depth": 0,
            "_thrs_random_uniform": 0.9848428409803989,
            "_thrs_reconstruct": 8.38670657323281e-15,
            "_thrs_obviousness": 1.0,
            "_thrs_weight": 0.75,
            "_thrs_complexity": 0.33333333333333337,
            "_thrs_surprisingness": 0.5285359801488834,
            "_thrs_intensity": 0.8040201005025125,
            "_thrs_interestingness": 0.6831778827969458,
            "_thrs_logistic_regression": 0.9987530553054095,
            "_thrs_random_forest": 0.96
        },
        {
            "expression": "\u22a2 ( A \u2208 _om \u2192 A \u228a suc A )",
            "prop_expression": "( \ud835\udf11 \u2192 \ud835\udf13 ), ( \ud835\udf11 \u2192 ( \ud835\udf13 \u2194 \ud835\udf12 ) ) \u22a2 ( \ud835\udf11 \u2192 \ud835\udf12 )",
            "step": 2,
            "theorem": "mpbid",
            "ground_truth": "mpbid \u22a2 ( A \u2208 _om \u2192 A \u228a suc A )",
            "ground_truth_display": false,
            "statement_depth": 0,
            "_thrs_random_uniform": 0.1701650634469637,
            "_thrs_reconstruct": 7.304317596118256e-16,
            "_thrs_obviousness": 0.01408487671035658,
            "_thrs_weight": 0.75,
            "_thrs_complexity": 0.33333333333333337,
            "_thrs_surprisingness": 0.4516129032258064,
            "_thrs_intensity": 1.0,
            "_thrs_interestingness": 0.5098062226538993,
            "_thrs_logistic_regression": 0.999641001974029,
            "_thrs_random_forest": 0.99
        },
        {
            "expression": "\u22a2 ( A \u2208 _om \u2192 A \u2208 suc A )",
            "prop_expression": " \u22a2 ( A \u2208 V \u2192 A \u2208 suc A )",
            "step": 3,
            "theorem": "sucidg",
            "ground_truth": "sucidg \u22a2 ( A \u2208 _om \u2192 A \u2208 suc A )",
            "ground_truth_display": false,
            "statement_depth": 0,
            "_thrs_random_uniform": 0.7479242204026624,
            "_thrs_reconstruct": 2.3360709710078522e-08,
            "_thrs_obviousness": 0.0,
            "_thrs_weight": 0.75,
            "_thrs_complexity": 0.6666666666666667,
            "_thrs_surprisingness": 0.05459057071960298,
            "_thrs_intensity": 0.08542713567839195,
            "_thrs_interestingness": 0.31133687461293236,
            "_thrs_logistic_regression": 0.8632214298876425,
            "_thrs_random_forest": 0.58
        },
        {
            "expression": "\u22a2 ( A \u2208 _om \u2192 ( A \u2208 suc A \u2194 A \u228a suc A ) )",
            "prop_expression": "( \ud835\udf11 \u2192 \ud835\udf13 ), ( \ud835\udf13 \u2192 \ud835\udf12 ), ( \ud835\udf12 \u2192 \ud835\udf03 ) \u22a2 ( \ud835\udf11 \u2192 \ud835\udf03 )",
            "step": 4,
            "theorem": "3syl",
            "ground_truth": "3syl \u22a2 ( A \u2208 _om \u2192 ( A \u2208 suc A \u2194 A \u228a suc A ) )",
            "ground_truth_display": false,
            "statement_depth": 0,
            "_thrs_random_uniform": 0.4444411588102357,
            "_thrs_reconstruct": 0.0,
            "_thrs_obviousness": 0.014084855974932177,
            "_thrs_weight": 0.25,
            "_thrs_complexity": 0.33333333333333337,
            "_thrs_surprisingness": 0.4516129032258064,
            "_thrs_intensity": 0.6901933911984162,
            "_thrs_interestingness": 0.3478448967464976,
            "_thrs_logistic_regression": 0.9969310614713892,
            "_thrs_random_forest": 0.565
        },
        {
            "expression": "\u22a2 ( A \u2208 _om \u2192 Ord A )",
            "prop_expression": " \u22a2 ( A \u2208 _om \u2192 Ord A )",
            "step": 5,
            "theorem": "nnord",
            "ground_truth": "nnord \u22a2 ( A \u2208 _om \u2192 Ord A )",
            "ground_truth_display": false,
            "statement_depth": 0,
            "_thrs_random_uniform": 0.7317159668649075,
            "_thrs_reconstruct": 0.008464821911386592,
            "_thrs_obviousness": 0.007513521069319146,
            "_thrs_weight": 1.0,
            "_thrs_complexity": 0.6666666666666667,
            "_thrs_surprisingness": 0.20347394540942929,
            "_thrs_intensity": 0.18994974874371862,
            "_thrs_interestingness": 0.41352077637782675,
            "_thrs_logistic_regression": 0.9200048834088603,
            "_thrs_random_forest": 0.55
        },
        {
            "expression": "\u22a2 ( Ord A \u2192 ( Ord A \u2227 Ord suc A ) )",
            "prop_expression": "( \ud835\udf11 \u2192 \ud835\udf13 ) \u22a2 ( \ud835\udf11 \u2192 ( \ud835\udf11 \u2227 \ud835\udf13 ) )",
            "step": 6,
            "theorem": "ancli",
            "ground_truth": "ancli \u22a2 ( Ord A \u2192 ( Ord A \u2227 Ord suc A ) )",
            "ground_truth_display": false,
            "statement_depth": 0,
            "_thrs_random_uniform": 0.009531558240635785,
            "_thrs_reconstruct": 8.398759902599341e-15,
            "_thrs_obviousness": 0.006397903176676933,
            "_thrs_weight": 0.75,
            "_thrs_complexity": 1.0,
            "_thrs_surprisingness": 0.0,
            "_thrs_intensity": 0.15075376884422112,
            "_thrs_interestingness": 0.3814303344041796,
            "_thrs_logistic_regression": 0.6397859700313292,
            "_thrs_random_forest": 0.575
        },
        {
            "expression": "\u22a2 ( Ord A \u2192 Ord suc A )",
            "prop_expression": "( \ud835\udf11 \u2194 \ud835\udf13 ) \u22a2 ( \ud835\udf11 \u2192 \ud835\udf13 )",
            "step": 7,
            "theorem": "biimpi",
            "ground_truth": "biimpi \u22a2 ( Ord A \u2192 Ord suc A )",
            "ground_truth_display": false,
            "statement_depth": 0,
            "_thrs_random_uniform": 0.44102405125386035,
            "_thrs_reconstruct": 7.135570984986811e-16,
            "_thrs_obviousness": 0.006397903176669458,
            "_thrs_weight": 1.0,
            "_thrs_complexity": 1.0,
            "_thrs_surprisingness": 0.0,
            "_thrs_intensity": 0.2814070351758794,
            "_thrs_interestingness": 0.4575609876705097,
            "_thrs_logistic_regression": 0.8202190730508248,
            "_thrs_random_forest": 0.415
        },
        {
            "expression": "\u22a2 ( Ord A \u2194 Ord suc A )",
            "prop_expression": " \u22a2 ( Ord A \u2194 Ord suc A )",
            "step": 8,
            "theorem": "ordsuc",
            "ground_truth": "ordsuc \u22a2 ( Ord A \u2194 Ord suc A )",
            "ground_truth_display": false,
            "statement_depth": 0,
            "_thrs_random_uniform": 0.06854056363444416,
            "_thrs_reconstruct": 0.007207957036224731,
            "_thrs_obviousness": 0.006397903176668803,
            "_thrs_weight": 1.0,
            "_thrs_complexity": 1.0,
            "_thrs_surprisingness": 0.0,