{
    "theorem": "pm2.64",
    "hyps": [
        [
            1,
            2
        ],
        [
            2,
            3
        ],
        [
            2,
            4
        ]
    ],
    "expression": "( ( \ud835\udf11 \u2228 \ud835\udf13 ) \u2192 ( ( \ud835\udf11 \u2228 \u00ac \ud835\udf13 ) \u2192 \ud835\udf11 ) )",
    "steps": [
        {
            "expression": "\u22a2 ( ( \ud835\udf11 \u2228 \ud835\udf13 ) \u2192 ( ( \ud835\udf11 \u2228 \u00ac \ud835\udf13 ) \u2192 \ud835\udf11 ) )",
            "prop_expression": "( \ud835\udf11 \u2192 ( \ud835\udf13 \u2192 \ud835\udf12 ) ) \u22a2 ( \ud835\udf13 \u2192 ( \ud835\udf11 \u2192 \ud835\udf12 ) )",
            "step": 1,
            "theorem": "com12",
            "ground_truth": "com12 \u22a2 ( ( \ud835\udf11 \u2228 \ud835\udf13 ) \u2192 ( ( \ud835\udf11 \u2228 \u00ac \ud835\udf13 ) \u2192 \ud835\udf11 ) )",
            "ground_truth_display": false,
            "statement_depth": 0,
            "_thrs_random_uniform": 0.64606204821373,
            "_thrs_reconstruct": 0.02982456140350877,
            "_thrs_obviousness": 1.0,
            "_thrs_weight": 0.0,
            "_thrs_complexity": 0.5,
            "_thrs_surprisingness": 0.5,
            "_thrs_intensity": 0.45454545454545453,
            "_thrs_interestingness": 0.4909090909090909,
            "_thrs_logistic_regression": 0.9636184382693637,
            "_thrs_random_forest": 0.965
        },
        {
            "expression": "\u22a2 ( ( \ud835\udf11 \u2228 \u00ac \ud835\udf13 ) \u2192 ( ( \ud835\udf11 \u2228 \ud835\udf13 ) \u2192 \ud835\udf11 ) )",
            "prop_expression": "( \ud835\udf11 \u2192 \ud835\udf13 ), ( \ud835\udf12 \u2192 \ud835\udf13 ) \u22a2 ( ( \ud835\udf11 \u2228 \ud835\udf12 ) \u2192 \ud835\udf13 )",
            "step": 2,
            "theorem": "jaoi",
            "ground_truth": "jaoi \u22a2 ( ( \ud835\udf11 \u2228 \u00ac \ud835\udf13 ) \u2192 ( ( \ud835\udf11 \u2228 \ud835\udf13 ) \u2192 \ud835\udf11 ) )",
            "ground_truth_display": false,
            "statement_depth": 0,
            "_thrs_random_uniform": 0.25325836827065584,
            "_thrs_reconstruct": 0.8631578947368421,
            "_thrs_obviousness": 0.9833641404805915,
            "_thrs_weight": 0.0,
            "_thrs_complexity": 0.5,
            "_thrs_surprisingness": 0.5,
            "_thrs_intensity": 1.0,
            "_thrs_interestingness": 0.5966728280961183,
            "_thrs_logistic_regression": 0.998016983486188,
            "_thrs_random_forest": 0.97
        },
        {
            "expression": "\u22a2 ( \ud835\udf11 \u2192 ( ( \ud835\udf11 \u2228 \ud835\udf13 ) \u2192 \ud835\udf11 ) )",
            "prop_expression": " \u22a2 ( \ud835\udf11 \u2192 ( \ud835\udf13 \u2192 \ud835\udf11 ) )",
            "step": 3,
            "theorem": "ax-1",
            "ground_truth": "ax-1 \u22a2 ( \ud835\udf11 \u2192 ( ( \ud835\udf11 \u2228 \ud835\udf13 ) \u2192 \ud835\udf11 ) )",
            "ground_truth_display": false,
            "statement_depth": 0,
            "_thrs_random_uniform": 0.8656336353624954,
            "_thrs_reconstruct": 0.0,
            "_thrs_obviousness": 0.0,
            "_thrs_weight": 1.0,
            "_thrs_complexity": 0.5,
            "_thrs_surprisingness": 0.5,
            "_thrs_intensity": 0.0,
            "_thrs_interestingness": 0.4,
            "_thrs_logistic_regression": 0.8656917795982607,
            "_thrs_random_forest": 0.135
        },
        {
            "expression": "\u22a2 ( \u00ac \ud835\udf13 \u2192 ( ( \ud835\udf11 \u2228 \ud835\udf13 ) \u2192 \ud835\udf11 ) )",
            "prop_expression": " \u22a2 ( \u00ac \ud835\udf11 \u2192 ( ( \ud835\udf13 \u2228 \ud835\udf11 ) \u2192 \ud835\udf13 ) )",
            "step": 4,
            "theorem": "orel2",
            "ground_truth": "orel2 \u22a2 ( \u00ac \ud835\udf13 \u2192 ( ( \ud835\udf11 \u2228 \ud835\udf13 ) \u2192 \ud835\udf11 ) )",
            "ground_truth_display": false,
            "statement_depth": 0,
            "_thrs_random_uniform": 0.7054432004150906,
            "_thrs_reconstruct": 1.0,
            "_thrs_obviousness": 0.5268022181146026,
            "_thrs_weight": 1.0,
            "_thrs_complexity": 0.5,
            "_thrs_surprisingness": 0.5,
            "_thrs_intensity": 0.0,
            "_thrs_interestingness": 0.5053604436229205,
            "_thrs_logistic_regression": 0.8603619023886384,
            "_thrs_random_forest": 0.32
        }
    ]
}