{
    "theorem": "pm2.04",
    "hyps": [
        [
            1,
            2
        ]
    ],
    "expression": "( ( \ud835\udf11 \u2192 ( \ud835\udf13 \u2192 \ud835\udf12 ) ) \u2192 ( \ud835\udf13 \u2192 ( \ud835\udf11 \u2192 \ud835\udf12 ) ) )",
    "steps": [
        {
            "number": 75,
            "expression": "\u22a2 ( ( \ud835\udf11 \u2192 ( \ud835\udf13 \u2192 \ud835\udf12 ) ) \u2192 ( \ud835\udf13 \u2192 ( \ud835\udf11 \u2192 \ud835\udf12 ) ) )",
            "prop_expression": "( \ud835\udf11 \u2192 ( \ud835\udf13 \u2192 ( \ud835\udf12 \u2192 \ud835\udf03 ) ) ) \u22a2 ( \ud835\udf11 \u2192 ( \ud835\udf12 \u2192 ( \ud835\udf13 \u2192 \ud835\udf03 ) ) )",
            "step": 1,
            "theorem": "com23",
            "ground_truth": "com23 \u22a2 ( ( \ud835\udf11 \u2192 ( \ud835\udf13 \u2192 \ud835\udf12 ) ) \u2192 ( \ud835\udf13 \u2192 ( \ud835\udf11 \u2192 \ud835\udf12 ) ) )",
            "ground_truth_display": false,
            "statement_depth": 0,
            "_thrs_random_uniform": 0.18249,
            "_thrs_reconstruct": 1.0,
            "_thrs_obviousness": 1.0,
            "_thrs_weight": 0.5,
            "_thrs_complexity": 0.5,
            "_thrs_surprisingness": 0.5,
            "_thrs_intensity": 1.0,
            "_thrs_interestingness": 0.7,
            "_thrs_logistic_regression": 0.99877,
            "_thrs_random_forest": 0.645
        },
        {
            "number": 75,
            "expression": "\u22a2 ( ( \ud835\udf11 \u2192 ( \ud835\udf13 \u2192 \ud835\udf12 ) ) \u2192 ( \ud835\udf11 \u2192 ( \ud835\udf13 \u2192 \ud835\udf12 ) ) )",
            "prop_expression": " \u22a2 ( \ud835\udf11 \u2192 \ud835\udf11 )",
            "step": 2,
            "theorem": "id",
            "ground_truth": "id \u22a2 ( ( \ud835\udf11 \u2192 ( \ud835\udf13 \u2192 \ud835\udf12 ) ) \u2192 ( \ud835\udf11 \u2192 ( \ud835\udf13 \u2192 \ud835\udf12 ) ) )",
            "ground_truth_display": false,
            "statement_depth": 0,
            "_thrs_random_uniform": 0.20909,
            "_thrs_reconstruct": 0.0,
            "_thrs_obviousness": 0.0,
            "_thrs_weight": 0.5,
            "_thrs_complexity": 0.5,
            "_thrs_surprisingness": 0.5,
            "_thrs_intensity": 0.0,
            "_thrs_interestingness": 0.3,
            "_thrs_logistic_regression": 0.80004,
            "_thrs_random_forest": 0.93
        }
    ],
    "is_train": false
}