{
    "theorem": "pm2.76",
    "hyps": [
        [
            1,
            2
        ]
    ],
    "expression": "( ( \ud835\udf11 \u2228 ( \ud835\udf13 \u2192 \ud835\udf12 ) ) \u2192 ( ( \ud835\udf11 \u2228 \ud835\udf13 ) \u2192 ( \ud835\udf11 \u2228 \ud835\udf12 ) ) )",
    "steps": [
        {
            "expression": "\u22a2 ( ( \ud835\udf11 \u2228 ( \ud835\udf13 \u2192 \ud835\udf12 ) ) \u2192 ( ( \ud835\udf11 \u2228 \ud835\udf13 ) \u2192 ( \ud835\udf11 \u2228 \ud835\udf12 ) ) )",
            "prop_expression": "( \ud835\udf11 \u2194 \ud835\udf13 ) \u22a2 ( \ud835\udf11 \u2192 \ud835\udf13 )",
            "step": 1,
            "theorem": "biimpi",
            "ground_truth": "biimpi \u22a2 ( ( \ud835\udf11 \u2228 ( \ud835\udf13 \u2192 \ud835\udf12 ) ) \u2192 ( ( \ud835\udf11 \u2228 \ud835\udf13 ) \u2192 ( \ud835\udf11 \u2228 \ud835\udf12 ) ) )",
            "ground_truth_display": false,
            "statement_depth": 0,
            "_thrs_random_uniform": 0.11992,
            "_thrs_reconstruct": 0.0,
            "_thrs_obviousness": 1.0,
            "_thrs_weight": 0.5,
            "_thrs_complexity": 0.5,
            "_thrs_surprisingness": 0.5,
            "_thrs_intensity": 1.0,
            "_thrs_interestingness": 0.7,
            "_thrs_logistic_regression": 0.99877,
            "_thrs_random_forest": 0.675
        },
        {
            "expression": "\u22a2 ( ( \ud835\udf11 \u2228 ( \ud835\udf13 \u2192 \ud835\udf12 ) ) \u2194 ( ( \ud835\udf11 \u2228 \ud835\udf13 ) \u2192 ( \ud835\udf11 \u2228 \ud835\udf12 ) ) )",
            "prop_expression": " \u22a2 ( ( \ud835\udf11 \u2228 ( \ud835\udf13 \u2192 \ud835\udf12 ) ) \u2194 ( ( \ud835\udf11 \u2228 \ud835\udf13 ) \u2192 ( \ud835\udf11 \u2228 \ud835\udf12 ) ) )",
            "step": 2,
            "theorem": "orimdi",
            "ground_truth": "orimdi \u22a2 ( ( \ud835\udf11 \u2228 ( \ud835\udf13 \u2192 \ud835\udf12 ) ) \u2194 ( ( \ud835\udf11 \u2228 \ud835\udf13 ) \u2192 ( \ud835\udf11 \u2228 \ud835\udf12 ) ) )",
            "ground_truth_display": false,
            "statement_depth": 0,
            "_thrs_random_uniform": 0.5763,
            "_thrs_reconstruct": 1.0,
            "_thrs_obviousness": 0.0,
            "_thrs_weight": 0.5,
            "_thrs_complexity": 0.5,
            "_thrs_surprisingness": 0.5,
            "_thrs_intensity": 0.0,
            "_thrs_interestingness": 0.3,
            "_thrs_logistic_regression": 0.80004,
            "_thrs_random_forest": 0.895
        }
    ]
}