{
    "theorem": "pm2.64",
    "hyps": [
        [
            1,
            2
        ],
        [
            2,
            3
        ],
        [
            2,
            4
        ]
    ],
    "expression": "( ( \ud835\udf11 \u2228 \ud835\udf13 ) \u2192 ( ( \ud835\udf11 \u2228 \u00ac \ud835\udf13 ) \u2192 \ud835\udf11 ) )",
    "steps": [
        {
            "expression": "\u22a2 ( ( \ud835\udf11 \u2228 \ud835\udf13 ) \u2192 ( ( \ud835\udf11 \u2228 \u00ac \ud835\udf13 ) \u2192 \ud835\udf11 ) )",
            "prop_expression": "( \ud835\udf11 \u2192 ( \ud835\udf13 \u2192 \ud835\udf12 ) ) \u22a2 ( \ud835\udf13 \u2192 ( \ud835\udf11 \u2192 \ud835\udf12 ) )",
            "step": 1,
            "theorem": "com12",
            "ground_truth": "com12 \u22a2 ( ( \ud835\udf11 \u2228 \ud835\udf13 ) \u2192 ( ( \ud835\udf11 \u2228 \u00ac \ud835\udf13 ) \u2192 \ud835\udf11 ) )",
            "ground_truth_display": false,
            "statement_depth": 0,
            "_thrs_random_uniform": 0.04283,
            "_thrs_reconstruct": 0.02982,
            "_thrs_obviousness": 1.0,
            "_thrs_weight": 0.0,
            "_thrs_complexity": 0.5,
            "_thrs_surprisingness": 0.5,
            "_thrs_intensity": 0.45455,
            "_thrs_interestingness": 0.49091,
            "_thrs_logistic_regression": 0.96362,
            "_thrs_random_forest": 0.965
        },
        {
            "expression": "\u22a2 ( ( \ud835\udf11 \u2228 \u00ac \ud835\udf13 ) \u2192 ( ( \ud835\udf11 \u2228 \ud835\udf13 ) \u2192 \ud835\udf11 ) )",
            "prop_expression": "( \ud835\udf11 \u2192 \ud835\udf13 ), ( \ud835\udf12 \u2192 \ud835\udf13 ) \u22a2 ( ( \ud835\udf11 \u2228 \ud835\udf12 ) \u2192 \ud835\udf13 )",
            "step": 2,
            "theorem": "jaoi",
            "ground_truth": "jaoi \u22a2 ( ( \ud835\udf11 \u2228 \u00ac \ud835\udf13 ) \u2192 ( ( \ud835\udf11 \u2228 \ud835\udf13 ) \u2192 \ud835\udf11 ) )",
            "ground_truth_display": false,
            "statement_depth": 0,
            "_thrs_random_uniform": 0.01304,
            "_thrs_reconstruct": 0.86316,
            "_thrs_obviousness": 0.98336,
            "_thrs_weight": 0.0,
            "_thrs_complexity": 0.5,
            "_thrs_surprisingness": 0.5,
            "_thrs_intensity": 1.0,
            "_thrs_interestingness": 0.59667,
            "_thrs_logistic_regression": 0.99802,
            "_thrs_random_forest": 0.97
        },
        {
            "expression": "\u22a2 ( \ud835\udf11 \u2192 ( ( \ud835\udf11 \u2228 \ud835\udf13 ) \u2192 \ud835\udf11 ) )",
            "prop_expression": " \u22a2 ( \ud835\udf11 \u2192 ( \ud835\udf13 \u2192 \ud835\udf11 ) )",
            "step": 3,
            "theorem": "ax-1",
            "ground_truth": "ax-1 \u22a2 ( \ud835\udf11 \u2192 ( ( \ud835\udf11 \u2228 \ud835\udf13 ) \u2192 \ud835\udf11 ) )",
            "ground_truth_display": false,
            "statement_depth": 0,
            "_thrs_random_uniform": 0.57801,
            "_thrs_reconstruct": 0.0,
            "_thrs_obviousness": 0.0,
            "_thrs_weight": 1.0,
            "_thrs_complexity": 0.5,
            "_thrs_surprisingness": 0.5,
            "_thrs_intensity": 0.0,
            "_thrs_interestingness": 0.4,
            "_thrs_logistic_regression": 0.86569,
            "_thrs_random_forest": 0.135
        },
        {
            "expression": "\u22a2 ( \u00ac \ud835\udf13 \u2192 ( ( \ud835\udf11 \u2228 \ud835\udf13 ) \u2192 \ud835\udf11 ) )",
            "prop_expression": " \u22a2 ( \u00ac \ud835\udf11 \u2192 ( ( \ud835\udf13 \u2228 \ud835\udf11 ) \u2192 \ud835\udf13 ) )",
            "step": 4,
            "theorem": "orel2",
            "ground_truth": "orel2 \u22a2 ( \u00ac \ud835\udf13 \u2192 ( ( \ud835\udf11 \u2228 \ud835\udf13 ) \u2192 \ud835\udf11 ) )",
            "ground_truth_display": false,
            "statement_depth": 0,
            "_thrs_random_uniform": 0.17698,
            "_thrs_reconstruct": 1.0,
            "_thrs_obviousness": 0.5268,
            "_thrs_weight": 1.0,
            "_thrs_complexity": 0.5,
            "_thrs_surprisingness": 0.5,
            "_thrs_intensity": 0.0,
            "_thrs_interestingness": 0.50536,
            "_thrs_logistic_regression": 0.86036,
            "_thrs_random_forest": 0.32
        }
    ]
}