{
    "theorem": "pm2.75",
    "hyps": [
        [
            1,
            2
        ]
    ],
    "expression": "( ( \ud835\udf11 \u2228 \ud835\udf13 ) \u2192 ( ( \ud835\udf11 \u2228 ( \ud835\udf13 \u2192 \ud835\udf12 ) ) \u2192 ( \ud835\udf11 \u2228 \ud835\udf12 ) ) )",
    "steps": [
        {
            "expression": "\u22a2 ( ( \ud835\udf11 \u2228 \ud835\udf13 ) \u2192 ( ( \ud835\udf11 \u2228 ( \ud835\udf13 \u2192 \ud835\udf12 ) ) \u2192 ( \ud835\udf11 \u2228 \ud835\udf12 ) ) )",
            "prop_expression": "( \ud835\udf11 \u2192 ( \ud835\udf13 \u2192 \ud835\udf12 ) ) \u22a2 ( \ud835\udf13 \u2192 ( \ud835\udf11 \u2192 \ud835\udf12 ) )",
            "step": 1,
            "theorem": "com12",
            "ground_truth": "com12 \u22a2 ( ( \ud835\udf11 \u2228 \ud835\udf13 ) \u2192 ( ( \ud835\udf11 \u2228 ( \ud835\udf13 \u2192 \ud835\udf12 ) ) \u2192 ( \ud835\udf11 \u2228 \ud835\udf12 ) ) )",
            "ground_truth_display": false,
            "statement_depth": 0,
            "_thrs_random_uniform": 0.1632,
            "_thrs_reconstruct": 0.0,
            "_thrs_obviousness": 1.0,
            "_thrs_weight": 0.5,
            "_thrs_complexity": 0.5,
            "_thrs_surprisingness": 0.5,
            "_thrs_intensity": 1.0,
            "_thrs_interestingness": 0.7,
            "_thrs_logistic_regression": 0.99877,
            "_thrs_random_forest": 0.665
        },
        {
            "expression": "\u22a2 ( ( \ud835\udf11 \u2228 ( \ud835\udf13 \u2192 \ud835\udf12 ) ) \u2192 ( ( \ud835\udf11 \u2228 \ud835\udf13 ) \u2192 ( \ud835\udf11 \u2228 \ud835\udf12 ) ) )",
            "prop_expression": " \u22a2 ( ( \ud835\udf11 \u2228 ( \ud835\udf13 \u2192 \ud835\udf12 ) ) \u2192 ( ( \ud835\udf11 \u2228 \ud835\udf13 ) \u2192 ( \ud835\udf11 \u2228 \ud835\udf12 ) ) )",
            "step": 2,
            "theorem": "pm2.76",
            "ground_truth": "pm2.76 \u22a2 ( ( \ud835\udf11 \u2228 ( \ud835\udf13 \u2192 \ud835\udf12 ) ) \u2192 ( ( \ud835\udf11 \u2228 \ud835\udf13 ) \u2192 ( \ud835\udf11 \u2228 \ud835\udf12 ) ) )",
            "ground_truth_display": false,
            "statement_depth": 0,
            "_thrs_random_uniform": 0.82106,
            "_thrs_reconstruct": 1.0,
            "_thrs_obviousness": 0.0,
            "_thrs_weight": 0.5,
            "_thrs_complexity": 0.5,
            "_thrs_surprisingness": 0.5,
            "_thrs_intensity": 0.0,
            "_thrs_interestingness": 0.3,
            "_thrs_logistic_regression": 0.80004,
            "_thrs_random_forest": 0.9
        }
    ]
}