{
    "theorem": "pm2.86",
    "hyps": [
        [
            1,
            2
        ]
    ],
    "expression": "( ( ( \ud835\udf11 \u2192 \ud835\udf13 ) \u2192 ( \ud835\udf11 \u2192 \ud835\udf12 ) ) \u2192 ( \ud835\udf11 \u2192 ( \ud835\udf13 \u2192 \ud835\udf12 ) ) )",
    "steps": [
        {
            "number": 93,
            "expression": "\u22a2 ( ( ( \ud835\udf11 \u2192 \ud835\udf13 ) \u2192 ( \ud835\udf11 \u2192 \ud835\udf12 ) ) \u2192 ( \ud835\udf11 \u2192 ( \ud835\udf13 \u2192 \ud835\udf12 ) ) )",
            "prop_expression": "( \ud835\udf11 \u2192 ( ( \ud835\udf13 \u2192 \ud835\udf12 ) \u2192 ( \ud835\udf13 \u2192 \ud835\udf03 ) ) ) \u22a2 ( \ud835\udf11 \u2192 ( \ud835\udf13 \u2192 ( \ud835\udf12 \u2192 \ud835\udf03 ) ) )",
            "step": 1,
            "theorem": "pm2.86d",
            "ground_truth": "pm2.86d \u22a2 ( ( ( \ud835\udf11 \u2192 \ud835\udf13 ) \u2192 ( \ud835\udf11 \u2192 \ud835\udf12 ) ) \u2192 ( \ud835\udf11 \u2192 ( \ud835\udf13 \u2192 \ud835\udf12 ) ) )",
            "ground_truth_display": false,
            "statement_depth": 0,
            "_thrs_random_uniform": 0.54023,
            "_thrs_reconstruct": 1.0,
            "_thrs_obviousness": 1.0,
            "_thrs_weight": 1.0,
            "_thrs_complexity": 0.5,
            "_thrs_surprisingness": 0.5,
            "_thrs_intensity": 1.0,
            "_thrs_interestingness": 0.8,
            "_thrs_logistic_regression": 0.99923,
            "_thrs_random_forest": 0.635
        },
        {
            "number": 93,
            "expression": "\u22a2 ( ( ( \ud835\udf11 \u2192 \ud835\udf13 ) \u2192 ( \ud835\udf11 \u2192 \ud835\udf12 ) ) \u2192 ( ( \ud835\udf11 \u2192 \ud835\udf13 ) \u2192 ( \ud835\udf11 \u2192 \ud835\udf12 ) ) )",
            "prop_expression": " \u22a2 ( \ud835\udf11 \u2192 \ud835\udf11 )",
            "step": 2,
            "theorem": "id",
            "ground_truth": "id \u22a2 ( ( ( \ud835\udf11 \u2192 \ud835\udf13 ) \u2192 ( \ud835\udf11 \u2192 \ud835\udf12 ) ) \u2192 ( ( \ud835\udf11 \u2192 \ud835\udf13 ) \u2192 ( \ud835\udf11 \u2192 \ud835\udf12 ) ) )",
            "ground_truth_display": false,
            "statement_depth": 0,
            "_thrs_random_uniform": 0.87913,
            "_thrs_reconstruct": 0.0,
            "_thrs_obviousness": 0.0,
            "_thrs_weight": 0.0,
            "_thrs_complexity": 0.5,
            "_thrs_surprisingness": 0.5,
            "_thrs_intensity": 0.0,
            "_thrs_interestingness": 0.2,
            "_thrs_logistic_regression": 0.71293,
            "_thrs_random_forest": 0.925
        }
    ],
    "is_train": false
}