{
    "theorem": "pm3.44",
    "hyps": [
        [
            1,
            2
        ],
        [
            1,
            3
        ]
    ],
    "expression": "( ( ( \ud835\udf13 \u2192 \ud835\udf11 ) \u2227 ( \ud835\udf12 \u2192 \ud835\udf11 ) ) \u2192 ( ( \ud835\udf13 \u2228 \ud835\udf12 ) \u2192 \ud835\udf11 ) )",
    "steps": [
        {
            "expression": "\u22a2 ( ( ( \ud835\udf13 \u2192 \ud835\udf11 ) \u2227 ( \ud835\udf12 \u2192 \ud835\udf11 ) ) \u2192 ( ( \ud835\udf13 \u2228 \ud835\udf12 ) \u2192 \ud835\udf11 ) )",
            "prop_expression": "( \ud835\udf11 \u2192 ( \ud835\udf13 \u2192 \ud835\udf12 ) ), ( \ud835\udf03 \u2192 ( \ud835\udf0f \u2192 \ud835\udf12 ) ) \u22a2 ( ( \ud835\udf11 \u2227 \ud835\udf03 ) \u2192 ( ( \ud835\udf13 \u2228 \ud835\udf0f ) \u2192 \ud835\udf12 ) )",
            "step": 1,
            "theorem": "jaao",
            "ground_truth": "jaao \u22a2 ( ( ( \ud835\udf13 \u2192 \ud835\udf11 ) \u2227 ( \ud835\udf12 \u2192 \ud835\udf11 ) ) \u2192 ( ( \ud835\udf13 \u2228 \ud835\udf12 ) \u2192 \ud835\udf11 ) )",
            "ground_truth_display": false,
            "statement_depth": 0,
            "_thrs_random_uniform": 0.94753,
            "_thrs_reconstruct": 1.0,
            "_thrs_obviousness": 1.0,
            "_thrs_weight": 0.0,
            "_thrs_complexity": 0.0,
            "_thrs_surprisingness": 1.0,
            "_thrs_intensity": 1.0,
            "_thrs_interestingness": 0.6,
            "_thrs_logistic_regression": 0.99969,
            "_thrs_random_forest": 0.605
        },
        {
            "expression": "\u22a2 ( ( \ud835\udf13 \u2192 \ud835\udf11 ) \u2192 ( \ud835\udf13 \u2192 \ud835\udf11 ) )",
            "prop_expression": " \u22a2 ( \ud835\udf11 \u2192 \ud835\udf11 )",
            "step": 2,
            "theorem": "id",
            "ground_truth": "id \u22a2 ( ( \ud835\udf13 \u2192 \ud835\udf11 ) \u2192 ( \ud835\udf13 \u2192 \ud835\udf11 ) )",
            "ground_truth_display": false,
            "statement_depth": 0,
            "_thrs_random_uniform": 0.40518,
            "_thrs_reconstruct": 0.0,
            "_thrs_obviousness": 0.0,
            "_thrs_weight": 1.0,
            "_thrs_complexity": 1.0,
            "_thrs_surprisingness": 0.0,
            "_thrs_intensity": 0.0,
            "_thrs_interestingness": 0.4,
            "_thrs_logistic_regression": 0.5,
            "_thrs_random_forest": 0.9
        },
        {
            "expression": "\u22a2 ( ( \ud835\udf12 \u2192 \ud835\udf11 ) \u2192 ( \ud835\udf12 \u2192 \ud835\udf11 ) )",
            "prop_expression": " \u22a2 ( \ud835\udf11 \u2192 \ud835\udf11 )",
            "step": 3,
            "theorem": "id",
            "ground_truth": "id \u22a2 ( ( \ud835\udf12 \u2192 \ud835\udf11 ) \u2192 ( \ud835\udf12 \u2192 \ud835\udf11 ) )",
            "ground_truth_display": false,
            "statement_depth": 0,
            "_thrs_random_uniform": 0.14921,
            "_thrs_reconstruct": 0.0,
            "_thrs_obviousness": 0.0,
            "_thrs_weight": 1.0,
            "_thrs_complexity": 1.0,
            "_thrs_surprisingness": 0.0,
            "_thrs_intensity": 0.0,
            "_thrs_interestingness": 0.4,
            "_thrs_logistic_regression": 0.5,
            "_thrs_random_forest": 0.9
        }
    ]
}