{
    "theorem": "pm4.72",
    "hyps": [
        [
            1,
            2
        ],
        [
            1,
            5
        ],
        [
            2,
            3
        ],
        [
            2,
            4
        ],
        [
            5,
            6
        ],
        [
            5,
            7
        ]
    ],
    "expression": "( ( \ud835\udf11 \u2192 \ud835\udf13 ) \u2194 ( \ud835\udf13 \u2194 ( \ud835\udf11 \u2228 \ud835\udf13 ) ) )",
    "steps": [
        {
            "expression": "\u22a2 ( ( \ud835\udf11 \u2192 \ud835\udf13 ) \u2194 ( \ud835\udf13 \u2194 ( \ud835\udf11 \u2228 \ud835\udf13 ) ) )",
            "prop_expression": "( \ud835\udf11 \u2192 \ud835\udf13 ), ( \ud835\udf13 \u2192 \ud835\udf11 ) \u22a2 ( \ud835\udf11 \u2194 \ud835\udf13 )",
            "step": 1,
            "theorem": "impbii",
            "ground_truth": "impbii \u22a2 ( ( \ud835\udf11 \u2192 \ud835\udf13 ) \u2194 ( \ud835\udf13 \u2194 ( \ud835\udf11 \u2228 \ud835\udf13 ) ) )",
            "ground_truth_display": false,
            "statement_depth": 0,
            "_thrs_random_uniform": 0.79498,
            "_thrs_reconstruct": 0.06375,
            "_thrs_obviousness": 1.0,
            "_thrs_weight": 0.33333,
            "_thrs_complexity": 0.5,
            "_thrs_surprisingness": 0.5,
            "_thrs_intensity": 1.0,
            "_thrs_interestingness": 0.66667,
            "_thrs_logistic_regression": 0.99855,
            "_thrs_random_forest": 0.975
        },
        {
            "expression": "\u22a2 ( ( \ud835\udf11 \u2192 \ud835\udf13 ) \u2192 ( \ud835\udf13 \u2194 ( \ud835\udf11 \u2228 \ud835\udf13 ) ) )",
            "prop_expression": "( \ud835\udf13 \u2192 \ud835\udf12 ), ( \ud835\udf11 \u2192 ( \ud835\udf12 \u2192 \ud835\udf13 ) ) \u22a2 ( \ud835\udf11 \u2192 ( \ud835\udf13 \u2194 \ud835\udf12 ) )",
            "step": 2,
            "theorem": "impbid2",
            "ground_truth": "impbid2 \u22a2 ( ( \ud835\udf11 \u2192 \ud835\udf13 ) \u2192 ( \ud835\udf13 \u2194 ( \ud835\udf11 \u2228 \ud835\udf13 ) ) )",
            "ground_truth_display": false,
            "statement_depth": 0,
            "_thrs_random_uniform": 0.59128,
            "_thrs_reconstruct": 1.0,
            "_thrs_obviousness": 0.63782,
            "_thrs_weight": 0.33333,
            "_thrs_complexity": 0.5,
            "_thrs_surprisingness": 0.5,
            "_thrs_intensity": 0.76,
            "_thrs_interestingness": 0.54623,
            "_thrs_logistic_regression": 0.9949,
            "_thrs_random_forest": 0.99
        },
        {
            "expression": "\u22a2 ( \ud835\udf13 \u2192 ( \ud835\udf11 \u2228 \ud835\udf13 ) )",
            "prop_expression": " \u22a2 ( \ud835\udf11 \u2192 ( \ud835\udf13 \u2228 \ud835\udf11 ) )",
            "step": 3,
            "theorem": "olc",
            "ground_truth": "olc \u22a2 ( \ud835\udf13 \u2192 ( \ud835\udf11 \u2228 \ud835\udf13 ) )",
            "ground_truth_display": false,
            "statement_depth": 0,
            "_thrs_random_uniform": 0.68547,
            "_thrs_reconstruct": 0.44952,
            "_thrs_obviousness": 0.16505,
            "_thrs_weight": 1.0,
            "_thrs_complexity": 0.5,
            "_thrs_surprisingness": 0.5,
            "_thrs_intensity": 0.2,
            "_thrs_interestingness": 0.47301,
            "_thrs_logistic_regression": 0.94923,
            "_thrs_random_forest": 0.63
        },
        {
            "expression": "\u22a2 ( ( \ud835\udf11 \u2192 \ud835\udf13 ) \u2192 ( ( \ud835\udf11 \u2228 \ud835\udf13 ) \u2192 \ud835\udf13 ) )",
            "prop_expression": " \u22a2 ( ( \ud835\udf11 \u2192 \ud835\udf13 ) \u2192 ( ( \ud835\udf11 \u2228 \ud835\udf13 ) \u2192 \ud835\udf13 ) )",
            "step": 4,
            "theorem": "pm2.621",
            "ground_truth": "pm2.621 \u22a2 ( ( \ud835\udf11 \u2192 \ud835\udf13 ) \u2192 ( ( \ud835\udf11 \u2228 \ud835\udf13 ) \u2192 \ud835\udf13 ) )",
            "ground_truth_display": false,
            "statement_depth": 0,
            "_thrs_random_uniform": 0.11835,
            "_thrs_reconstruct": 0.07223,
            "_thrs_obviousness": 0.0,
            "_thrs_weight": 0.33333,
            "_thrs_complexity": 0.5,
            "_thrs_surprisingness": 0.5,
            "_thrs_intensity": 0.04,
            "_thrs_interestingness": 0.27467,
            "_thrs_logistic_regression": 0.80898,
            "_thrs_random_forest": 0.375
        },
        {
            "expression": "\u22a2 ( ( \ud835\udf13 \u2194 ( \ud835\udf11 \u2228 \ud835\udf13 ) ) \u2192 ( \ud835\udf11 \u2192 \ud835\udf13 ) )",
            "prop_expression": "( \ud835\udf11 \u2192 \ud835\udf13 ), ( \ud835\udf12 \u2192 ( \ud835\udf13 \u2192 \ud835\udf03 ) ) \u22a2 ( \ud835\udf12 \u2192 ( \ud835\udf11 \u2192 \ud835\udf03 ) )",
            "step": 5,
            "theorem": "syl5",
            "ground_truth": "syl5 \u22a2 ( ( \ud835\udf13 \u2194 ( \ud835\udf11 \u2228 \ud835\udf13 ) ) \u2192 ( \ud835\udf11 \u2192 \ud835\udf13 ) )",
            "ground_truth_display": false,
            "statement_depth": 0,
            "_thrs_random_uniform": 0.09947,
            "_thrs_reconstruct": 0.0,
            "_thrs_obviousness": 0.29898,
            "_thrs_weight": 0.33333,
            "_thrs_complexity": 0.5,
            "_thrs_surprisingness": 0.5,
            "_thrs_intensity": 0.88,
            "_thrs_interestingness": 0.50246,
            "_thrs_logistic_regression": 0.9974,
            "_thrs_random_forest": 0.985
        },
        {
            "expression": "\u22a2 ( \ud835\udf11 \u2192 ( \ud835\udf11 \u2228 \ud835\udf13 ) )",
            "prop_expression": " \u22a2 ( \ud835\udf11 \u2192 ( \ud835\udf11 \u2228 \ud835\udf13 ) )",
            "step": 6,
            "theorem": "orc",
            "ground_truth": "orc \u22a2 ( \ud835\udf11 \u2192 ( \ud835\udf11 \u2228 \ud835\udf13 ) )",
            "ground_truth_display": false,
            "statement_depth": 0,
            "_thrs_random_uniform": 0.93588,
            "_thrs_reconstruct": 0.45417,
            "_thrs_obviousness": 0.16709,
            "_thrs_weight": 1.0,
            "_thrs_complexity": 0.5,
            "_thrs_surprisingness": 0.5,
            "_thrs_intensity": 0.2,
            "_thrs_interestingness": 0.47342,
            "_thrs_logistic_regression": 0.94922,
            "_thrs_random_forest": 0.655
        },
        {
            "expression": "\u22a2 ( ( \ud835\udf13 \u2194 ( \ud835\udf11 \u2228 \ud835\udf13 ) ) \u2192 ( ( \ud835\udf11 \u2228 \ud835\udf13 ) \u2192 \ud835\udf13 ) )",
            "prop_expression": " \u22a2 ( ( \ud835\udf11 \u2194 \ud835\udf13 ) \u2192 ( \ud835\udf13 \u2192 \ud835\udf11 ) )",
            "step": 7,
            "theorem": "bi2",
            "ground_truth": "bi2 \u22a2 ( ( \ud835\udf13 \u2194 ( \ud835\udf11 \u2228 \ud835\udf13 ) ) \u2192 ( ( \ud835\udf11 \u2228 \ud835\udf13 ) \u2192 \ud835\udf13 ) )",
            "ground_truth_display": false,
            "statement_depth": 0,
            "_thrs_random_uniform": 0.12577,
            "_thrs_reconstruct": 0.29302,
            "_thrs_obviousness": 0.09659,
            "_thrs_weight": 0.0,
            "_thrs_complexity": 0.5,
            "_thrs_surprisingness": 0.5,
            "_thrs_intensity": 0.0,
            "_thrs_interestingness": 0.21932,
            "_thrs_logistic_regression": 0.71123,
            "_thrs_random_forest": 0.25
        }
    ]
}