{
    "theorem": "pm4.77",
    "hyps": [
        [
            1,
            2
        ]
    ],
    "expression": "( ( ( \ud835\udf13 \u2192 \ud835\udf11 ) \u2227 ( \ud835\udf12 \u2192 \ud835\udf11 ) ) \u2194 ( ( \ud835\udf13 \u2228 \ud835\udf12 ) \u2192 \ud835\udf11 ) )",
    "steps": [
        {
            "number": 718,
            "expression": "\u22a2 ( ( ( \ud835\udf13 \u2192 \ud835\udf11 ) \u2227 ( \ud835\udf12 \u2192 \ud835\udf11 ) ) \u2194 ( ( \ud835\udf13 \u2228 \ud835\udf12 ) \u2192 \ud835\udf11 ) )",
            "prop_expression": "( \ud835\udf11 \u2194 \ud835\udf13 ) \u22a2 ( \ud835\udf13 \u2194 \ud835\udf11 )",
            "step": 1,
            "theorem": "bicomi",
            "ground_truth": "bicomi \u22a2 ( ( ( \ud835\udf13 \u2192 \ud835\udf11 ) \u2227 ( \ud835\udf12 \u2192 \ud835\udf11 ) ) \u2194 ( ( \ud835\udf13 \u2228 \ud835\udf12 ) \u2192 \ud835\udf11 ) )",
            "ground_truth_display": false,
            "statement_depth": 0,
            "_thrs_random_uniform": 0.09807,
            "_thrs_reconstruct": 0.0,
            "_thrs_obviousness": 1.0,
            "_thrs_weight": 0.5,
            "_thrs_complexity": 0.5,
            "_thrs_surprisingness": 0.5,
            "_thrs_intensity": 1.0,
            "_thrs_interestingness": 0.7,
            "_thrs_logistic_regression": 0.99877,
            "_thrs_random_forest": 0.665
        },
        {
            "number": 718,
            "expression": "\u22a2 ( ( ( \ud835\udf13 \u2228 \ud835\udf12 ) \u2192 \ud835\udf11 ) \u2194 ( ( \ud835\udf13 \u2192 \ud835\udf11 ) \u2227 ( \ud835\udf12 \u2192 \ud835\udf11 ) ) )",
            "prop_expression": " \u22a2 ( ( ( \ud835\udf11 \u2228 \ud835\udf12 ) \u2192 \ud835\udf13 ) \u2194 ( ( \ud835\udf11 \u2192 \ud835\udf13 ) \u2227 ( \ud835\udf12 \u2192 \ud835\udf13 ) ) )",
            "step": 2,
            "theorem": "jaob",
            "ground_truth": "jaob \u22a2 ( ( ( \ud835\udf13 \u2228 \ud835\udf12 ) \u2192 \ud835\udf11 ) \u2194 ( ( \ud835\udf13 \u2192 \ud835\udf11 ) \u2227 ( \ud835\udf12 \u2192 \ud835\udf11 ) ) )",
            "ground_truth_display": false,
            "statement_depth": 0,
            "_thrs_random_uniform": 0.38123,
            "_thrs_reconstruct": 1.0,
            "_thrs_obviousness": 0.0,
            "_thrs_weight": 0.5,
            "_thrs_complexity": 0.5,
            "_thrs_surprisingness": 0.5,
            "_thrs_intensity": 0.0,
            "_thrs_interestingness": 0.3,
            "_thrs_logistic_regression": 0.80004,
            "_thrs_random_forest": 0.895
        }
    ],
    "is_train": false
}