{
    "theorem": "pm5.42",
    "hyps": [
        [
            1,
            2
        ],
        [
            2,
            3
        ]
    ],
    "expression": "( ( \ud835\udf11 \u2192 ( \ud835\udf13 \u2192 \ud835\udf12 ) ) \u2194 ( \ud835\udf11 \u2192 ( \ud835\udf13 \u2192 ( \ud835\udf11 \u2227 \ud835\udf12 ) ) ) )",
    "steps": [
        {
            "expression": "\u22a2 ( ( \ud835\udf11 \u2192 ( \ud835\udf13 \u2192 \ud835\udf12 ) ) \u2194 ( \ud835\udf11 \u2192 ( \ud835\udf13 \u2192 ( \ud835\udf11 \u2227 \ud835\udf12 ) ) ) )",
            "prop_expression": "( \ud835\udf11 \u2192 ( \ud835\udf13 \u2194 \ud835\udf12 ) ) \u22a2 ( ( \ud835\udf11 \u2192 \ud835\udf13 ) \u2194 ( \ud835\udf11 \u2192 \ud835\udf12 ) )",
            "step": 1,
            "theorem": "pm5.74i",
            "ground_truth": "pm5.74i \u22a2 ( ( \ud835\udf11 \u2192 ( \ud835\udf13 \u2192 \ud835\udf12 ) ) \u2194 ( \ud835\udf11 \u2192 ( \ud835\udf13 \u2192 ( \ud835\udf11 \u2227 \ud835\udf12 ) ) ) )",
            "ground_truth_display": false,
            "statement_depth": 0,
            "_thrs_random_uniform": 0.27336856108804786,
            "_thrs_reconstruct": 0.995782370307887,
            "_thrs_obviousness": 1.0,
            "_thrs_weight": 0.0,
            "_thrs_complexity": 0.0,
            "_thrs_surprisingness": 0.5,
            "_thrs_intensity": 0.7142857142857142,
            "_thrs_interestingness": 0.4428571428571429,
            "_thrs_logistic_regression": 0.9992678014971027,
            "_thrs_random_forest": 0.925
        },
        {
            "expression": "\u22a2 ( \ud835\udf11 \u2192 ( ( \ud835\udf13 \u2192 \ud835\udf12 ) \u2194 ( \ud835\udf13 \u2192 ( \ud835\udf11 \u2227 \ud835\udf12 ) ) ) )",
            "prop_expression": "( \ud835\udf11 \u2192 ( \ud835\udf13 \u2194 \ud835\udf12 ) ) \u22a2 ( \ud835\udf11 \u2192 ( ( \ud835\udf03 \u2192 \ud835\udf13 ) \u2194 ( \ud835\udf03 \u2192 \ud835\udf12 ) ) )",
            "step": 2,
            "theorem": "imbi2d",
            "ground_truth": "imbi2d \u22a2 ( \ud835\udf11 \u2192 ( ( \ud835\udf13 \u2192 \ud835\udf12 ) \u2194 ( \ud835\udf13 \u2192 ( \ud835\udf11 \u2227 \ud835\udf12 ) ) ) )",
            "ground_truth_display": false,
            "statement_depth": 0,
            "_thrs_random_uniform": 0.8105454368469739,
            "_thrs_reconstruct": 1.0,
            "_thrs_obviousness": 0.5003563791874555,
            "_thrs_weight": 0.33333333333333337,
            "_thrs_complexity": 0.0,
            "_thrs_surprisingness": 0.5,
            "_thrs_intensity": 1.0,
            "_thrs_interestingness": 0.46673794250415773,
            "_thrs_logistic_regression": 0.999890669754205,
            "_thrs_random_forest": 0.97
        },
        {
            "expression": "\u22a2 ( \ud835\udf11 \u2192 ( \ud835\udf12 \u2194 ( \ud835\udf11 \u2227 \ud835\udf12 ) ) )",
            "prop_expression": " \u22a2 ( \ud835\udf11 \u2192 ( \ud835\udf13 \u2194 ( \ud835\udf11 \u2227 \ud835\udf13 ) ) )",
            "step": 3,
            "theorem": "ibar",
            "ground_truth": "ibar \u22a2 ( \ud835\udf11 \u2192 ( \ud835\udf12 \u2194 ( \ud835\udf11 \u2227 \ud835\udf12 ) ) )",
            "ground_truth_display": false,
            "statement_depth": 0,
            "_thrs_random_uniform": 0.5188495447249583,
            "_thrs_reconstruct": 0.0,
            "_thrs_obviousness": 0.0,
            "_thrs_weight": 1.0,
            "_thrs_complexity": 1.0,
            "_thrs_surprisingness": 0.5,
            "_thrs_intensity": 0.0,
            "_thrs_interestingness": 0.5,
            "_thrs_logistic_regression": 0.33688020817427905,
            "_thrs_random_forest": 0.34
        }
    ]
}