{
    "theorem": "pm5.4",
    "hyps": [
        [
            1,
            2
        ],
        [
            1,
            3
        ]
    ],
    "expression": "( ( \ud835\udf11 \u2192 ( \ud835\udf11 \u2192 \ud835\udf13 ) ) \u2194 ( \ud835\udf11 \u2192 \ud835\udf13 ) )",
    "steps": [
        {
            "number": 348,
            "expression": "\u22a2 ( ( \ud835\udf11 \u2192 ( \ud835\udf11 \u2192 \ud835\udf13 ) ) \u2194 ( \ud835\udf11 \u2192 \ud835\udf13 ) )",
            "prop_expression": "( \ud835\udf11 \u2192 \ud835\udf13 ), ( \ud835\udf13 \u2192 \ud835\udf11 ) \u22a2 ( \ud835\udf11 \u2194 \ud835\udf13 )",
            "step": 1,
            "theorem": "impbii",
            "ground_truth": "impbii \u22a2 ( ( \ud835\udf11 \u2192 ( \ud835\udf11 \u2192 \ud835\udf13 ) ) \u2194 ( \ud835\udf11 \u2192 \ud835\udf13 ) )",
            "ground_truth_display": false,
            "statement_depth": 0,
            "_thrs_random_uniform": 0.89669,
            "_thrs_reconstruct": 1.0,
            "_thrs_obviousness": 1.0,
            "_thrs_weight": 0.5,
            "_thrs_complexity": 0.5,
            "_thrs_surprisingness": 0.5,
            "_thrs_intensity": 1.0,
            "_thrs_interestingness": 0.7,
            "_thrs_logistic_regression": 0.99877,
            "_thrs_random_forest": 0.805
        },
        {
            "number": 348,
            "expression": "\u22a2 ( ( \ud835\udf11 \u2192 ( \ud835\udf11 \u2192 \ud835\udf13 ) ) \u2192 ( \ud835\udf11 \u2192 \ud835\udf13 ) )",
            "prop_expression": " \u22a2 ( ( \ud835\udf11 \u2192 ( \ud835\udf11 \u2192 \ud835\udf13 ) ) \u2192 ( \ud835\udf11 \u2192 \ud835\udf13 ) )",
            "step": 2,
            "theorem": "pm2.43",
            "ground_truth": "pm2.43 \u22a2 ( ( \ud835\udf11 \u2192 ( \ud835\udf11 \u2192 \ud835\udf13 ) ) \u2192 ( \ud835\udf11 \u2192 \ud835\udf13 ) )",
            "ground_truth_display": false,
            "statement_depth": 0,
            "_thrs_random_uniform": 0.00449,
            "_thrs_reconstruct": 0.04839,
            "_thrs_obviousness": 0.04598,
            "_thrs_weight": 0.5,
            "_thrs_complexity": 0.5,
            "_thrs_surprisingness": 0.5,
            "_thrs_intensity": 0.0,
            "_thrs_interestingness": 0.3092,
            "_thrs_logistic_regression": 0.79941,
            "_thrs_random_forest": 0.995
        },
        {
            "number": 348,
            "expression": "\u22a2 ( ( \ud835\udf11 \u2192 \ud835\udf13 ) \u2192 ( \ud835\udf11 \u2192 ( \ud835\udf11 \u2192 \ud835\udf13 ) ) )",
            "prop_expression": " \u22a2 ( \ud835\udf11 \u2192 ( \ud835\udf13 \u2192 \ud835\udf11 ) )",
            "step": 3,
            "theorem": "ax-1",
            "ground_truth": "ax-1 \u22a2 ( ( \ud835\udf11 \u2192 \ud835\udf13 ) \u2192 ( \ud835\udf11 \u2192 ( \ud835\udf11 \u2192 \ud835\udf13 ) ) )",
            "ground_truth_display": false,
            "statement_depth": 0,
            "_thrs_random_uniform": 0.83347,
            "_thrs_reconstruct": 0.0,
            "_thrs_obviousness": 0.0,
            "_thrs_weight": 0.5,
            "_thrs_complexity": 0.5,
            "_thrs_surprisingness": 0.5,
            "_thrs_intensity": 0.0,
            "_thrs_interestingness": 0.3,
            "_thrs_logistic_regression": 0.80004,
            "_thrs_random_forest": 0.995
        }
    ],
    "is_train": false
}