{
    "theorem": "pm5.61",
    "hyps": [
        [
            1,
            2
        ],
        [
            2,
            3
        ],
        [
            2,
            4
        ]
    ],
    "expression": "( ( ( \ud835\udf11 \u2228 \ud835\udf13 ) \u2227 \u00ac \ud835\udf13 ) \u2194 ( \ud835\udf11 \u2227 \u00ac \ud835\udf13 ) )",
    "steps": [
        {
            "expression": "\u22a2 ( ( ( \ud835\udf11 \u2228 \ud835\udf13 ) \u2227 \u00ac \ud835\udf13 ) \u2194 ( \ud835\udf11 \u2227 \u00ac \ud835\udf13 ) )",
            "prop_expression": "( \ud835\udf11 \u2192 ( \ud835\udf13 \u2194 \ud835\udf12 ) ) \u22a2 ( ( \ud835\udf13 \u2227 \ud835\udf11 ) \u2194 ( \ud835\udf12 \u2227 \ud835\udf11 ) )",
            "step": 1,
            "theorem": "pm5.32ri",
            "ground_truth": "pm5.32ri \u22a2 ( ( ( \ud835\udf11 \u2228 \ud835\udf13 ) \u2227 \u00ac \ud835\udf13 ) \u2194 ( \ud835\udf11 \u2227 \u00ac \ud835\udf13 ) )",
            "ground_truth_display": false,
            "statement_depth": 0,
            "_thrs_random_uniform": 0.9645248077687923,
            "_thrs_reconstruct": 1.0,
            "_thrs_obviousness": 1.0,
            "_thrs_weight": 0.0,
            "_thrs_complexity": 0.5,
            "_thrs_surprisingness": 0.5,
            "_thrs_intensity": 0.20000000000000004,
            "_thrs_interestingness": 0.44000000000000006,
            "_thrs_logistic_regression": 0.8702520900569372,
            "_thrs_random_forest": 0.915
        },
        {
            "expression": "\u22a2 ( \u00ac \ud835\udf13 \u2192 ( ( \ud835\udf11 \u2228 \ud835\udf13 ) \u2194 \ud835\udf11 ) )",
            "prop_expression": "( \ud835\udf11 \u2192 ( \ud835\udf13 \u2194 \ud835\udf12 ) ), ( \ud835\udf12 \u2194 \ud835\udf03 ) \u22a2 ( \ud835\udf11 \u2192 ( \ud835\udf03 \u2194 \ud835\udf13 ) )",
            "step": 2,
            "theorem": "syl6rbb",
            "ground_truth": "syl6rbb \u22a2 ( \u00ac \ud835\udf13 \u2192 ( ( \ud835\udf11 \u2228 \ud835\udf13 ) \u2194 \ud835\udf11 ) )",
            "ground_truth_display": false,
            "statement_depth": 0,
            "_thrs_random_uniform": 0.14184724633417722,
            "_thrs_reconstruct": 0.06826392615250704,
            "_thrs_obviousness": 0.11392685882011638,
            "_thrs_weight": 1.0,
            "_thrs_complexity": 0.5,
            "_thrs_surprisingness": 0.5,
            "_thrs_intensity": 1.0,
            "_thrs_interestingness": 0.6227853717640233,
            "_thrs_logistic_regression": 0.9992898414443615,
            "_thrs_random_forest": 0.935
        },
        {
            "expression": "\u22a2 ( \u00ac \ud835\udf13 \u2192 ( \ud835\udf11 \u2194 ( \ud835\udf13 \u2228 \ud835\udf11 ) ) )",
            "prop_expression": " \u22a2 ( \u00ac \ud835\udf11 \u2192 ( \ud835\udf13 \u2194 ( \ud835\udf11 \u2228 \ud835\udf13 ) ) )",
            "step": 3,
            "theorem": "biorf",
            "ground_truth": "biorf \u22a2 ( \u00ac \ud835\udf13 \u2192 ( \ud835\udf11 \u2194 ( \ud835\udf13 \u2228 \ud835\udf11 ) ) )",
            "ground_truth_display": false,
            "statement_depth": 0,
            "_thrs_random_uniform": 0.32622418704457223,
            "_thrs_reconstruct": 0.0,
            "_thrs_obviousness": 0.0,
            "_thrs_weight": 1.0,
            "_thrs_complexity": 0.5,
            "_thrs_surprisingness": 0.5,
            "_thrs_intensity": 0.0,
            "_thrs_interestingness": 0.4,
            "_thrs_logistic_regression": 0.8656917795982607,
            "_thrs_random_forest": 0.51
        },
        {
            "expression": "\u22a2 ( ( \ud835\udf13 \u2228 \ud835\udf11 ) \u2194 ( \ud835\udf11 \u2228 \ud835\udf13 ) )",
            "prop_expression": " \u22a2 ( ( \ud835\udf11 \u2228 \ud835\udf13 ) \u2194 ( \ud835\udf13 \u2228 \ud835\udf11 ) )",
            "step": 4,
            "theorem": "orcom",
            "ground_truth": "orcom \u22a2 ( ( \ud835\udf13 \u2228 \ud835\udf11 ) \u2194 ( \ud835\udf11 \u2228 \ud835\udf13 ) )",
            "ground_truth_display": false,
            "statement_depth": 0,
            "_thrs_random_uniform": 0.7120382612459704,
            "_thrs_reconstruct": 0.009485634308520504,
            "_thrs_obviousness": 0.008182733493745627,
            "_thrs_weight": 1.0,
            "_thrs_complexity": 0.5,
            "_thrs_surprisingness": 0.5,
            "_thrs_intensity": 0.0,
            "_thrs_interestingness": 0.4016365466987491,
            "_thrs_logistic_regression": 0.8656103217650569,
            "_thrs_random_forest": 0.53
        }
    ]
}