{
    "theorem": "pm5.61",
    "hyps": [
        [
            1,
            2
        ],
        [
            2,
            3
        ],
        [
            2,
            4
        ]
    ],
    "expression": "( ( ( \ud835\udf11 \u2228 \ud835\udf13 ) \u2227 \u00ac \ud835\udf13 ) \u2194 ( \ud835\udf11 \u2227 \u00ac \ud835\udf13 ) )",
    "steps": [
        {
            "expression": "\u22a2 ( ( ( \ud835\udf11 \u2228 \ud835\udf13 ) \u2227 \u00ac \ud835\udf13 ) \u2194 ( \ud835\udf11 \u2227 \u00ac \ud835\udf13 ) )",
            "prop_expression": "( \ud835\udf11 \u2192 ( \ud835\udf13 \u2194 \ud835\udf12 ) ) \u22a2 ( ( \ud835\udf13 \u2227 \ud835\udf11 ) \u2194 ( \ud835\udf12 \u2227 \ud835\udf11 ) )",
            "step": 1,
            "theorem": "pm5.32ri",
            "ground_truth": "pm5.32ri \u22a2 ( ( ( \ud835\udf11 \u2228 \ud835\udf13 ) \u2227 \u00ac \ud835\udf13 ) \u2194 ( \ud835\udf11 \u2227 \u00ac \ud835\udf13 ) )",
            "ground_truth_display": false,
            "statement_depth": 0,
            "_thrs_random_uniform": 0.86602,
            "_thrs_reconstruct": 1.0,
            "_thrs_obviousness": 1.0,
            "_thrs_weight": 0.0,
            "_thrs_complexity": 0.5,
            "_thrs_surprisingness": 0.5,
            "_thrs_intensity": 0.2,
            "_thrs_interestingness": 0.44,
            "_thrs_logistic_regression": 0.87025,
            "_thrs_random_forest": 0.915
        },
        {
            "expression": "\u22a2 ( \u00ac \ud835\udf13 \u2192 ( ( \ud835\udf11 \u2228 \ud835\udf13 ) \u2194 \ud835\udf11 ) )",
            "prop_expression": "( \ud835\udf11 \u2192 ( \ud835\udf13 \u2194 \ud835\udf12 ) ), ( \ud835\udf12 \u2194 \ud835\udf03 ) \u22a2 ( \ud835\udf11 \u2192 ( \ud835\udf03 \u2194 \ud835\udf13 ) )",
            "step": 2,
            "theorem": "syl6rbb",
            "ground_truth": "syl6rbb \u22a2 ( \u00ac \ud835\udf13 \u2192 ( ( \ud835\udf11 \u2228 \ud835\udf13 ) \u2194 \ud835\udf11 ) )",
            "ground_truth_display": false,
            "statement_depth": 0,
            "_thrs_random_uniform": 0.79108,
            "_thrs_reconstruct": 0.06826,
            "_thrs_obviousness": 0.11393,
            "_thrs_weight": 1.0,
            "_thrs_complexity": 0.5,
            "_thrs_surprisingness": 0.5,
            "_thrs_intensity": 1.0,
            "_thrs_interestingness": 0.62279,
            "_thrs_logistic_regression": 0.99929,
            "_thrs_random_forest": 0.935
        },
        {
            "expression": "\u22a2 ( \u00ac \ud835\udf13 \u2192 ( \ud835\udf11 \u2194 ( \ud835\udf13 \u2228 \ud835\udf11 ) ) )",
            "prop_expression": " \u22a2 ( \u00ac \ud835\udf11 \u2192 ( \ud835\udf13 \u2194 ( \ud835\udf11 \u2228 \ud835\udf13 ) ) )",
            "step": 3,
            "theorem": "biorf",
            "ground_truth": "biorf \u22a2 ( \u00ac \ud835\udf13 \u2192 ( \ud835\udf11 \u2194 ( \ud835\udf13 \u2228 \ud835\udf11 ) ) )",
            "ground_truth_display": false,
            "statement_depth": 0,
            "_thrs_random_uniform": 0.5259,
            "_thrs_reconstruct": 0.0,
            "_thrs_obviousness": 0.0,
            "_thrs_weight": 1.0,
            "_thrs_complexity": 0.5,
            "_thrs_surprisingness": 0.5,
            "_thrs_intensity": 0.0,
            "_thrs_interestingness": 0.4,
            "_thrs_logistic_regression": 0.86569,
            "_thrs_random_forest": 0.51
        },
        {
            "expression": "\u22a2 ( ( \ud835\udf13 \u2228 \ud835\udf11 ) \u2194 ( \ud835\udf11 \u2228 \ud835\udf13 ) )",
            "prop_expression": " \u22a2 ( ( \ud835\udf11 \u2228 \ud835\udf13 ) \u2194 ( \ud835\udf13 \u2228 \ud835\udf11 ) )",
            "step": 4,
            "theorem": "orcom",
            "ground_truth": "orcom \u22a2 ( ( \ud835\udf13 \u2228 \ud835\udf11 ) \u2194 ( \ud835\udf11 \u2228 \ud835\udf13 ) )",
            "ground_truth_display": false,
            "statement_depth": 0,
            "_thrs_random_uniform": 0.77368,
            "_thrs_reconstruct": 0.00949,
            "_thrs_obviousness": 0.00818,
            "_thrs_weight": 1.0,
            "_thrs_complexity": 0.5,
            "_thrs_surprisingness": 0.5,
            "_thrs_intensity": 0.0,
            "_thrs_interestingness": 0.40164,
            "_thrs_logistic_regression": 0.86561,
            "_thrs_random_forest": 0.53
        }
    ]
}