{
    "theorem": "psssstr",
    "hyps": [
        [
            1,
            2
        ],
        [
            1,
            3
        ],
        [
            3,
            4
        ],
        [
            4,
            5
        ],
        [
            4,
            7
        ],
        [
            5,
            6
        ],
        [
            7,
            8
        ]
    ],
    "expression": "( ( A \u228a B \u2227 B \u2286 C ) \u2192 A \u228a C )",
    "steps": [
        {
            "expression": "\u22a2 ( ( A \u228a B \u2227 B \u2286 C ) \u2192 A \u228a C )",
            "prop_expression": "( \ud835\udf11 \u2194 \ud835\udf12 ), ( ( \ud835\udf13 \u2227 \ud835\udf12 ) \u2192 \ud835\udf03 ) \u22a2 ( ( \ud835\udf13 \u2227 \ud835\udf11 ) \u2192 \ud835\udf03 )",
            "step": 1,
            "theorem": "sylan2b",
            "ground_truth": "sylan2b \u22a2 ( ( A \u228a B \u2227 B \u2286 C ) \u2192 A \u228a C )",
            "ground_truth_display": false,
            "statement_depth": 0,
            "_thrs_random_uniform": 0.4349756470716116,
            "_thrs_reconstruct": 6.140383839403931e-05,
            "_thrs_obviousness": 1.0,
            "_thrs_weight": 0.6666666666666667,
            "_thrs_complexity": 0.0,
            "_thrs_surprisingness": 1.0,
            "_thrs_intensity": 1.0,
            "_thrs_interestingness": 0.7333333333333334,
            "_thrs_logistic_regression": 0.9998365672081465,
            "_thrs_random_forest": 0.925
        },
        {
            "expression": "\u22a2 ( B \u2286 C \u2194 ( B \u228a C \u2228 B = C ) )",
            "prop_expression": " \u22a2 ( A \u2286 B \u2194 ( A \u228a B \u2228 A = B ) )",
            "step": 2,
            "theorem": "sspss",
            "ground_truth": "sspss \u22a2 ( B \u2286 C \u2194 ( B \u228a C \u2228 B = C ) )",
            "ground_truth_display": false,
            "statement_depth": 0,
            "_thrs_random_uniform": 0.47995113481576246,
            "_thrs_reconstruct": 0.1564623591684876,
            "_thrs_obviousness": 0.0,
            "_thrs_weight": 1.0,
            "_thrs_complexity": 1.0,
            "_thrs_surprisingness": 0.5,
            "_thrs_intensity": 0.03333333333333335,
            "_thrs_interestingness": 0.5066666666666666,
            "_thrs_logistic_regression": 0.3781583349405175,
            "_thrs_random_forest": 0.97
        },
        {
            "expression": "\u22a2 ( ( A \u228a B \u2227 ( B \u228a C \u2228 B = C ) ) \u2192 A \u228a C )",
            "prop_expression": "( \ud835\udf11 \u2192 ( \ud835\udf13 \u2192 \ud835\udf12 ) ) \u22a2 ( ( \ud835\udf11 \u2227 \ud835\udf13 ) \u2192 \ud835\udf12 )",
            "step": 3,
            "theorem": "imp",
            "ground_truth": "imp \u22a2 ( ( A \u228a B \u2227 ( B \u228a C \u2228 B = C ) ) \u2192 A \u228a C )",
            "ground_truth_display": false,
            "statement_depth": 0,
            "_thrs_random_uniform": 0.629727848756806,
            "_thrs_reconstruct": 2.1048027947323887e-06,
            "_thrs_obviousness": 0.9028375046124728,
            "_thrs_weight": 0.0,
            "_thrs_complexity": 1.0,
            "_thrs_surprisingness": 0.0,
            "_thrs_intensity": 0.3333333333333333,
            "_thrs_interestingness": 0.44723416758916124,
            "_thrs_logistic_regression": 0.6829879921587465,
            "_thrs_random_forest": 0.94
        },
        {
            "expression": "\u22a2 ( A \u228a B \u2192 ( ( B \u228a C \u2228 B = C ) \u2192 A \u228a C ) )",
            "prop_expression": "( \ud835\udf11 \u2192 ( \ud835\udf13 \u2192 \ud835\udf12 ) ), ( \ud835\udf11 \u2192 ( \ud835\udf03 \u2192 \ud835\udf12 ) ) \u22a2 ( \ud835\udf11 \u2192 ( ( \ud835\udf13 \u2228 \ud835\udf03 ) \u2192 \ud835\udf12 ) )",
            "step": 4,
            "theorem": "jaod",
            "ground_truth": "jaod \u22a2 ( A \u228a B \u2192 ( ( B \u228a C \u2228 B = C ) \u2192 A \u228a C ) )",
            "ground_truth_display": false,
            "statement_depth": 0,
            "_thrs_random_uniform": 0.40512067209300107,
            "_thrs_reconstruct": 1.2587546125360361e-06,
            "_thrs_obviousness": 0.90283464393251,
            "_thrs_weight": 0.0,
            "_thrs_complexity": 1.0,
            "_thrs_surprisingness": 0.0,
            "_thrs_intensity": 0.6606060606060605,
            "_thrs_interestingness": 0.5126881409077141,
            "_thrs_logistic_regression": 0.926449968747458,
            "_thrs_random_forest": 0.645
        },
        {
            "expression": "\u22a2 ( A \u228a B \u2192 ( B \u228a C \u2192 A \u228a C ) )",
            "prop_expression": "( ( \ud835\udf11 \u2227 \ud835\udf13 ) \u2192 \ud835\udf12 ) \u22a2 ( \ud835\udf11 \u2192 ( \ud835\udf13 \u2192 \ud835\udf12 ) )",
            "step": 5,
            "theorem": "ex",
            "ground_truth": "ex \u22a2 ( A \u228a B \u2192 ( B \u228a C \u2192 A \u228a C ) )",
            "ground_truth_display": false,
            "statement_depth": 0,
            "_thrs_random_uniform": 0.6199740048803601,
            "_thrs_reconstruct": 2.115808299541447e-05,
            "_thrs_obviousness": 0.5236259181720601,
            "_thrs_weight": 0.6666666666666667,
            "_thrs_complexity": 1.0,
            "_thrs_surprisingness": 0.0,
            "_thrs_intensity": 0.3333333333333333,
            "_thrs_interestingness": 0.504725183634412,
            "_thrs_logistic_regression": 0.8078070493705729,
            "_thrs_random_forest": 0.62
        },
        {
            "expression": "\u22a2 ( ( A \u228a B \u2227 B \u228a C ) \u2192 A \u228a C )",
            "prop_expression": " \u22a2 ( ( A \u228a B \u2227 B \u228a C ) \u2192 A \u228a C )",
            "step": 6,
            "theorem": "psstr",
            "ground_truth": "psstr \u22a2 ( ( A \u228a B \u2227 B \u228a C ) \u2192 A \u228a C )",
            "ground_truth_display": false,
            "statement_depth": 0,
            "_thrs_random_uniform": 0.9602686120134549,
            "_thrs_reconstruct": 1.0,
            "_thrs_obviousness": 0.5236112305018028,
            "_thrs_weight": 0.6666666666666667,
            "_thrs_complexity": 1.0,
            "_thrs_surprisingness": 0.0,
            "_thrs_intensity": 0.0,
            "_thrs_interestingness": 0.4380555794336939,
            "_thrs_logistic_regression": 0.4102982235062747,
            "_thrs_random_forest": 0.5816666666666667
        },
        {
            "expression": "\u22a2 ( A \u228a B \u2192 ( B = C \u2192 A \u228a C ) )",
            "prop_expression": "( \ud835\udf11 \u2192 ( \ud835\udf13 \u2194 \ud835\udf12 ) ) \u22a2 ( \ud835\udf13 \u2192 ( \ud835\udf11 \u2192 \ud835\udf12 ) )",
            "step": 7,
            "theorem": "biimpcd",
            "ground_truth": "biimpcd \u22a2 ( A \u228a B \u2192 ( B = C \u2192 A \u228a C ) )",
            "ground_truth_display": false,
            "statement_depth": 0,
            "_thrs_random_uniform": 0.8088779664984621,
            "_thrs_reconstruct": 0.0,
            "_thrs_obviousness": 0.28208356438127413,
            "_thrs_weight": 1.0,
            "_thrs_complexity": 1.0,
            "_thrs_surprisingness": 0.0,
            "_thrs_intensity": 0.3333333333333333,
            "_thrs_interestingness": 0.5230833795429215,
            "_thrs_logistic_regression": 0.8550054769621972,
            "_thrs_random_forest": 0.675
        },
        {
            "expression": "\u22a2 ( B = C \u2192 ( A \u228a B \u2194 A \u228a C ) )",
            "prop_expression": " \u22a2 ( A = B \u2192 ( C \u228a A \u2194 C \u228a B ) )",
            "step": 8,
            "theorem": "psseq2",
            "ground_truth": "psseq2 \u22a2 ( B = C \u2192 ( A \u228a B \u2194 A \u228a C ) )",
            "ground_truth_display": false,
            "statement_depth": 0,
            "_thrs_random_uniform": 0.13949425842113272,
            "_thrs_reconstruct": 0.6108964498862172,
            "_thrs_obviousness": 0.2820820102208167,