{
    "theorem": "psstr",
    "hyps": [
        [
            1,
            2
        ],
        [
            1,
            5
        ],
        [
            1,
            10
        ],
        [
            2,
            3
        ],
        [
            2,
            4
        ],
        [
            5,
            6
        ],
        [
            6,
            7
        ],
        [
            6,
            8
        ],
        [
            8,
            9
        ]
    ],
    "expression": "( ( A \u228a B \u2227 B \u228a C ) \u2192 A \u228a C )",
    "steps": [
        {
            "expression": "\u22a2 ( ( A \u228a B \u2227 B \u228a C ) \u2192 A \u228a C )",
            "prop_expression": "( \ud835\udf11 \u2192 \ud835\udf13 ), ( \ud835\udf11 \u2192 \ud835\udf12 ), ( \ud835\udf03 \u2194 ( \ud835\udf13 \u2227 \ud835\udf12 ) ) \u22a2 ( \ud835\udf11 \u2192 \ud835\udf03 )",
            "step": 1,
            "theorem": "sylanbrc",
            "ground_truth": "sylanbrc \u22a2 ( ( A \u228a B \u2227 B \u228a C ) \u2192 A \u228a C )",
            "ground_truth_display": false,
            "statement_depth": 0,
            "_thrs_random_uniform": 0.3061806587334377,
            "_thrs_reconstruct": 7.558520167613737e-05,
            "_thrs_obviousness": 1.0,
            "_thrs_weight": 0.625,
            "_thrs_complexity": 0.5,
            "_thrs_surprisingness": 0.43243243243243257,
            "_thrs_intensity": 0.8611111111111112,
            "_thrs_interestingness": 0.6837087087087087,
            "_thrs_logistic_regression": 0.9978878466612612,
            "_thrs_random_forest": 0.95
        },
        {
            "expression": "\u22a2 ( ( A \u228a B \u2227 B \u228a C ) \u2192 A \u2286 C )",
            "prop_expression": "( \ud835\udf11 \u2192 A \u2286 B ), ( \ud835\udf13 \u2192 B \u2286 C ) \u22a2 ( ( \ud835\udf11 \u2227 \ud835\udf13 ) \u2192 A \u2286 C )",
            "step": 2,
            "theorem": "sylan9ss",
            "ground_truth": "sylan9ss \u22a2 ( ( A \u228a B \u2227 B \u228a C ) \u2192 A \u2286 C )",
            "ground_truth_display": false,
            "statement_depth": 0,
            "_thrs_random_uniform": 0.23522844134869114,
            "_thrs_reconstruct": 0.36649834241494833,
            "_thrs_obviousness": 0.22353523879969822,
            "_thrs_weight": 0.625,
            "_thrs_complexity": 0.0,
            "_thrs_surprisingness": 1.0,
            "_thrs_intensity": 0.41666666666666663,
            "_thrs_interestingness": 0.45304038109327294,
            "_thrs_logistic_regression": 0.9963091235478297,
            "_thrs_random_forest": 0.945
        },
        {
            "expression": "\u22a2 ( A \u228a B \u2192 A \u2286 B )",
            "prop_expression": " \u22a2 ( A \u228a B \u2192 A \u2286 B )",
            "step": 3,
            "theorem": "pssss",
            "ground_truth": "pssss \u22a2 ( A \u228a B \u2192 A \u2286 B )",
            "ground_truth_display": false,
            "statement_depth": 0,
            "_thrs_random_uniform": 0.46184587646254016,
            "_thrs_reconstruct": 9.935924004278877e-06,
            "_thrs_obviousness": 0.0,
            "_thrs_weight": 1.0,
            "_thrs_complexity": 0.5,
            "_thrs_surprisingness": 0.5135135135135135,
            "_thrs_intensity": 0.08333333333333331,
            "_thrs_interestingness": 0.4193693693693694,
            "_thrs_logistic_regression": 0.9084394297131437,
            "_thrs_random_forest": 0.76325
        },
        {
            "expression": "\u22a2 ( B \u228a C \u2192 B \u2286 C )",
            "prop_expression": " \u22a2 ( A \u228a B \u2192 A \u2286 B )",
            "step": 4,
            "theorem": "pssss",
            "ground_truth": "pssss \u22a2 ( B \u228a C \u2192 B \u2286 C )",
            "ground_truth_display": false,
            "statement_depth": 0,
            "_thrs_random_uniform": 0.7957272907047249,
            "_thrs_reconstruct": 9.935924004278877e-06,
            "_thrs_obviousness": 0.0,
            "_thrs_weight": 1.0,
            "_thrs_complexity": 0.5,
            "_thrs_surprisingness": 0.43243243243243246,
            "_thrs_intensity": 0.08333333333333331,
            "_thrs_interestingness": 0.4031531531531532,
            "_thrs_logistic_regression": 0.9171734764065178,
            "_thrs_random_forest": 0.76325
        },
        {
            "expression": "\u22a2 ( ( A \u228a B \u2227 B \u228a C ) \u2192 \u00ac A = C )",
            "prop_expression": "( \ud835\udf11 \u2192 \u00ac \ud835\udf13 ) \u22a2 ( \ud835\udf13 \u2192 \u00ac \ud835\udf11 )",
            "step": 5,
            "theorem": "con2i",
            "ground_truth": "con2i \u22a2 ( ( A \u228a B \u2227 B \u228a C ) \u2192 \u00ac A = C )",
            "ground_truth_display": false,
            "statement_depth": 0,
            "_thrs_random_uniform": 0.40945638239841065,
            "_thrs_reconstruct": 0.0,
            "_thrs_obviousness": 0.7737484122084255,
            "_thrs_weight": 0.75,
            "_thrs_complexity": 0.5,
            "_thrs_surprisingness": 0.43243243243243257,
            "_thrs_intensity": 0.25,
            "_thrs_interestingness": 0.5412361689281716,
            "_thrs_logistic_regression": 0.9525362393242297,
            "_thrs_random_forest": 0.95
        },
        {
            "expression": "\u22a2 ( A = C \u2192 \u00ac ( A \u228a B \u2227 B \u228a C ) )",
            "prop_expression": "\u00ac \ud835\udf12, ( \ud835\udf11 \u2192 ( \ud835\udf13 \u2194 \ud835\udf12 ) ) \u22a2 ( \ud835\udf11 \u2192 \u00ac \ud835\udf13 )",
            "step": 6,
            "theorem": "mtbiri",
            "ground_truth": "mtbiri \u22a2 ( A = C \u2192 \u00ac ( A \u228a B \u2227 B \u228a C ) )",
            "ground_truth_display": false,
            "statement_depth": 0,
            "_thrs_random_uniform": 0.1757195841959479,
            "_thrs_reconstruct": 7.003642232301001e-06,
            "_thrs_obviousness": 0.7737477106045066,
            "_thrs_weight": 0.75,
            "_thrs_complexity": 0.5,
            "_thrs_surprisingness": 0.43243243243243257,
            "_thrs_intensity": 1.0,
            "_thrs_interestingness": 0.6912360286073878,
            "_thrs_logistic_regression": 0.9991297989929498,
            "_thrs_random_forest": 0.855
        },
        {
            "expression": "\u22a2 \u00ac ( C \u228a B \u2227 B \u228a C )",
            "prop_expression": " \u22a2 \u00ac ( A \u228a B \u2227 B \u228a A )",
            "step": 7,
            "theorem": "pssn2lp",
            "ground_truth": "pssn2lp \u22a2 \u00ac ( C \u228a B \u2227 B \u228a C )",
            "ground_truth_display": false,
            "statement_depth": 0,
            "_thrs_random_uniform": 0.9388445082678158,
            "_thrs_reconstruct": 0.2634180255255128,
            "_thrs_obviousness": 0.16065290765436943,
            "_thrs_weight": 1.0,
            "_thrs_complexity": 1.0,
            "_thrs_surprisingness": 0.0,
            "_thrs_intensity": 0.0,
            "_thrs_interestingness": 0.43213058153087386,
            "_thrs_logistic_regression": 0.4965622120989432,
            "_thrs_random_forest": 0.625
        },
        {
            "expression": "\u22a2 ( A = C \u2192 ( ( A \u228a B \u2227 B \u228a C ) \u2194 ( C \u228a B \u2227 B \u228a C ) ) )",
            "prop_expression": "( \ud835\udf11 \u2192 ( \ud835\udf13 \u2194 \ud835\udf12 ) ) \u22a2 ( \ud835\udf11 \u2192 ( ( \ud835\udf13 \u2227 \ud835\udf03 ) \u2194 ( \ud835\udf12 \u2227 \ud835\udf03 ) ) )",
            "step": 8,
            "theorem": "anbi1d",
            "ground_truth": "anbi1d \u22a2 ( A = C \u2192 ( ( A \u228a B \u2227 B \u228a C ) \u2194 ( C \u228a B \u2227 B \u228a C ) ) )",
            "ground_truth_display": false,
            "statement_depth": 0,
            "_thrs_random_uniform": 0.8643234124718908,
            "_thrs_reconstruct": 0.005225822349964446,
            "_thrs_obviousness": 0.6130830682806712,