{
    "theorem": "pwin",
    "hyps": [
        [
            1,
            2
        ],
        [
            2,
            3
        ],
        [
            3,
            4
        ],
        [
            3,
            5
        ],
        [
            3,
            10
        ],
        [
            5,
            6
        ],
        [
            5,
            8
        ],
        [
            6,
            7
        ],
        [
            8,
            9
        ],
        [
            10,
            11
        ]
    ],
    "expression": "\ud835\udcab ( A \u2229 B ) = ( \ud835\udcab A \u2229 \ud835\udcab B )",
    "steps": [
        {
            "expression": "\u22a2 \ud835\udcab ( A \u2229 B ) = ( \ud835\udcab A \u2229 \ud835\udcab B )",
            "prop_expression": "A = B \u22a2 B = A",
            "step": 1,
            "theorem": "eqcomi",
            "ground_truth": "eqcomi \u22a2 \ud835\udcab ( A \u2229 B ) = ( \ud835\udcab A \u2229 \ud835\udcab B )",
            "ground_truth_display": false,
            "statement_depth": 0,
            "_thrs_random_uniform": 0.9303400588831955,
            "_thrs_reconstruct": 1.996085685507776e-06,
            "_thrs_obviousness": 1.0,
            "_thrs_weight": 0.4545454545454546,
            "_thrs_complexity": 0.75,
            "_thrs_surprisingness": 0.5,
            "_thrs_intensity": 0.3117709437963944,
            "_thrs_interestingness": 0.6032632796683698,
            "_thrs_logistic_regression": 0.8415060795716616,
            "_thrs_random_forest": 0.79
        },
        {
            "expression": "\u22a2 ( \ud835\udcab A \u2229 \ud835\udcab B ) = \ud835\udcab ( A \u2229 B )",
            "prop_expression": "( ( x \u2208 A \u2227 x \u2208 B ) \u2194 x \u2208 C ) \u22a2 ( A \u2229 B ) = C",
            "step": 2,
            "theorem": "ineqri",
            "ground_truth": "ineqri \u22a2 ( \ud835\udcab A \u2229 \ud835\udcab B ) = \ud835\udcab ( A \u2229 B )",
            "ground_truth_display": false,
            "statement_depth": 0,
            "_thrs_random_uniform": 0.6381899799377844,
            "_thrs_reconstruct": 0.9836361761953824,
            "_thrs_obviousness": 0.9999988448438345,
            "_thrs_weight": 0.4545454545454546,
            "_thrs_complexity": 0.75,
            "_thrs_surprisingness": 0.5,
            "_thrs_intensity": 0.33294057578256947,
            "_thrs_interestingness": 0.6074969750343717,
            "_thrs_logistic_regression": 0.8561533237725805,
            "_thrs_random_forest": 0.87
        },
        {
            "expression": "\u22a2 ( ( x \u2208 \ud835\udcab A \u2227 x \u2208 \ud835\udcab B ) \u2194 x \u2208 \ud835\udcab ( A \u2229 B ) )",
            "prop_expression": "( \ud835\udf11 \u2194 \ud835\udf13 ), ( \ud835\udf12 \u2194 \ud835\udf11 ), ( \ud835\udf03 \u2194 \ud835\udf13 ) \u22a2 ( \ud835\udf12 \u2194 \ud835\udf03 )",
            "step": 3,
            "theorem": "3bitr4i",
            "ground_truth": "3bitr4i \u22a2 ( ( x \u2208 \ud835\udcab A \u2227 x \u2208 \ud835\udcab B ) \u2194 x \u2208 \ud835\udcab ( A \u2229 B ) )",
            "ground_truth_display": false,
            "statement_depth": 0,
            "_thrs_random_uniform": 0.9586799233122117,
            "_thrs_reconstruct": 0.0,
            "_thrs_obviousness": 0.8022643554306513,
            "_thrs_weight": 0.0,
            "_thrs_complexity": 0.25,
            "_thrs_surprisingness": 0.5,
            "_thrs_intensity": 1.0,
            "_thrs_interestingness": 0.5104528710861302,
            "_thrs_logistic_regression": 0.9994510546713182,
            "_thrs_random_forest": 0.825
        },
        {
            "expression": "\u22a2 ( ( x \u2286 A \u2227 x \u2286 B ) \u2194 x \u2286 ( A \u2229 B ) )",
            "prop_expression": " \u22a2 ( ( A \u2286 B \u2227 A \u2286 C ) \u2194 A \u2286 ( B \u2229 C ) )",
            "step": 4,
            "theorem": "ssin",
            "ground_truth": "ssin \u22a2 ( ( x \u2286 A \u2227 x \u2286 B ) \u2194 x \u2286 ( A \u2229 B ) )",
            "ground_truth_display": false,
            "statement_depth": 0,
            "_thrs_random_uniform": 0.46129905864355314,
            "_thrs_reconstruct": 0.9903534186788782,
            "_thrs_obviousness": 0.19904778111002755,
            "_thrs_weight": 0.2727272727272727,
            "_thrs_complexity": 0.5,
            "_thrs_surprisingness": 0.5,
            "_thrs_intensity": 0.0,
            "_thrs_interestingness": 0.29435501076746007,
            "_thrs_logistic_regression": 0.7600082726069115,
            "_thrs_random_forest": 0.555
        },
        {
            "expression": "\u22a2 ( ( x \u2208 \ud835\udcab A \u2227 x \u2208 \ud835\udcab B ) \u2194 ( x \u2286 A \u2227 x \u2286 B ) )",
            "prop_expression": "( \ud835\udf11 \u2194 \ud835\udf13 ), ( \ud835\udf12 \u2194 \ud835\udf03 ) \u22a2 ( ( \ud835\udf11 \u2227 \ud835\udf12 ) \u2194 ( \ud835\udf13 \u2227 \ud835\udf03 ) )",
            "step": 5,
            "theorem": "anbi12i",
            "ground_truth": "anbi12i \u22a2 ( ( x \u2208 \ud835\udcab A \u2227 x \u2208 \ud835\udcab B ) \u2194 ( x \u2286 A \u2227 x \u2286 B ) )",
            "ground_truth_display": false,
            "statement_depth": 0,
            "_thrs_random_uniform": 0.9587066919987296,
            "_thrs_reconstruct": 0.00015909048441979182,
            "_thrs_obviousness": 0.40211776169560354,
            "_thrs_weight": 0.0,
            "_thrs_complexity": 0.25,
            "_thrs_surprisingness": 0.5,
            "_thrs_intensity": 0.3117709437963944,
            "_thrs_interestingness": 0.2927777410983996,
            "_thrs_logistic_regression": 0.9787049504837123,
            "_thrs_random_forest": 0.625
        },
        {
            "expression": "\u22a2 ( x \u2208 \ud835\udcab A \u2194 x \u2286 A )",
            "prop_expression": "A \u2208 V \u22a2 ( A \u2208 \ud835\udcab B \u2194 A \u2286 B )",
            "step": 6,
            "theorem": "elpw",
            "ground_truth": "elpw \u22a2 ( x \u2208 \ud835\udcab A \u2194 x \u2286 A )",
            "ground_truth_display": false,
            "statement_depth": 0,
            "_thrs_random_uniform": 0.7456467700005992,
            "_thrs_reconstruct": 1.0,
            "_thrs_obviousness": 0.20102399836631915,
            "_thrs_weight": 0.6363636363636364,
            "_thrs_complexity": 0.5,
            "_thrs_surprisingness": 0.5,
            "_thrs_intensity": 0.14846235418875928,
            "_thrs_interestingness": 0.39716999778374296,
            "_thrs_logistic_regression": 0.9089121761463956,
            "_thrs_random_forest": 0.71
        },
        {
            "expression": "\u22a2 x \u2208 V",
            "prop_expression": " \u22a2 x \u2208 V",
            "step": 7,
            "theorem": "vex",
            "ground_truth": "vex \u22a2 x \u2208 V",
            "ground_truth_display": false,
            "statement_depth": 0,
            "_thrs_random_uniform": 0.8916299059611725,
            "_thrs_reconstruct": 0.00018045815860308196,
            "_thrs_obviousness": 0.0,
            "_thrs_weight": 1.0,
            "_thrs_complexity": 1.0,
            "_thrs_surprisingness": 0.5,
            "_thrs_intensity": 0.3117709437963944,
            "_thrs_interestingness": 0.5623541887592789,
            "_thrs_logistic_regression": 0.7320376592109796,
            "_thrs_random_forest": 0.74
        },
        {
            "expression": "\u22a2 ( x \u2208 \ud835\udcab B \u2194 x \u2286 B )",
            "prop_expression": "A \u2208 V \u22a2 ( A \u2208 \ud835\udcab B \u2194 A \u2286 B )",
            "step": 8,
            "theorem": "elpw",
            "ground_truth": "elpw \u22a2 ( x \u2208 \ud835\udcab B \u2194 x \u2286 B )",
            "ground_truth_display": false,
            "statement_depth": 0,
            "_thrs_random_uniform": 0.4145596616097017,
            "_thrs_reconstruct": 1.0,
            "_thrs_obviousness": 0.20102399836631915,