{
    "theorem": "qsss",
    "hyps": [
        [
            1,
            2
        ],
        [
            2,
            3
        ],
        [
            2,
            5
        ],
        [
            3,
            4
        ],
        [
            5,
            6
        ],
        [
            6,
            7
        ],
        [
            6,
            11
        ],
        [
            7,
            8
        ],
        [
            7,
            10
        ],
        [
            8,
            9
        ],
        [
            11,
            12
        ]
    ],
    "expression": "( \ud835\udf11 \u2192 ( A /. .~ ) \u2286 \ud835\udcab A )",
    "steps": [
        {
            "expression": "\u22a2 ( \ud835\udf11 \u2192 ( A /. .~ ) \u2286 \ud835\udcab A )",
            "prop_expression": "( \ud835\udf11 \u2192 ( x \u2208 A \u2192 x \u2208 B ) ) \u22a2 ( \ud835\udf11 \u2192 A \u2286 B )",
            "step": 1,
            "theorem": "ssrdv",
            "ground_truth": "ssrdv \u22a2 ( \ud835\udf11 \u2192 ( A /. .~ ) \u2286 \ud835\udcab A )",
            "ground_truth_display": false,
            "statement_depth": 0,
            "_thrs_random_uniform": 0.44660254452151893,
            "_thrs_reconstruct": 1.4595054685774598e-07,
            "_thrs_obviousness": 1.0,
            "_thrs_weight": 0.5,
            "_thrs_complexity": 0.25,
            "_thrs_surprisingness": 1.0,
            "_thrs_intensity": 0.44099378881987583,
            "_thrs_interestingness": 0.6381987577639752,
            "_thrs_logistic_regression": 0.9862580457422535,
            "_thrs_random_forest": 0.95
        },
        {
            "expression": "\u22a2 ( \ud835\udf11 \u2192 ( x \u2208 ( A /. .~ ) \u2192 x \u2208 \ud835\udcab A ) )",
            "prop_expression": "( \ud835\udf11 \u2194 \ud835\udf13 ), ( \ud835\udf12 \u2192 ( \ud835\udf13 \u2192 \ud835\udf03 ) ) \u22a2 ( \ud835\udf12 \u2192 ( \ud835\udf11 \u2192 \ud835\udf03 ) )",
            "step": 2,
            "theorem": "syl5bi",
            "ground_truth": "syl5bi \u22a2 ( \ud835\udf11 \u2192 ( x \u2208 ( A /. .~ ) \u2192 x \u2208 \ud835\udcab A ) )",
            "ground_truth_display": false,
            "statement_depth": 0,
            "_thrs_random_uniform": 0.8943402809353876,
            "_thrs_reconstruct": 4.561787862310661e-12,
            "_thrs_obviousness": 0.9999998540689953,
            "_thrs_weight": 0.125,
            "_thrs_complexity": 0.0,
            "_thrs_surprisingness": 0.5,
            "_thrs_intensity": 0.8673913043478262,
            "_thrs_interestingness": 0.4984782316833643,
            "_thrs_logistic_regression": 0.9997153744591474,
            "_thrs_random_forest": 0.91
        },
        {
            "expression": "\u22a2 ( x \u2208 ( A /. .~ ) \u2194 \u2203 y \u2208 A x = [ y ] .~ )",
            "prop_expression": "B \u2208 V \u22a2 ( B \u2208 ( A /. .~ ) \u2194 \u2203 x \u2208 A B = [ x ] .~ )",
            "step": 3,
            "theorem": "elqs",
            "ground_truth": "elqs \u22a2 ( x \u2208 ( A /. .~ ) \u2194 \u2203 y \u2208 A x = [ y ] .~ )",
            "ground_truth_display": false,
            "statement_depth": 0,
            "_thrs_random_uniform": 0.8804819129134996,
            "_thrs_reconstruct": 6.573833880714156e-05,
            "_thrs_obviousness": 6.57418540093174e-05,
            "_thrs_weight": 0.0,
            "_thrs_complexity": 0.25,
            "_thrs_surprisingness": 0.0,
            "_thrs_intensity": 0.027667984189723365,
            "_thrs_interestingness": 0.05554674520874654,
            "_thrs_logistic_regression": 0.952865646264356,
            "_thrs_random_forest": 0.885
        },
        {
            "expression": "\u22a2 x \u2208 V",
            "prop_expression": " \u22a2 x \u2208 V",
            "step": 4,
            "theorem": "vex",
            "ground_truth": "vex \u22a2 x \u2208 V",
            "ground_truth_display": false,
            "statement_depth": 0,
            "_thrs_random_uniform": 0.301230841872863,
            "_thrs_reconstruct": 1.2325041161740863e-08,
            "_thrs_obviousness": 1.2323389744263289e-08,
            "_thrs_weight": 1.0,
            "_thrs_complexity": 1.0,
            "_thrs_surprisingness": 0.0,
            "_thrs_intensity": 0.30434782608695654,
            "_thrs_interestingness": 0.4608695676820692,
            "_thrs_logistic_regression": 0.8378287777182434,
            "_thrs_random_forest": 0.62
        },
        {
            "expression": "\u22a2 ( \ud835\udf11 \u2192 ( \u2203 y \u2208 A x = [ y ] .~ \u2192 x \u2208 \ud835\udcab A ) )",
            "prop_expression": "( \ud835\udf11 \u2192 ( \ud835\udf13 \u2192 \ud835\udf12 ) ) \u22a2 ( \ud835\udf11 \u2192 ( \u2203 x \u2208 A \ud835\udf13 \u2192 \ud835\udf12 ) )",
            "step": 5,
            "theorem": "rexlimdvw",
            "ground_truth": "rexlimdvw \u22a2 ( \ud835\udf11 \u2192 ( \u2203 y \u2208 A x = [ y ] .~ \u2192 x \u2208 \ud835\udcab A ) )",
            "ground_truth_display": false,
            "statement_depth": 0,
            "_thrs_random_uniform": 0.6962450989021688,
            "_thrs_reconstruct": 3.714557957632768e-09,
            "_thrs_obviousness": 0.9999341122103976,
            "_thrs_weight": 0.0,
            "_thrs_complexity": 0.0,
            "_thrs_surprisingness": 0.5,
            "_thrs_intensity": 0.1383399209486166,
            "_thrs_interestingness": 0.32765480663180285,
            "_thrs_logistic_regression": 0.9838748329706565,
            "_thrs_random_forest": 0.905
        },
        {
            "expression": "\u22a2 ( \ud835\udf11 \u2192 ( x = [ y ] .~ \u2192 x \u2208 \ud835\udcab A ) )",
            "prop_expression": "( \ud835\udf11 \u2192 ( \ud835\udf13 \u2192 \ud835\udf12 ) ), ( \ud835\udf03 \u2194 \ud835\udf12 ) \u22a2 ( \ud835\udf11 \u2192 ( \ud835\udf13 \u2192 \ud835\udf03 ) )",
            "step": 6,
            "theorem": "syl6ibr",
            "ground_truth": "syl6ibr \u22a2 ( \ud835\udf11 \u2192 ( x = [ y ] .~ \u2192 x \u2208 \ud835\udcab A ) )",
            "ground_truth_display": false,
            "statement_depth": 0,
            "_thrs_random_uniform": 0.8721820320749896,
            "_thrs_reconstruct": 4.504765514031778e-11,
            "_thrs_obviousness": 0.9999341084963238,
            "_thrs_weight": 0.375,
            "_thrs_complexity": 0.0,
            "_thrs_surprisingness": 0.5,
            "_thrs_intensity": 0.6277173913043479,
            "_thrs_interestingness": 0.5005302999601343,
            "_thrs_logistic_regression": 0.9991831926926998,
            "_thrs_random_forest": 0.815
        },
        {
            "expression": "\u22a2 ( \ud835\udf11 \u2192 ( x = [ y ] .~ \u2192 x \u2286 A ) )",
            "prop_expression": "( \ud835\udf11 \u2192 \ud835\udf03 ), ( \ud835\udf12 \u2192 ( \ud835\udf13 \u2194 \ud835\udf03 ) ) \u22a2 ( \ud835\udf11 \u2192 ( \ud835\udf12 \u2192 \ud835\udf13 ) )",
            "step": 7,
            "theorem": "syl5ibrcom",
            "ground_truth": "syl5ibrcom \u22a2 ( \ud835\udf11 \u2192 ( x = [ y ] .~ \u2192 x \u2286 A ) )",
            "ground_truth_display": false,
            "statement_depth": 0,
            "_thrs_random_uniform": 0.057788367075706004,
            "_thrs_reconstruct": 9.737244806098829e-11,
            "_thrs_obviousness": 0.9998671966492083,
            "_thrs_weight": 0.5,
            "_thrs_complexity": 0.25,
            "_thrs_surprisingness": 1.0,
            "_thrs_intensity": 1.0,
            "_thrs_interestingness": 0.7499734393298416,
            "_thrs_logistic_regression": 0.9993179259825626,
            "_thrs_random_forest": 0.865
        },
        {
            "expression": "\u22a2 ( \ud835\udf11 \u2192 [ y ] .~ \u2286 A )",
            "prop_expression": "( \ud835\udf11 \u2192 .~ Er X ) \u22a2 ( \ud835\udf11 \u2192 [ A ] .~ \u2286 X )",
            "step": 8,
            "theorem": "ecss",