{
    "theorem": "r19.3rzv",
    "hyps": [
        [
            1,
            2
        ],
        [
            1,
            5
        ],
        [
            2,
            3
        ],
        [
            2,
            4
        ],
        [
            5,
            6
        ],
        [
            5,
            7
        ]
    ],
    "expression": "( A \u2260 \u2205 \u2192 ( \ud835\udf11 \u2194 \u2200 x \u2208 A \ud835\udf11 ) )",
    "steps": [
        {
            "expression": "\u22a2 ( A \u2260 \u2205 \u2192 ( \ud835\udf11 \u2194 \u2200 x \u2208 A \ud835\udf11 ) )",
            "prop_expression": "( \ud835\udf11 \u2192 ( \ud835\udf13 \u2194 \ud835\udf12 ) ), ( \ud835\udf03 \u2194 \ud835\udf12 ) \u22a2 ( \ud835\udf11 \u2192 ( \ud835\udf13 \u2194 \ud835\udf03 ) )",
            "step": 1,
            "theorem": "syl6bbr",
            "ground_truth": "syl6bbr \u22a2 ( A \u2260 \u2205 \u2192 ( \ud835\udf11 \u2194 \u2200 x \u2208 A \ud835\udf11 ) )",
            "ground_truth_display": false,
            "statement_depth": 0,
            "_thrs_random_uniform": 0.28702,
            "_thrs_reconstruct": 0.0,
            "_thrs_obviousness": 1.0,
            "_thrs_weight": 0.75,
            "_thrs_complexity": 0.0,
            "_thrs_surprisingness": 1.0,
            "_thrs_intensity": 1.0,
            "_thrs_interestingness": 0.75,
            "_thrs_logistic_regression": 0.99985,
            "_thrs_random_forest": 0.995
        },
        {
            "expression": "\u22a2 ( A \u2260 \u2205 \u2192 ( \ud835\udf11 \u2194 ( \u2203 x x \u2208 A \u2192 \ud835\udf11 ) ) )",
            "prop_expression": "( \ud835\udf11 \u2194 \ud835\udf13 ), ( \ud835\udf13 \u2192 \ud835\udf12 ) \u22a2 ( \ud835\udf11 \u2192 \ud835\udf12 )",
            "step": 2,
            "theorem": "sylbi",
            "ground_truth": "sylbi \u22a2 ( A \u2260 \u2205 \u2192 ( \ud835\udf11 \u2194 ( \u2203 x x \u2208 A \u2192 \ud835\udf11 ) ) )",
            "ground_truth_display": false,
            "statement_depth": 0,
            "_thrs_random_uniform": 0.75536,
            "_thrs_reconstruct": 0.0,
            "_thrs_obviousness": 0.99997,
            "_thrs_weight": 0.5,
            "_thrs_complexity": 0.0,
            "_thrs_surprisingness": 1.0,
            "_thrs_intensity": 0.78873,
            "_thrs_interestingness": 0.65774,
            "_thrs_logistic_regression": 0.9994,
            "_thrs_random_forest": 0.9025
        },
        {
            "expression": "\u22a2 ( A \u2260 \u2205 \u2194 \u2203 x x \u2208 A )",
            "prop_expression": " \u22a2 ( A \u2260 \u2205 \u2194 \u2203 x x \u2208 A )",
            "step": 3,
            "theorem": "n0",
            "ground_truth": "n0 \u22a2 ( A \u2260 \u2205 \u2194 \u2203 x x \u2208 A )",
            "ground_truth_display": false,
            "statement_depth": 0,
            "_thrs_random_uniform": 0.50693,
            "_thrs_reconstruct": 1.0,
            "_thrs_obviousness": 0.99997,
            "_thrs_weight": 1.0,
            "_thrs_complexity": 1.0,
            "_thrs_surprisingness": 0.66667,
            "_thrs_intensity": 0.13146,
            "_thrs_interestingness": 0.75962,
            "_thrs_logistic_regression": 0.43063,
            "_thrs_random_forest": 0.54833
        },
        {
            "expression": "\u22a2 ( \u2203 x x \u2208 A \u2192 ( \ud835\udf11 \u2194 ( \u2203 x x \u2208 A \u2192 \ud835\udf11 ) ) )",
            "prop_expression": " \u22a2 ( \ud835\udf11 \u2192 ( \ud835\udf13 \u2194 ( \ud835\udf11 \u2192 \ud835\udf13 ) ) )",
            "step": 4,
            "theorem": "biimt",
            "ground_truth": "biimt \u22a2 ( \u2203 x x \u2208 A \u2192 ( \ud835\udf11 \u2194 ( \u2203 x x \u2208 A \u2192 \ud835\udf11 ) ) )",
            "ground_truth_display": false,
            "statement_depth": 0,
            "_thrs_random_uniform": 0.00312,
            "_thrs_reconstruct": 0.0,
            "_thrs_obviousness": 0.0,
            "_thrs_weight": 0.0,
            "_thrs_complexity": 1.0,
            "_thrs_surprisingness": 0.0,
            "_thrs_intensity": 0.0,
            "_thrs_interestingness": 0.2,
            "_thrs_logistic_regression": 0.27813,
            "_thrs_random_forest": 0.65
        },
        {
            "expression": "\u22a2 ( \u2200 x \u2208 A \ud835\udf11 \u2194 ( \u2203 x x \u2208 A \u2192 \ud835\udf11 ) )",
            "prop_expression": "( \ud835\udf11 \u2194 \ud835\udf13 ), ( \ud835\udf13 \u2194 \ud835\udf12 ) \u22a2 ( \ud835\udf11 \u2194 \ud835\udf12 )",
            "step": 5,
            "theorem": "bitri",
            "ground_truth": "bitri \u22a2 ( \u2200 x \u2208 A \ud835\udf11 \u2194 ( \u2203 x x \u2208 A \u2192 \ud835\udf11 ) )",
            "ground_truth_display": false,
            "statement_depth": 0,
            "_thrs_random_uniform": 0.83865,
            "_thrs_reconstruct": 0.0,
            "_thrs_obviousness": 2e-05,
            "_thrs_weight": 0.25,
            "_thrs_complexity": 1.0,
            "_thrs_surprisingness": 0.0,
            "_thrs_intensity": 0.84351,
            "_thrs_interestingness": 0.41871,
            "_thrs_logistic_regression": 0.97888,
            "_thrs_random_forest": 0.92667
        },
        {
            "expression": "\u22a2 ( \u2200 x \u2208 A \ud835\udf11 \u2194 \u2200 x ( x \u2208 A \u2192 \ud835\udf11 ) )",
            "prop_expression": " \u22a2 ( \u2200 x \u2208 A \ud835\udf11 \u2194 \u2200 x ( x \u2208 A \u2192 \ud835\udf11 ) )",
            "step": 6,
            "theorem": "df-ral",
            "ground_truth": "df-ral \u22a2 ( \u2200 x \u2208 A \ud835\udf11 \u2194 \u2200 x ( x \u2208 A \u2192 \ud835\udf11 ) )",
            "ground_truth_display": false,
            "statement_depth": 0,
            "_thrs_random_uniform": 0.95058,
            "_thrs_reconstruct": 0.0,
            "_thrs_obviousness": 0.0,
            "_thrs_weight": 0.25,
            "_thrs_complexity": 1.0,
            "_thrs_surprisingness": 0.0,
            "_thrs_intensity": 0.02191,
            "_thrs_interestingness": 0.25438,
            "_thrs_logistic_regression": 0.35501,
            "_thrs_random_forest": 0.305
        },
        {
            "expression": "\u22a2 ( \u2200 x ( x \u2208 A \u2192 \ud835\udf11 ) \u2194 ( \u2203 x x \u2208 A \u2192 \ud835\udf11 ) )",
            "prop_expression": " \u22a2 ( \u2200 x ( \ud835\udf11 \u2192 \ud835\udf13 ) \u2194 ( \u2203 x \ud835\udf11 \u2192 \ud835\udf13 ) )",
            "step": 7,
            "theorem": "19.23v",
            "ground_truth": "19.23v \u22a2 ( \u2200 x ( x \u2208 A \u2192 \ud835\udf11 ) \u2194 ( \u2203 x x \u2208 A \u2192 \ud835\udf11 ) )",
            "ground_truth_display": false,
            "statement_depth": 0,
            "_thrs_random_uniform": 0.12325,
            "_thrs_reconstruct": 2e-05,
            "_thrs_obviousness": 2e-05,
            "_thrs_weight": 0.0,
            "_thrs_complexity": 1.0,
            "_thrs_surprisingness": 0.0,
            "_thrs_intensity": 0.0,
            "_thrs_interestingness": 0.2,
            "_thrs_logistic_regression": 0.27813,
            "_thrs_random_forest": 0.21833
        }
    ]
}