{
    "theorem": "r19.2z",
    "hyps": [
        [
            1,
            2
        ],
        [
            2,
            3
        ],
        [
            2,
            6
        ],
        [
            2,
            7
        ],
        [
            3,
            4
        ],
        [
            3,
            5
        ]
    ],
    "expression": "( ( A \u2260 \u2205 \u2227 \u2200 x \u2208 A \ud835\udf11 ) \u2192 \u2203 x \u2208 A \ud835\udf11 )",
    "steps": [
        {
            "expression": "\u22a2 ( ( A \u2260 \u2205 \u2227 \u2200 x \u2208 A \ud835\udf11 ) \u2192 \u2203 x \u2208 A \ud835\udf11 )",
            "prop_expression": "( \ud835\udf11 \u2192 ( \ud835\udf13 \u2192 \ud835\udf12 ) ) \u22a2 ( ( \ud835\udf13 \u2227 \ud835\udf11 ) \u2192 \ud835\udf12 )",
            "step": 1,
            "theorem": "impcom",
            "ground_truth": "impcom \u22a2 ( ( A \u2260 \u2205 \u2227 \u2200 x \u2208 A \ud835\udf11 ) \u2192 \u2203 x \u2208 A \ud835\udf11 )",
            "ground_truth_display": false,
            "statement_depth": 0,
            "_thrs_random_uniform": 0.59469,
            "_thrs_reconstruct": 0.0,
            "_thrs_obviousness": 1.0,
            "_thrs_weight": 0.5,
            "_thrs_complexity": 0.0,
            "_thrs_surprisingness": 1.0,
            "_thrs_intensity": 0.28409,
            "_thrs_interestingness": 0.55682,
            "_thrs_logistic_regression": 0.99096,
            "_thrs_random_forest": 0.995
        },
        {
            "expression": "\u22a2 ( \u2200 x \u2208 A \ud835\udf11 \u2192 ( A \u2260 \u2205 \u2192 \u2203 x \u2208 A \ud835\udf11 ) )",
            "prop_expression": "( \ud835\udf11 \u2192 ( \ud835\udf13 \u2192 \ud835\udf12 ) ), ( \ud835\udf03 \u2194 \ud835\udf13 ), ( \ud835\udf0f \u2194 \ud835\udf12 ) \u22a2 ( \ud835\udf11 \u2192 ( \ud835\udf03 \u2192 \ud835\udf0f ) )",
            "step": 2,
            "theorem": "3imtr4g",
            "ground_truth": "3imtr4g \u22a2 ( \u2200 x \u2208 A \ud835\udf11 \u2192 ( A \u2260 \u2205 \u2192 \u2203 x \u2208 A \ud835\udf11 ) )",
            "ground_truth_display": false,
            "statement_depth": 0,
            "_thrs_random_uniform": 0.99796,
            "_thrs_reconstruct": 0.0,
            "_thrs_obviousness": 1.0,
            "_thrs_weight": 0.5,
            "_thrs_complexity": 0.0,
            "_thrs_surprisingness": 1.0,
            "_thrs_intensity": 1.0,
            "_thrs_interestingness": 0.7,
            "_thrs_logistic_regression": 0.99981,
            "_thrs_random_forest": 0.98
        },
        {
            "expression": "\u22a2 ( \u2200 x \u2208 A \ud835\udf11 \u2192 ( \u2203 x x \u2208 A \u2192 \u2203 x ( x \u2208 A \u2227 \ud835\udf11 ) ) )",
            "prop_expression": "( \ud835\udf11 \u2194 \ud835\udf13 ), ( \ud835\udf13 \u2192 \ud835\udf12 ) \u22a2 ( \ud835\udf11 \u2192 \ud835\udf12 )",
            "step": 3,
            "theorem": "sylbi",
            "ground_truth": "sylbi \u22a2 ( \u2200 x \u2208 A \ud835\udf11 \u2192 ( \u2203 x x \u2208 A \u2192 \u2203 x ( x \u2208 A \u2227 \ud835\udf11 ) ) )",
            "ground_truth_display": false,
            "statement_depth": 0,
            "_thrs_random_uniform": 0.54896,
            "_thrs_reconstruct": 0.0,
            "_thrs_obviousness": 5e-05,
            "_thrs_weight": 0.125,
            "_thrs_complexity": 1.0,
            "_thrs_surprisingness": 0.0,
            "_thrs_intensity": 0.59003,
            "_thrs_interestingness": 0.34302,
            "_thrs_logistic_regression": 0.91286,
            "_thrs_random_forest": 0.9675
        },
        {
            "expression": "\u22a2 ( \u2200 x \u2208 A \ud835\udf11 \u2194 \u2200 x ( x \u2208 A \u2192 \ud835\udf11 ) )",
            "prop_expression": " \u22a2 ( \u2200 x \u2208 A \ud835\udf11 \u2194 \u2200 x ( x \u2208 A \u2192 \ud835\udf11 ) )",
            "step": 4,
            "theorem": "df-ral",
            "ground_truth": "df-ral \u22a2 ( \u2200 x \u2208 A \ud835\udf11 \u2194 \u2200 x ( x \u2208 A \u2192 \ud835\udf11 ) )",
            "ground_truth_display": false,
            "statement_depth": 0,
            "_thrs_random_uniform": 0.33298,
            "_thrs_reconstruct": 0.0,
            "_thrs_obviousness": 0.0,
            "_thrs_weight": 0.625,
            "_thrs_complexity": 1.0,
            "_thrs_surprisingness": 0.0,
            "_thrs_intensity": 0.06313,
            "_thrs_interestingness": 0.33763,
            "_thrs_logistic_regression": 0.49575,
            "_thrs_random_forest": 0.5
        },
        {
            "expression": "\u22a2 ( \u2200 x ( x \u2208 A \u2192 \ud835\udf11 ) \u2192 ( \u2203 x x \u2208 A \u2192 \u2203 x ( x \u2208 A \u2227 \ud835\udf11 ) ) )",
            "prop_expression": " \u22a2 ( \u2200 x ( \ud835\udf11 \u2192 \ud835\udf13 ) \u2192 ( \u2203 x \ud835\udf11 \u2192 \u2203 x ( \ud835\udf11 \u2227 \ud835\udf13 ) ) )",
            "step": 5,
            "theorem": "exintr",
            "ground_truth": "exintr \u22a2 ( \u2200 x ( x \u2208 A \u2192 \ud835\udf11 ) \u2192 ( \u2203 x x \u2208 A \u2192 \u2203 x ( x \u2208 A \u2227 \ud835\udf11 ) ) )",
            "ground_truth_display": false,
            "statement_depth": 0,
            "_thrs_random_uniform": 0.55674,
            "_thrs_reconstruct": 5e-05,
            "_thrs_obviousness": 5e-05,
            "_thrs_weight": 0.0,
            "_thrs_complexity": 1.0,
            "_thrs_surprisingness": 0.0,
            "_thrs_intensity": 0.0,
            "_thrs_interestingness": 0.20001,
            "_thrs_logistic_regression": 0.27813,
            "_thrs_random_forest": 0.38
        },
        {
            "expression": "\u22a2 ( A \u2260 \u2205 \u2194 \u2203 x x \u2208 A )",
            "prop_expression": " \u22a2 ( A \u2260 \u2205 \u2194 \u2203 x x \u2208 A )",
            "step": 6,
            "theorem": "n0",
            "ground_truth": "n0 \u22a2 ( A \u2260 \u2205 \u2194 \u2203 x x \u2208 A )",
            "ground_truth_display": false,
            "statement_depth": 0,
            "_thrs_random_uniform": 0.11893,
            "_thrs_reconstruct": 1.0,
            "_thrs_obviousness": 0.99995,
            "_thrs_weight": 1.0,
            "_thrs_complexity": 1.0,
            "_thrs_surprisingness": 0.66667,
            "_thrs_intensity": 0.15152,
            "_thrs_interestingness": 0.76363,
            "_thrs_logistic_regression": 0.45734,
            "_thrs_random_forest": 0.975
        },
        {
            "expression": "\u22a2 ( \u2203 x \u2208 A \ud835\udf11 \u2194 \u2203 x ( x \u2208 A \u2227 \ud835\udf11 ) )",
            "prop_expression": " \u22a2 ( \u2203 x \u2208 A \ud835\udf11 \u2194 \u2203 x ( x \u2208 A \u2227 \ud835\udf11 ) )",
            "step": 7,
            "theorem": "df-rex",
            "ground_truth": "df-rex \u22a2 ( \u2203 x \u2208 A \ud835\udf11 \u2194 \u2203 x ( x \u2208 A \u2227 \ud835\udf11 ) )",
            "ground_truth_display": false,
            "statement_depth": 0,
            "_thrs_random_uniform": 0.52384,
            "_thrs_reconstruct": 0.0,
            "_thrs_obviousness": 0.0,
            "_thrs_weight": 0.625,
            "_thrs_complexity": 1.0,
            "_thrs_surprisingness": 0.0,
            "_thrs_intensity": 0.06313,
            "_thrs_interestingness": 0.33763,
            "_thrs_logistic_regression": 0.49575,
            "_thrs_random_forest": 0.955
        }
    ]
}