{
    "theorem": "r19.29r",
    "hyps": [
        [
            1,
            2
        ],
        [
            1,
            3
        ],
        [
            1,
            4
        ],
        [
            4,
            5
        ]
    ],
    "expression": "( ( \u2203 x \u2208 A \ud835\udf11 \u2227 \u2200 x \u2208 A \ud835\udf13 ) \u2192 \u2203 x \u2208 A ( \ud835\udf11 \u2227 \ud835\udf13 ) )",
    "steps": [
        {
            "expression": "\u22a2 ( ( \u2203 x \u2208 A \ud835\udf11 \u2227 \u2200 x \u2208 A \ud835\udf13 ) \u2192 \u2203 x \u2208 A ( \ud835\udf11 \u2227 \ud835\udf13 ) )",
            "prop_expression": "( \ud835\udf11 \u2192 \ud835\udf13 ), ( \ud835\udf12 \u2194 \ud835\udf11 ), ( \ud835\udf03 \u2194 \ud835\udf13 ) \u22a2 ( \ud835\udf12 \u2192 \ud835\udf03 )",
            "step": 1,
            "theorem": "3imtr4i",
            "ground_truth": "3imtr4i \u22a2 ( ( \u2203 x \u2208 A \ud835\udf11 \u2227 \u2200 x \u2208 A \ud835\udf13 ) \u2192 \u2203 x \u2208 A ( \ud835\udf11 \u2227 \ud835\udf13 ) )",
            "ground_truth_display": false,
            "statement_depth": 0,
            "_thrs_random_uniform": 0.59868,
            "_thrs_reconstruct": 0.0,
            "_thrs_obviousness": 1.0,
            "_thrs_weight": 0.25,
            "_thrs_complexity": 0.0,
            "_thrs_surprisingness": 1.0,
            "_thrs_intensity": 1.0,
            "_thrs_interestingness": 0.65,
            "_thrs_logistic_regression": 0.99976,
            "_thrs_random_forest": 0.905
        },
        {
            "expression": "\u22a2 ( ( \u2200 x \u2208 A \ud835\udf13 \u2227 \u2203 x \u2208 A \ud835\udf11 ) \u2192 \u2203 x \u2208 A ( \ud835\udf13 \u2227 \ud835\udf11 ) )",
            "prop_expression": " \u22a2 ( ( \u2200 x \u2208 A \ud835\udf11 \u2227 \u2203 x \u2208 A \ud835\udf13 ) \u2192 \u2203 x \u2208 A ( \ud835\udf11 \u2227 \ud835\udf13 ) )",
            "step": 2,
            "theorem": "r19.29",
            "ground_truth": "r19.29 \u22a2 ( ( \u2200 x \u2208 A \ud835\udf13 \u2227 \u2203 x \u2208 A \ud835\udf11 ) \u2192 \u2203 x \u2208 A ( \ud835\udf13 \u2227 \ud835\udf11 ) )",
            "ground_truth_display": false,
            "statement_depth": 0,
            "_thrs_random_uniform": 0.2555,
            "_thrs_reconstruct": 0.98811,
            "_thrs_obviousness": 0.48846,
            "_thrs_weight": 0.25,
            "_thrs_complexity": 0.0,
            "_thrs_surprisingness": 1.0,
            "_thrs_intensity": 0.02683,
            "_thrs_interestingness": 0.35306,
            "_thrs_logistic_regression": 0.95749,
            "_thrs_random_forest": 0.97
        },
        {
            "expression": "\u22a2 ( ( \u2203 x \u2208 A \ud835\udf11 \u2227 \u2200 x \u2208 A \ud835\udf13 ) \u2194 ( \u2200 x \u2208 A \ud835\udf13 \u2227 \u2203 x \u2208 A \ud835\udf11 ) )",
            "prop_expression": " \u22a2 ( ( \ud835\udf11 \u2227 \ud835\udf13 ) \u2194 ( \ud835\udf13 \u2227 \ud835\udf11 ) )",
            "step": 3,
            "theorem": "ancom",
            "ground_truth": "ancom \u22a2 ( ( \u2203 x \u2208 A \ud835\udf11 \u2227 \u2200 x \u2208 A \ud835\udf13 ) \u2194 ( \u2200 x \u2208 A \ud835\udf13 \u2227 \u2203 x \u2208 A \ud835\udf11 ) )",
            "ground_truth_display": false,
            "statement_depth": 0,
            "_thrs_random_uniform": 0.09304,
            "_thrs_reconstruct": 0.00593,
            "_thrs_obviousness": 0.0,
            "_thrs_weight": 0.0,
            "_thrs_complexity": 0.0,
            "_thrs_surprisingness": 1.0,
            "_thrs_intensity": 0.0,
            "_thrs_interestingness": 0.2,
            "_thrs_logistic_regression": 0.9412,
            "_thrs_random_forest": 0.9
        },
        {
            "expression": "\u22a2 ( \u2203 x \u2208 A ( \ud835\udf11 \u2227 \ud835\udf13 ) \u2194 \u2203 x \u2208 A ( \ud835\udf13 \u2227 \ud835\udf11 ) )",
            "prop_expression": "( \ud835\udf11 \u2194 \ud835\udf13 ) \u22a2 ( \u2203 x \u2208 A \ud835\udf11 \u2194 \u2203 x \u2208 A \ud835\udf13 )",
            "step": 4,
            "theorem": "rexbii",
            "ground_truth": "rexbii \u22a2 ( \u2203 x \u2208 A ( \ud835\udf11 \u2227 \ud835\udf13 ) \u2194 \u2203 x \u2208 A ( \ud835\udf13 \u2227 \ud835\udf11 ) )",
            "ground_truth_display": false,
            "statement_depth": 0,
            "_thrs_random_uniform": 0.98604,
            "_thrs_reconstruct": 1.0,
            "_thrs_obviousness": 0.4994,
            "_thrs_weight": 0.5,
            "_thrs_complexity": 0.0,
            "_thrs_surprisingness": 1.0,
            "_thrs_intensity": 0.25581,
            "_thrs_interestingness": 0.45104,
            "_thrs_logistic_regression": 0.98992,
            "_thrs_random_forest": 0.99
        },
        {
            "expression": "\u22a2 ( ( \ud835\udf11 \u2227 \ud835\udf13 ) \u2194 ( \ud835\udf13 \u2227 \ud835\udf11 ) )",
            "prop_expression": " \u22a2 ( ( \ud835\udf11 \u2227 \ud835\udf13 ) \u2194 ( \ud835\udf13 \u2227 \ud835\udf11 ) )",
            "step": 5,
            "theorem": "ancom",
            "ground_truth": "ancom \u22a2 ( ( \ud835\udf11 \u2227 \ud835\udf13 ) \u2194 ( \ud835\udf13 \u2227 \ud835\udf11 ) )",
            "ground_truth_display": false,
            "statement_depth": 0,
            "_thrs_random_uniform": 0.89854,
            "_thrs_reconstruct": 0.00593,
            "_thrs_obviousness": 0.0,
            "_thrs_weight": 1.0,
            "_thrs_complexity": 1.0,
            "_thrs_surprisingness": 0.0,
            "_thrs_intensity": 0.06977,
            "_thrs_interestingness": 0.41395,
            "_thrs_logistic_regression": 0.59301,
            "_thrs_random_forest": 0.885
        }
    ]
}