{
    "theorem": "ra42",
    "hyps": [
        [
            1,
            2
        ],
        [
            2,
            3
        ],
        [
            2,
            4
        ]
    ],
    "expression": "( \u2200 x \u2208 A \u2200 y \u2208 B \ud835\udf11 \u2192 ( ( x \u2208 A \u2227 y \u2208 B ) \u2192 \ud835\udf11 ) )",
    "steps": [
        {
            "expression": "\u22a2 ( \u2200 x \u2208 A \u2200 y \u2208 B \ud835\udf11 \u2192 ( ( x \u2208 A \u2227 y \u2208 B ) \u2192 \ud835\udf11 ) )",
            "prop_expression": "( \ud835\udf11 \u2192 ( \ud835\udf13 \u2192 ( \ud835\udf12 \u2192 \ud835\udf03 ) ) ) \u22a2 ( \ud835\udf11 \u2192 ( ( \ud835\udf13 \u2227 \ud835\udf12 ) \u2192 \ud835\udf03 ) )",
            "step": 1,
            "theorem": "imp3a",
            "ground_truth": "imp3a \u22a2 ( \u2200 x \u2208 A \u2200 y \u2208 B \ud835\udf11 \u2192 ( ( x \u2208 A \u2227 y \u2208 B ) \u2192 \ud835\udf11 ) )",
            "ground_truth_display": false,
            "statement_depth": 0,
            "_thrs_random_uniform": 0.1631046576586923,
            "_thrs_reconstruct": 1.0,
            "_thrs_obviousness": 1.0,
            "_thrs_weight": 0.0,
            "_thrs_complexity": 0.0,
            "_thrs_surprisingness": 1.0,
            "_thrs_intensity": 0.5000000000000001,
            "_thrs_interestingness": 0.5,
            "_thrs_logistic_regression": 0.9954373688617879,
            "_thrs_random_forest": 0.78
        },
        {
            "expression": "\u22a2 ( \u2200 x \u2208 A \u2200 y \u2208 B \ud835\udf11 \u2192 ( x \u2208 A \u2192 ( y \u2208 B \u2192 \ud835\udf11 ) ) )",
            "prop_expression": "( \ud835\udf11 \u2192 ( \ud835\udf13 \u2192 \ud835\udf12 ) ), ( \ud835\udf12 \u2192 \ud835\udf03 ) \u22a2 ( \ud835\udf11 \u2192 ( \ud835\udf13 \u2192 \ud835\udf03 ) )",
            "step": 2,
            "theorem": "syl6",
            "ground_truth": "syl6 \u22a2 ( \u2200 x \u2208 A \u2200 y \u2208 B \ud835\udf11 \u2192 ( x \u2208 A \u2192 ( y \u2208 B \u2192 \ud835\udf11 ) ) )",
            "ground_truth_display": false,
            "statement_depth": 0,
            "_thrs_random_uniform": 0.003364044669223132,
            "_thrs_reconstruct": 0.0,
            "_thrs_obviousness": 0.2733446519524618,
            "_thrs_weight": 0.0,
            "_thrs_complexity": 0.0,
            "_thrs_surprisingness": 1.0,
            "_thrs_intensity": 1.0,
            "_thrs_interestingness": 0.45466893039049233,
            "_thrs_logistic_regression": 0.9997099937703854,
            "_thrs_random_forest": 0.84
        },
        {
            "expression": "\u22a2 ( \u2200 x \u2208 A \u2200 y \u2208 B \ud835\udf11 \u2192 ( x \u2208 A \u2192 \u2200 y \u2208 B \ud835\udf11 ) )",
            "prop_expression": " \u22a2 ( \u2200 x \u2208 A \ud835\udf11 \u2192 ( x \u2208 A \u2192 \ud835\udf11 ) )",
            "step": 3,
            "theorem": "ra4",
            "ground_truth": "ra4 \u22a2 ( \u2200 x \u2208 A \u2200 y \u2208 B \ud835\udf11 \u2192 ( x \u2208 A \u2192 \u2200 y \u2208 B \ud835\udf11 ) )",
            "ground_truth_display": false,
            "statement_depth": 0,
            "_thrs_random_uniform": 0.6230956262285503,
            "_thrs_reconstruct": 0.358913813459268,
            "_thrs_obviousness": 0.0,
            "_thrs_weight": 0.0,
            "_thrs_complexity": 0.0,
            "_thrs_surprisingness": 1.0,
            "_thrs_intensity": 0.0,
            "_thrs_interestingness": 0.2,
            "_thrs_logistic_regression": 0.941201642956695,
            "_thrs_random_forest": 0.28
        },
        {
            "expression": "\u22a2 ( \u2200 y \u2208 B \ud835\udf11 \u2192 ( y \u2208 B \u2192 \ud835\udf11 ) )",
            "prop_expression": " \u22a2 ( \u2200 x \u2208 A \ud835\udf11 \u2192 ( x \u2208 A \u2192 \ud835\udf11 ) )",
            "step": 4,
            "theorem": "ra4",
            "ground_truth": "ra4 \u22a2 ( \u2200 y \u2208 B \ud835\udf11 \u2192 ( y \u2208 B \u2192 \ud835\udf11 ) )",
            "ground_truth_display": false,
            "statement_depth": 0,
            "_thrs_random_uniform": 0.6375735411102317,
            "_thrs_reconstruct": 0.358913813459268,
            "_thrs_obviousness": 0.0,
            "_thrs_weight": 1.0,
            "_thrs_complexity": 1.0,
            "_thrs_surprisingness": 0.0,
            "_thrs_intensity": 0.06250000000000004,
            "_thrs_interestingness": 0.4125,
            "_thrs_logistic_regression": 0.5835173792759734,
            "_thrs_random_forest": 0.51
        }
    ]
}