{
    "theorem": "ra4e",
    "hyps": [
        [
            1,
            2
        ],
        [
            1,
            3
        ]
    ],
    "expression": "( ( x \u2208 A \u2227 \ud835\udf11 ) \u2192 \u2203 x \u2208 A \ud835\udf11 )",
    "steps": [
        {
            "number": 2322,
            "expression": "\u22a2 ( ( x \u2208 A \u2227 \ud835\udf11 ) \u2192 \u2203 x \u2208 A \ud835\udf11 )",
            "prop_expression": "( \ud835\udf11 \u2192 \ud835\udf13 ), ( \ud835\udf12 \u2194 \ud835\udf13 ) \u22a2 ( \ud835\udf11 \u2192 \ud835\udf12 )",
            "step": 1,
            "theorem": "sylibr",
            "ground_truth": "sylibr \u22a2 ( ( x \u2208 A \u2227 \ud835\udf11 ) \u2192 \u2203 x \u2208 A \ud835\udf11 )",
            "ground_truth_display": false,
            "statement_depth": 0,
            "_thrs_random_uniform": 0.92849,
            "_thrs_reconstruct": 0.96957,
            "_thrs_obviousness": 1.0,
            "_thrs_weight": 1.0,
            "_thrs_complexity": 0.5,
            "_thrs_surprisingness": 0.5,
            "_thrs_intensity": 1.0,
            "_thrs_interestingness": 0.8,
            "_thrs_logistic_regression": 0.99923,
            "_thrs_random_forest": 0.885
        },
        {
            "number": 2322,
            "expression": "\u22a2 ( ( x \u2208 A \u2227 \ud835\udf11 ) \u2192 \u2203 x ( x \u2208 A \u2227 \ud835\udf11 ) )",
            "prop_expression": " \u22a2 ( \ud835\udf11 \u2192 \u2203 x \ud835\udf11 )",
            "step": 2,
            "theorem": "19.8a",
            "ground_truth": "19.8a \u22a2 ( ( x \u2208 A \u2227 \ud835\udf11 ) \u2192 \u2203 x ( x \u2208 A \u2227 \ud835\udf11 ) )",
            "ground_truth_display": false,
            "statement_depth": 0,
            "_thrs_random_uniform": 0.82863,
            "_thrs_reconstruct": 1.0,
            "_thrs_obviousness": 0.50757,
            "_thrs_weight": 0.0,
            "_thrs_complexity": 0.5,
            "_thrs_surprisingness": 0.5,
            "_thrs_intensity": 0.0,
            "_thrs_interestingness": 0.30151,
            "_thrs_logistic_regression": 0.70396,
            "_thrs_random_forest": 0.985
        },
        {
            "number": 2322,
            "expression": "\u22a2 ( \u2203 x \u2208 A \ud835\udf11 \u2194 \u2203 x ( x \u2208 A \u2227 \ud835\udf11 ) )",
            "prop_expression": " \u22a2 ( \u2203 x \u2208 A \ud835\udf11 \u2194 \u2203 x ( x \u2208 A \u2227 \ud835\udf11 ) )",
            "step": 3,
            "theorem": "df-rex",
            "ground_truth": "df-rex \u22a2 ( \u2203 x \u2208 A \ud835\udf11 \u2194 \u2203 x ( x \u2208 A \u2227 \ud835\udf11 ) )",
            "ground_truth_display": false,
            "statement_depth": 0,
            "_thrs_random_uniform": 0.65227,
            "_thrs_reconstruct": 0.0,
            "_thrs_obviousness": 0.0,
            "_thrs_weight": 0.0,
            "_thrs_complexity": 0.5,
            "_thrs_surprisingness": 0.5,
            "_thrs_intensity": 0.0,
            "_thrs_interestingness": 0.2,
            "_thrs_logistic_regression": 0.71293,
            "_thrs_random_forest": 0.99
        }
    ],
    "is_train": false
}