{
    "theorem": "rabbiia",
    "hyps": [
        [
            1,
            2
        ],
        [
            1,
            5
        ],
        [
            1,
            6
        ],
        [
            2,
            3
        ],
        [
            3,
            4
        ]
    ],
    "expression": "{ x \u2208 A | \ud835\udf11 } = { x \u2208 A | \ud835\udf13 }",
    "steps": [
        {
            "expression": "\u22a2 { x \u2208 A | \ud835\udf11 } = { x \u2208 A | \ud835\udf13 }",
            "prop_expression": "A = B, C = A, D = B \u22a2 C = D",
            "step": 1,
            "theorem": "3eqtr4i",
            "ground_truth": "3eqtr4i \u22a2 { x \u2208 A | \ud835\udf11 } = { x \u2208 A | \ud835\udf13 }",
            "ground_truth_display": false,
            "statement_depth": 0,
            "_thrs_random_uniform": 0.011459592942429153,
            "_thrs_reconstruct": 0.04837648677803178,
            "_thrs_obviousness": 1.0,
            "_thrs_weight": 0.4,
            "_thrs_complexity": 0.0,
            "_thrs_surprisingness": 1.0,
            "_thrs_intensity": 1.0,
            "_thrs_interestingness": 0.6799999999999999,
            "_thrs_logistic_regression": 0.9997892473609156,
            "_thrs_random_forest": 0.96
        },
        {
            "expression": "\u22a2 { x | ( x \u2208 A \u2227 \ud835\udf11 ) } = { x | ( x \u2208 A \u2227 \ud835\udf13 ) }",
            "prop_expression": "( \ud835\udf11 \u2194 \ud835\udf13 ) \u22a2 { x | \ud835\udf11 } = { x | \ud835\udf13 }",
            "step": 2,
            "theorem": "abbii",
            "ground_truth": "abbii \u22a2 { x | ( x \u2208 A \u2227 \ud835\udf11 ) } = { x | ( x \u2208 A \u2227 \ud835\udf13 ) }",
            "ground_truth_display": false,
            "statement_depth": 0,
            "_thrs_random_uniform": 0.3861045984399475,
            "_thrs_reconstruct": 1.0,
            "_thrs_obviousness": 0.954805119409351,
            "_thrs_weight": 0.0,
            "_thrs_complexity": 0.0,
            "_thrs_surprisingness": 1.0,
            "_thrs_intensity": 0.11636363636363639,
            "_thrs_interestingness": 0.4142337511545975,
            "_thrs_logistic_regression": 0.9650808093124357,
            "_thrs_random_forest": 0.885
        },
        {
            "expression": "\u22a2 ( ( x \u2208 A \u2227 \ud835\udf11 ) \u2194 ( x \u2208 A \u2227 \ud835\udf13 ) )",
            "prop_expression": "( \ud835\udf11 \u2192 ( \ud835\udf13 \u2194 \ud835\udf12 ) ) \u22a2 ( ( \ud835\udf11 \u2227 \ud835\udf13 ) \u2194 ( \ud835\udf11 \u2227 \ud835\udf12 ) )",
            "step": 3,
            "theorem": "pm5.32i",
            "ground_truth": "pm5.32i \u22a2 ( ( x \u2208 A \u2227 \ud835\udf11 ) \u2194 ( x \u2208 A \u2227 \ud835\udf13 ) )",
            "ground_truth_display": false,
            "statement_depth": 0,
            "_thrs_random_uniform": 0.1697401208656517,
            "_thrs_reconstruct": 0.022024567312680002,
            "_thrs_obviousness": 0.02057604419454172,
            "_thrs_weight": 0.4,
            "_thrs_complexity": 0.0,
            "_thrs_surprisingness": 1.0,
            "_thrs_intensity": 0.059090909090909104,
            "_thrs_interestingness": 0.2959333906570902,
            "_thrs_logistic_regression": 0.9698692000326659,
            "_thrs_random_forest": 0.83
        },
        {
            "expression": "\u22a2 ( x \u2208 A \u2192 ( \ud835\udf11 \u2194 \ud835\udf13 ) )",
            "prop_expression": " \u22a2 ( x \u2208 A \u2192 ( \ud835\udf11 \u2194 \ud835\udf13 ) )",
            "step": 4,
            "theorem": "rabbiia.1",
            "ground_truth": "rabbiia.1 \u22a2 ( x \u2208 A \u2192 ( \ud835\udf11 \u2194 \ud835\udf13 ) )",
            "ground_truth_display": false,
            "statement_depth": 0,
            "_thrs_random_uniform": 0.6925883631756548,
            "_thrs_reconstruct": 0.0,
            "_thrs_obviousness": 0.0,
            "_thrs_weight": 1.0,
            "_thrs_complexity": 0.0,
            "_thrs_surprisingness": 1.0,
            "_thrs_intensity": 0.18181818181818185,
            "_thrs_interestingness": 0.43636363636363634,
            "_thrs_logistic_regression": 0.9910562339797205,
            "_thrs_random_forest": 0.98
        },
        {
            "expression": "\u22a2 { x \u2208 A | \ud835\udf11 } = { x | ( x \u2208 A \u2227 \ud835\udf11 ) }",
            "prop_expression": " \u22a2 { x \u2208 A | \ud835\udf11 } = { x | ( x \u2208 A \u2227 \ud835\udf11 ) }",
            "step": 5,
            "theorem": "df-rab",
            "ground_truth": "df-rab \u22a2 { x \u2208 A | \ud835\udf11 } = { x | ( x \u2208 A \u2227 \ud835\udf11 ) }",
            "ground_truth_display": false,
            "statement_depth": 0,
            "_thrs_random_uniform": 0.8513941774107735,
            "_thrs_reconstruct": 0.0,
            "_thrs_obviousness": 0.0,
            "_thrs_weight": 0.19999999999999996,
            "_thrs_complexity": 1.0,
            "_thrs_surprisingness": 0.0,
            "_thrs_intensity": 0.0,
            "_thrs_interestingness": 0.24,
            "_thrs_logistic_regression": 0.3179970661080056,
            "_thrs_random_forest": 0.91
        },
        {
            "expression": "\u22a2 { x \u2208 A | \ud835\udf13 } = { x | ( x \u2208 A \u2227 \ud835\udf13 ) }",
            "prop_expression": " \u22a2 { x \u2208 A | \ud835\udf11 } = { x | ( x \u2208 A \u2227 \ud835\udf11 ) }",
            "step": 6,
            "theorem": "df-rab",
            "ground_truth": "df-rab \u22a2 { x \u2208 A | \ud835\udf13 } = { x | ( x \u2208 A \u2227 \ud835\udf13 ) }",
            "ground_truth_display": false,
            "statement_depth": 0,
            "_thrs_random_uniform": 0.08531209096929471,
            "_thrs_reconstruct": 0.0,
            "_thrs_obviousness": 0.0,
            "_thrs_weight": 0.19999999999999996,
            "_thrs_complexity": 1.0,
            "_thrs_surprisingness": 0.0,
            "_thrs_intensity": 0.0,
            "_thrs_interestingness": 0.24,
            "_thrs_logistic_regression": 0.3179970661080056,
            "_thrs_random_forest": 0.91
        }
    ]
}