{
    "theorem": "rabnc",
    "hyps": [
        [
            1,
            2
        ],
        [
            1,
            3
        ],
        [
            3,
            4
        ],
        [
            3,
            5
        ],
        [
            5,
            6
        ]
    ],
    "expression": "( { x \u2208 A | \ud835\udf11 } \u2229 { x \u2208 A | \u00ac \ud835\udf11 } ) = \u2205",
    "steps": [
        {
            "expression": "\u22a2 ( { x \u2208 A | \ud835\udf11 } \u2229 { x \u2208 A | \u00ac \ud835\udf11 } ) = \u2205",
            "prop_expression": "A = B, B = C \u22a2 A = C",
            "step": 1,
            "theorem": "eqtri",
            "ground_truth": "eqtri \u22a2 ( { x \u2208 A | \ud835\udf11 } \u2229 { x \u2208 A | \u00ac \ud835\udf11 } ) = \u2205",
            "ground_truth_display": false,
            "statement_depth": 0,
            "_thrs_random_uniform": 0.43999718972874124,
            "_thrs_reconstruct": 8.88805295135938e-06,
            "_thrs_obviousness": 1.0,
            "_thrs_weight": 0.33333333333333337,
            "_thrs_complexity": 0.0,
            "_thrs_surprisingness": 1.0,
            "_thrs_intensity": 0.7113402061855669,
            "_thrs_interestingness": 0.60893470790378,
            "_thrs_logistic_regression": 0.9989347909564772,
            "_thrs_random_forest": 0.975
        },
        {
            "expression": "\u22a2 ( { x \u2208 A | \ud835\udf11 } \u2229 { x \u2208 A | \u00ac \ud835\udf11 } ) = { x \u2208 A | ( \ud835\udf11 \u2227 \u00ac \ud835\udf11 ) }",
            "prop_expression": " \u22a2 ( { x \u2208 A | \ud835\udf11 } \u2229 { x \u2208 A | \ud835\udf13 } ) = { x \u2208 A | ( \ud835\udf11 \u2227 \ud835\udf13 ) }",
            "step": 2,
            "theorem": "inrab",
            "ground_truth": "inrab \u22a2 ( { x \u2208 A | \ud835\udf11 } \u2229 { x \u2208 A | \u00ac \ud835\udf11 } ) = { x \u2208 A | ( \ud835\udf11 \u2227 \u00ac \ud835\udf11 ) }",
            "ground_truth_display": false,
            "statement_depth": 0,
            "_thrs_random_uniform": 0.12571145207668732,
            "_thrs_reconstruct": 1.0,
            "_thrs_obviousness": 0.8181653009293707,
            "_thrs_weight": 0.0,
            "_thrs_complexity": 0.19999999999999996,
            "_thrs_surprisingness": 0.5833333333333334,
            "_thrs_intensity": 0.0,
            "_thrs_interestingness": 0.3202997268525408,
            "_thrs_logistic_regression": 0.9047471104608875,
            "_thrs_random_forest": 0.875
        },
        {
            "expression": "\u22a2 { x \u2208 A | ( \ud835\udf11 \u2227 \u00ac \ud835\udf11 ) } = \u2205",
            "prop_expression": "( \ud835\udf11 \u2194 \u2200 x \u2208 A \ud835\udf13 ), ( x \u2208 A \u2192 \ud835\udf13 ) \u22a2 \ud835\udf11",
            "step": 3,
            "theorem": "mprgbir",
            "ground_truth": "mprgbir \u22a2 { x \u2208 A | ( \ud835\udf11 \u2227 \u00ac \ud835\udf11 ) } = \u2205",
            "ground_truth_display": false,
            "statement_depth": 0,
            "_thrs_random_uniform": 0.1585650323178992,
            "_thrs_reconstruct": 1.5156592598938468e-07,
            "_thrs_obviousness": 0.18182522052746378,
            "_thrs_weight": 0.6666666666666667,
            "_thrs_complexity": 0.19999999999999996,
            "_thrs_surprisingness": 0.5833333333333333,
            "_thrs_intensity": 1.0,
            "_thrs_interestingness": 0.5263650441054928,
            "_thrs_logistic_regression": 0.9997605885032639,
            "_thrs_random_forest": 0.985
        },
        {
            "expression": "\u22a2 ( { x \u2208 A | ( \ud835\udf11 \u2227 \u00ac \ud835\udf11 ) } = \u2205 \u2194 \u2200 x \u2208 A \u00ac ( \ud835\udf11 \u2227 \u00ac \ud835\udf11 ) )",
            "prop_expression": " \u22a2 ( { x \u2208 A | \ud835\udf11 } = \u2205 \u2194 \u2200 x \u2208 A \u00ac \ud835\udf11 )",
            "step": 4,
            "theorem": "rabeq0",
            "ground_truth": "rabeq0 \u22a2 ( { x \u2208 A | ( \ud835\udf11 \u2227 \u00ac \ud835\udf11 ) } = \u2205 \u2194 \u2200 x \u2208 A \u00ac ( \ud835\udf11 \u2227 \u00ac \ud835\udf11 ) )",
            "ground_truth_display": false,
            "statement_depth": 0,
            "_thrs_random_uniform": 0.15905103918656038,
            "_thrs_reconstruct": 0.22223456046120302,
            "_thrs_obviousness": 0.18182288985665906,
            "_thrs_weight": 0.25,
            "_thrs_complexity": 0.19999999999999996,
            "_thrs_surprisingness": 0.5833333333333333,
            "_thrs_intensity": 0.042174320524835975,
            "_thrs_interestingness": 0.2514661087429656,
            "_thrs_logistic_regression": 0.9411207495336512,
            "_thrs_random_forest": 0.635
        },
        {
            "expression": "\u22a2 ( x \u2208 A \u2192 \u00ac ( \ud835\udf11 \u2227 \u00ac \ud835\udf11 ) )",
            "prop_expression": "\ud835\udf11 \u22a2 ( \ud835\udf13 \u2192 \ud835\udf11 )",
            "step": 5,
            "theorem": "a1i",
            "ground_truth": "a1i \u22a2 ( x \u2208 A \u2192 \u00ac ( \ud835\udf11 \u2227 \u00ac \ud835\udf11 ) )",
            "ground_truth_display": false,
            "statement_depth": 0,
            "_thrs_random_uniform": 0.6711868668997285,
            "_thrs_reconstruct": 0.0,
            "_thrs_obviousness": 3.745282871816989e-11,
            "_thrs_weight": 0.75,
            "_thrs_complexity": 0.4,
            "_thrs_surprisingness": 0.16666666666666666,
            "_thrs_intensity": 0.5381443298969072,
            "_thrs_interestingness": 0.37096219932020535,
            "_thrs_logistic_regression": 0.9958818166907465,
            "_thrs_random_forest": 0.645
        },
        {
            "expression": "\u22a2 \u00ac ( \ud835\udf11 \u2227 \u00ac \ud835\udf11 )",
            "prop_expression": " \u22a2 \u00ac ( \ud835\udf11 \u2227 \u00ac \ud835\udf11 )",
            "step": 6,
            "theorem": "pm3.24",
            "ground_truth": "pm3.24 \u22a2 \u00ac ( \ud835\udf11 \u2227 \u00ac \ud835\udf11 )",
            "ground_truth_display": false,
            "statement_depth": 0,
            "_thrs_random_uniform": 0.257184771342046,
            "_thrs_reconstruct": 2.696944220062698e-06,
            "_thrs_obviousness": 0.0,
            "_thrs_weight": 1.0,
            "_thrs_complexity": 1.0,
            "_thrs_surprisingness": 0.0,
            "_thrs_intensity": 0.06185567010309277,
            "_thrs_interestingness": 0.41237113402061853,
            "_thrs_logistic_regression": 0.5826722362993181,
            "_thrs_random_forest": 0.625
        }
    ]
}