{
    "theorem": "ralimia",
    "hyps": [
        [
            1,
            2
        ],
        [
            2,
            3
        ]
    ],
    "expression": "( \u2200 x \u2208 A \ud835\udf11 \u2192 \u2200 x \u2208 A \ud835\udf13 )",
    "steps": [
        {
            "number": 2334,
            "expression": "\u22a2 ( \u2200 x \u2208 A \ud835\udf11 \u2192 \u2200 x \u2208 A \ud835\udf13 )",
            "prop_expression": "( ( x \u2208 A \u2192 \ud835\udf11 ) \u2192 ( x \u2208 B \u2192 \ud835\udf13 ) ) \u22a2 ( \u2200 x \u2208 A \ud835\udf11 \u2192 \u2200 x \u2208 B \ud835\udf13 )",
            "step": 1,
            "theorem": "ralimi2",
            "ground_truth": "ralimi2 \u22a2 ( \u2200 x \u2208 A \ud835\udf11 \u2192 \u2200 x \u2208 A \ud835\udf13 )",
            "ground_truth_display": false,
            "statement_depth": 0,
            "_thrs_random_uniform": 0.2547,
            "_thrs_reconstruct": 1.0,
            "_thrs_obviousness": 1.0,
            "_thrs_weight": 0.0,
            "_thrs_complexity": 0.5,
            "_thrs_surprisingness": 0.5,
            "_thrs_intensity": 1.0,
            "_thrs_interestingness": 0.6,
            "_thrs_logistic_regression": 0.99801,
            "_thrs_random_forest": 0.745
        },
        {
            "number": 2334,
            "expression": "\u22a2 ( ( x \u2208 A \u2192 \ud835\udf11 ) \u2192 ( x \u2208 A \u2192 \ud835\udf13 ) )",
            "prop_expression": "( \ud835\udf11 \u2192 ( \ud835\udf13 \u2192 \ud835\udf12 ) ) \u22a2 ( ( \ud835\udf11 \u2192 \ud835\udf13 ) \u2192 ( \ud835\udf11 \u2192 \ud835\udf12 ) )",
            "step": 2,
            "theorem": "a2i",
            "ground_truth": "a2i \u22a2 ( ( x \u2208 A \u2192 \ud835\udf11 ) \u2192 ( x \u2208 A \u2192 \ud835\udf13 ) )",
            "ground_truth_display": false,
            "statement_depth": 0,
            "_thrs_random_uniform": 0.32693,
            "_thrs_reconstruct": 0.00028,
            "_thrs_obviousness": 0.00055,
            "_thrs_weight": 0.0,
            "_thrs_complexity": 0.5,
            "_thrs_surprisingness": 0.5,
            "_thrs_intensity": 0.0,
            "_thrs_interestingness": 0.20011,
            "_thrs_logistic_regression": 0.71292,
            "_thrs_random_forest": 0.795
        },
        {
            "number": 2334,
            "expression": "\u22a2 ( x \u2208 A \u2192 ( \ud835\udf11 \u2192 \ud835\udf13 ) )",
            "prop_expression": " \u22a2 ( x \u2208 A \u2192 ( \ud835\udf11 \u2192 \ud835\udf13 ) )",
            "step": 3,
            "theorem": "ralimia.1",
            "ground_truth": "ralimia.1 \u22a2 ( x \u2208 A \u2192 ( \ud835\udf11 \u2192 \ud835\udf13 ) )",
            "ground_truth_display": false,
            "statement_depth": 0,
            "_thrs_random_uniform": 0.55277,
            "_thrs_reconstruct": 0.0,
            "_thrs_obviousness": 0.0,
            "_thrs_weight": 1.0,
            "_thrs_complexity": 0.5,
            "_thrs_surprisingness": 0.5,
            "_thrs_intensity": 1.0,
            "_thrs_interestingness": 0.6,
            "_thrs_logistic_regression": 0.9993,
            "_thrs_random_forest": 0.885
        }
    ],
    "is_train": false
}