{
    "theorem": "ralsns",
    "hyps": [
        [
            1,
            2
        ],
        [
            1,
            3
        ],
        [
            3,
            4
        ],
        [
            3,
            5
        ],
        [
            5,
            6
        ],
        [
            6,
            7
        ]
    ],
    "expression": "( A \u2208 V \u2192 ( \u2200 x \u2208 { A } \ud835\udf11 \u2194 [. A / x ]. \ud835\udf11 ) )",
    "steps": [
        {
            "expression": "\u22a2 ( A \u2208 V \u2192 ( \u2200 x \u2208 { A } \ud835\udf11 \u2194 [. A / x ]. \ud835\udf11 ) )",
            "prop_expression": "( \ud835\udf11 \u2192 ( \ud835\udf13 \u2194 \ud835\udf12 ) ), ( \ud835\udf03 \u2194 \ud835\udf12 ) \u22a2 ( \ud835\udf11 \u2192 ( \ud835\udf03 \u2194 \ud835\udf13 ) )",
            "step": 1,
            "theorem": "syl6rbbr",
            "ground_truth": "syl6rbbr \u22a2 ( A \u2208 V \u2192 ( \u2200 x \u2208 { A } \ud835\udf11 \u2194 [. A / x ]. \ud835\udf11 ) )",
            "ground_truth_display": false,
            "statement_depth": 0,
            "_thrs_random_uniform": 0.18719077831193298,
            "_thrs_reconstruct": 8.540749352789255e-06,
            "_thrs_obviousness": 1.0,
            "_thrs_weight": 0.0,
            "_thrs_complexity": 0.0,
            "_thrs_surprisingness": 1.0,
            "_thrs_intensity": 0.7507692307692307,
            "_thrs_interestingness": 0.5501538461538462,
            "_thrs_logistic_regression": 0.9988168029842868,
            "_thrs_random_forest": 0.98
        },
        {
            "expression": "\u22a2 ( A \u2208 V \u2192 ( [. A / x ]. \ud835\udf11 \u2194 \u2200 x ( x = A \u2192 \ud835\udf11 ) ) )",
            "prop_expression": " \u22a2 ( A \u2208 V \u2192 ( [. A / x ]. \ud835\udf11 \u2194 \u2200 x ( x = A \u2192 \ud835\udf11 ) ) )",
            "step": 2,
            "theorem": "sbc6g",
            "ground_truth": "sbc6g \u22a2 ( A \u2208 V \u2192 ( [. A / x ]. \ud835\udf11 \u2194 \u2200 x ( x = A \u2192 \ud835\udf11 ) ) )",
            "ground_truth_display": false,
            "statement_depth": 0,
            "_thrs_random_uniform": 0.9455090794404746,
            "_thrs_reconstruct": 1.0,
            "_thrs_obviousness": 0.9998026704675669,
            "_thrs_weight": 0.0,
            "_thrs_complexity": 0.0,
            "_thrs_surprisingness": 1.0,
            "_thrs_intensity": 0.03076923076923078,
            "_thrs_interestingness": 0.4061143802473596,
            "_thrs_logistic_regression": 0.945498511396793,
            "_thrs_random_forest": 0.885
        },
        {
            "expression": "\u22a2 ( \u2200 x \u2208 { A } \ud835\udf11 \u2194 \u2200 x ( x = A \u2192 \ud835\udf11 ) )",
            "prop_expression": "( \ud835\udf11 \u2194 \ud835\udf13 ), ( \ud835\udf13 \u2194 \ud835\udf12 ) \u22a2 ( \ud835\udf11 \u2194 \ud835\udf12 )",
            "step": 3,
            "theorem": "bitri",
            "ground_truth": "bitri \u22a2 ( \u2200 x \u2208 { A } \ud835\udf11 \u2194 \u2200 x ( x = A \u2192 \ud835\udf11 ) )",
            "ground_truth_display": false,
            "statement_depth": 0,
            "_thrs_random_uniform": 0.8779613573152333,
            "_thrs_reconstruct": 1.588967072799655e-06,
            "_thrs_obviousness": 0.00018879005781157593,
            "_thrs_weight": 0.4,
            "_thrs_complexity": 0.5,
            "_thrs_surprisingness": 0.26666666666666666,
            "_thrs_intensity": 1.0,
            "_thrs_interestingness": 0.43337109134489565,
            "_thrs_logistic_regression": 0.999091533344182,
            "_thrs_random_forest": 0.975
        },
        {
            "expression": "\u22a2 ( \u2200 x \u2208 { A } \ud835\udf11 \u2194 \u2200 x ( x \u2208 { A } \u2192 \ud835\udf11 ) )",
            "prop_expression": " \u22a2 ( \u2200 x \u2208 A \ud835\udf11 \u2194 \u2200 x ( x \u2208 A \u2192 \ud835\udf11 ) )",
            "step": 4,
            "theorem": "df-ral",
            "ground_truth": "df-ral \u22a2 ( \u2200 x \u2208 { A } \ud835\udf11 \u2194 \u2200 x ( x \u2208 { A } \u2192 \ud835\udf11 ) )",
            "ground_truth_display": false,
            "statement_depth": 0,
            "_thrs_random_uniform": 0.4749154290042511,
            "_thrs_reconstruct": 0.0,
            "_thrs_obviousness": 0.0,
            "_thrs_weight": 0.19999999999999996,
            "_thrs_complexity": 0.5,
            "_thrs_surprisingness": 0.26666666666666666,
            "_thrs_intensity": 0.0,
            "_thrs_interestingness": 0.1933333333333333,
            "_thrs_logistic_regression": 0.804779662183605,
            "_thrs_random_forest": 0.56
        },
        {
            "expression": "\u22a2 ( \u2200 x ( x \u2208 { A } \u2192 \ud835\udf11 ) \u2194 \u2200 x ( x = A \u2192 \ud835\udf11 ) )",
            "prop_expression": "( \ud835\udf11 \u2194 \ud835\udf13 ) \u22a2 ( \u2200 x \ud835\udf11 \u2194 \u2200 x \ud835\udf13 )",
            "step": 5,
            "theorem": "albii",
            "ground_truth": "albii \u22a2 ( \u2200 x ( x \u2208 { A } \u2192 \ud835\udf11 ) \u2194 \u2200 x ( x = A \u2192 \ud835\udf11 ) )",
            "ground_truth_display": false,
            "statement_depth": 0,
            "_thrs_random_uniform": 0.13947868689106202,
            "_thrs_reconstruct": 6.205555045232046e-07,
            "_thrs_obviousness": 0.00018720099367801858,
            "_thrs_weight": 0.19999999999999996,
            "_thrs_complexity": 0.5,
            "_thrs_surprisingness": 0.26666666666666666,
            "_thrs_intensity": 0.18461538461538463,
            "_thrs_interestingness": 0.23029385045514586,
            "_thrs_logistic_regression": 0.9177791386162382,
            "_thrs_random_forest": 0.5733333333333334
        },
        {
            "expression": "\u22a2 ( ( x \u2208 { A } \u2192 \ud835\udf11 ) \u2194 ( x = A \u2192 \ud835\udf11 ) )",
            "prop_expression": "( \ud835\udf11 \u2194 \ud835\udf13 ) \u22a2 ( ( \ud835\udf11 \u2192 \ud835\udf12 ) \u2194 ( \ud835\udf13 \u2192 \ud835\udf12 ) )",
            "step": 6,
            "theorem": "imbi1i",
            "ground_truth": "imbi1i \u22a2 ( ( x \u2208 { A } \u2192 \ud835\udf11 ) \u2194 ( x = A \u2192 \ud835\udf11 ) )",
            "ground_truth_display": false,
            "statement_depth": 0,
            "_thrs_random_uniform": 0.3553998970818437,
            "_thrs_reconstruct": 1.6674092312139053e-06,
            "_thrs_obviousness": 0.00018658035532197932,
            "_thrs_weight": 0.6,
            "_thrs_complexity": 0.5,
            "_thrs_surprisingness": 0.26666666666666666,
            "_thrs_intensity": 0.2813186813186814,
            "_thrs_interestingness": 0.32963438566813397,
            "_thrs_logistic_regression": 0.964967659632204,
            "_thrs_random_forest": 0.625
        },
        {
            "expression": "\u22a2 ( x \u2208 { A } \u2194 x = A )",
            "prop_expression": " \u22a2 ( x \u2208 { A } \u2194 x = A )",
            "step": 7,
            "theorem": "elsn",
            "ground_truth": "elsn \u22a2 ( x \u2208 { A } \u2194 x = A )",
            "ground_truth_display": false,
            "statement_depth": 0,
            "_thrs_random_uniform": 0.716328846331637,
            "_thrs_reconstruct": 0.0001849495658257539,
            "_thrs_obviousness": 0.00018491306981440579,
            "_thrs_weight": 1.0,
            "_thrs_complexity": 1.0,
            "_thrs_surprisingness": 0.0,
            "_thrs_intensity": 0.08615384615384615,
            "_thrs_interestingness": 0.4172677518447321,
            "_thrs_logistic_regression": 0.6141622193097407,
            "_thrs_random_forest": 0.76
        }
    ]
}