{
    "theorem": "rb-ax1",
    "hyps": [
        [
            1,
            2
        ],
        [
            2,
            3
        ],
        [
            2,
            4
        ],
        [
            2,
            5
        ]
    ],
    "expression": "( \u00ac ( \u00ac \ud835\udf13 \u2228 \ud835\udf12 ) \u2228 ( \u00ac ( \ud835\udf11 \u2228 \ud835\udf13 ) \u2228 ( \ud835\udf11 \u2228 \ud835\udf12 ) ) )",
    "steps": [
        {
            "expression": "\u22a2 ( \u00ac ( \u00ac \ud835\udf13 \u2228 \ud835\udf12 ) \u2228 ( \u00ac ( \ud835\udf11 \u2228 \ud835\udf13 ) \u2228 ( \ud835\udf11 \u2228 \ud835\udf12 ) ) )",
            "prop_expression": "( \ud835\udf11 \u2192 \ud835\udf13 ) \u22a2 ( \u00ac \ud835\udf11 \u2228 \ud835\udf13 )",
            "step": 1,
            "theorem": "imori",
            "ground_truth": "imori \u22a2 ( \u00ac ( \u00ac \ud835\udf13 \u2228 \ud835\udf12 ) \u2228 ( \u00ac ( \ud835\udf11 \u2228 \ud835\udf13 ) \u2228 ( \ud835\udf11 \u2228 \ud835\udf12 ) ) )",
            "ground_truth_display": false,
            "statement_depth": 0,
            "_thrs_random_uniform": 0.52937,
            "_thrs_reconstruct": 1.0,
            "_thrs_obviousness": 1.0,
            "_thrs_weight": 0.5,
            "_thrs_complexity": 0.0,
            "_thrs_surprisingness": 1.0,
            "_thrs_intensity": 0.2381,
            "_thrs_interestingness": 0.54762,
            "_thrs_logistic_regression": 0.98844,
            "_thrs_random_forest": 0.945
        },
        {
            "expression": "\u22a2 ( ( \u00ac \ud835\udf13 \u2228 \ud835\udf12 ) \u2192 ( \u00ac ( \ud835\udf11 \u2228 \ud835\udf13 ) \u2228 ( \ud835\udf11 \u2228 \ud835\udf12 ) ) )",
            "prop_expression": "( \ud835\udf11 \u2192 \ud835\udf13 ), ( \ud835\udf11 \u2194 \ud835\udf12 ), ( \ud835\udf13 \u2194 \ud835\udf03 ) \u22a2 ( \ud835\udf12 \u2192 \ud835\udf03 )",
            "step": 2,
            "theorem": "3imtr3i",
            "ground_truth": "3imtr3i \u22a2 ( ( \u00ac \ud835\udf13 \u2228 \ud835\udf12 ) \u2192 ( \u00ac ( \ud835\udf11 \u2228 \ud835\udf13 ) \u2228 ( \ud835\udf11 \u2228 \ud835\udf12 ) ) )",
            "ground_truth_display": false,
            "statement_depth": 0,
            "_thrs_random_uniform": 0.96879,
            "_thrs_reconstruct": 0.0,
            "_thrs_obviousness": 0.68273,
            "_thrs_weight": 0.5,
            "_thrs_complexity": 0.0,
            "_thrs_surprisingness": 1.0,
            "_thrs_intensity": 1.0,
            "_thrs_interestingness": 0.63655,
            "_thrs_logistic_regression": 0.99981,
            "_thrs_random_forest": 0.875
        },
        {
            "expression": "\u22a2 ( ( \ud835\udf13 \u2192 \ud835\udf12 ) \u2192 ( ( \ud835\udf11 \u2228 \ud835\udf13 ) \u2192 ( \ud835\udf11 \u2228 \ud835\udf12 ) ) )",
            "prop_expression": " \u22a2 ( ( \ud835\udf13 \u2192 \ud835\udf12 ) \u2192 ( ( \ud835\udf11 \u2228 \ud835\udf13 ) \u2192 ( \ud835\udf11 \u2228 \ud835\udf12 ) ) )",
            "step": 3,
            "theorem": "orim2",
            "ground_truth": "orim2 \u22a2 ( ( \ud835\udf13 \u2192 \ud835\udf12 ) \u2192 ( ( \ud835\udf11 \u2228 \ud835\udf13 ) \u2192 ( \ud835\udf11 \u2228 \ud835\udf12 ) ) )",
            "ground_truth_display": false,
            "statement_depth": 0,
            "_thrs_random_uniform": 0.78404,
            "_thrs_reconstruct": 0.77587,
            "_thrs_obviousness": 0.0,
            "_thrs_weight": 0.5,
            "_thrs_complexity": 0.0,
            "_thrs_surprisingness": 1.0,
            "_thrs_intensity": 0.04762,
            "_thrs_interestingness": 0.30952,
            "_thrs_logistic_regression": 0.97088,
            "_thrs_random_forest": 0.5
        },
        {
            "expression": "\u22a2 ( ( \ud835\udf13 \u2192 \ud835\udf12 ) \u2194 ( \u00ac \ud835\udf13 \u2228 \ud835\udf12 ) )",
            "prop_expression": " \u22a2 ( ( \ud835\udf11 \u2192 \ud835\udf13 ) \u2194 ( \u00ac \ud835\udf11 \u2228 \ud835\udf13 ) )",
            "step": 4,
            "theorem": "imor",
            "ground_truth": "imor \u22a2 ( ( \ud835\udf13 \u2192 \ud835\udf12 ) \u2194 ( \u00ac \ud835\udf13 \u2228 \ud835\udf12 ) )",
            "ground_truth_display": false,
            "statement_depth": 0,
            "_thrs_random_uniform": 0.09936,
            "_thrs_reconstruct": 0.98106,
            "_thrs_obviousness": 0.0532,
            "_thrs_weight": 1.0,
            "_thrs_complexity": 1.0,
            "_thrs_surprisingness": 0.0,
            "_thrs_intensity": 0.04762,
            "_thrs_interestingness": 0.42016,
            "_thrs_logistic_regression": 0.56276,
            "_thrs_random_forest": 0.625
        },
        {
            "expression": "\u22a2 ( ( ( \ud835\udf11 \u2228 \ud835\udf13 ) \u2192 ( \ud835\udf11 \u2228 \ud835\udf12 ) ) \u2194 ( \u00ac ( \ud835\udf11 \u2228 \ud835\udf13 ) \u2228 ( \ud835\udf11 \u2228 \ud835\udf12 ) ) )",
            "prop_expression": " \u22a2 ( ( \ud835\udf11 \u2192 \ud835\udf13 ) \u2194 ( \u00ac \ud835\udf11 \u2228 \ud835\udf13 ) )",
            "step": 5,
            "theorem": "imor",
            "ground_truth": "imor \u22a2 ( ( ( \ud835\udf11 \u2228 \ud835\udf13 ) \u2192 ( \ud835\udf11 \u2228 \ud835\udf12 ) ) \u2194 ( \u00ac ( \ud835\udf11 \u2228 \ud835\udf13 ) \u2228 ( \ud835\udf11 \u2228 \ud835\udf12 ) ) )",
            "ground_truth_display": false,
            "statement_depth": 0,
            "_thrs_random_uniform": 0.10764,
            "_thrs_reconstruct": 0.98106,
            "_thrs_obviousness": 0.0532,
            "_thrs_weight": 0.0,
            "_thrs_complexity": 0.0,
            "_thrs_surprisingness": 1.0,
            "_thrs_intensity": 0.0,
            "_thrs_interestingness": 0.21064,
            "_thrs_logistic_regression": 0.94095,
            "_thrs_random_forest": 0.22
        }
    ]
}