{
    "theorem": "rblem2",
    "hyps": [
        [
            1,
            2
        ],
        [
            1,
            5
        ],
        [
            2,
            3
        ],
        [
            2,
            4
        ]
    ],
    "expression": "( \u00ac ( \ud835\udf12 \u2228 \ud835\udf11 ) \u2228 ( \ud835\udf12 \u2228 ( \ud835\udf11 \u2228 \ud835\udf13 ) ) )",
    "steps": [
        {
            "expression": "\u22a2 ( \u00ac ( \ud835\udf12 \u2228 \ud835\udf11 ) \u2228 ( \ud835\udf12 \u2228 ( \ud835\udf11 \u2228 \ud835\udf13 ) ) )",
            "prop_expression": "\ud835\udf11, ( \u00ac \ud835\udf11 \u2228 \ud835\udf13 ) \u22a2 \ud835\udf13",
            "step": 1,
            "theorem": "anmp",
            "ground_truth": "anmp \u22a2 ( \u00ac ( \ud835\udf12 \u2228 \ud835\udf11 ) \u2228 ( \ud835\udf12 \u2228 ( \ud835\udf11 \u2228 \ud835\udf13 ) ) )",
            "ground_truth_display": false,
            "statement_depth": 0,
            "_thrs_random_uniform": 0.62645432367069,
            "_thrs_reconstruct": 0.13517472809191644,
            "_thrs_obviousness": 1.0,
            "_thrs_weight": 0.6,
            "_thrs_complexity": 0.0,
            "_thrs_surprisingness": 1.0,
            "_thrs_intensity": 0.9319148936170211,
            "_thrs_interestingness": 0.7063829787234043,
            "_thrs_logistic_regression": 0.9997485456752706,
            "_thrs_random_forest": 0.955
        },
        {
            "expression": "\u22a2 ( \u00ac \ud835\udf11 \u2228 ( \ud835\udf11 \u2228 \ud835\udf13 ) )",
            "prop_expression": "( \u00ac \ud835\udf13 \u2228 \ud835\udf12 ), ( \ud835\udf11 \u2228 \ud835\udf13 ) \u22a2 ( \ud835\udf11 \u2228 \ud835\udf12 )",
            "step": 2,
            "theorem": "rbsyl",
            "ground_truth": "rbsyl \u22a2 ( \u00ac \ud835\udf11 \u2228 ( \ud835\udf11 \u2228 \ud835\udf13 ) )",
            "ground_truth_display": false,
            "statement_depth": 0,
            "_thrs_random_uniform": 0.6121417432277996,
            "_thrs_reconstruct": 1.0,
            "_thrs_obviousness": 0.571063470271412,
            "_thrs_weight": 1.0,
            "_thrs_complexity": 1.0,
            "_thrs_surprisingness": 0.0,
            "_thrs_intensity": 1.0,
            "_thrs_interestingness": 0.7142126940542824,
            "_thrs_logistic_regression": 0.9952591695295332,
            "_thrs_random_forest": 0.98
        },
        {
            "expression": "\u22a2 ( \u00ac ( \ud835\udf13 \u2228 \ud835\udf11 ) \u2228 ( \ud835\udf11 \u2228 \ud835\udf13 ) )",
            "prop_expression": " \u22a2 ( \u00ac ( \ud835\udf11 \u2228 \ud835\udf13 ) \u2228 ( \ud835\udf13 \u2228 \ud835\udf11 ) )",
            "step": 3,
            "theorem": "rb-ax2",
            "ground_truth": "rb-ax2 \u22a2 ( \u00ac ( \ud835\udf13 \u2228 \ud835\udf11 ) \u2228 ( \ud835\udf11 \u2228 \ud835\udf13 ) )",
            "ground_truth_display": false,
            "statement_depth": 0,
            "_thrs_random_uniform": 0.47434899249208395,
            "_thrs_reconstruct": 0.03273969219238402,
            "_thrs_obviousness": 0.016238251135283557,
            "_thrs_weight": 0.8,
            "_thrs_complexity": 1.0,
            "_thrs_surprisingness": 0.0,
            "_thrs_intensity": 0.06382978723404255,
            "_thrs_interestingness": 0.3760136076738652,
            "_thrs_logistic_regression": 0.5379932980034096,
            "_thrs_random_forest": 0.53
        },
        {
            "expression": "\u22a2 ( \u00ac \ud835\udf11 \u2228 ( \ud835\udf13 \u2228 \ud835\udf11 ) )",
            "prop_expression": " \u22a2 ( \u00ac \ud835\udf11 \u2228 ( \ud835\udf13 \u2228 \ud835\udf11 ) )",
            "step": 4,
            "theorem": "rb-ax3",
            "ground_truth": "rb-ax3 \u22a2 ( \u00ac \ud835\udf11 \u2228 ( \ud835\udf13 \u2228 \ud835\udf11 ) )",
            "ground_truth_display": false,
            "statement_depth": 0,
            "_thrs_random_uniform": 0.4098310398824183,
            "_thrs_reconstruct": 0.0,
            "_thrs_obviousness": 0.0,
            "_thrs_weight": 1.0,
            "_thrs_complexity": 1.0,
            "_thrs_surprisingness": 0.0,
            "_thrs_intensity": 0.14893617021276592,
            "_thrs_interestingness": 0.4297872340425532,
            "_thrs_logistic_regression": 0.690746320633364,
            "_thrs_random_forest": 0.535
        },
        {
            "expression": "\u22a2 ( \u00ac ( \u00ac \ud835\udf11 \u2228 ( \ud835\udf11 \u2228 \ud835\udf13 ) ) \u2228 ( \u00ac ( \ud835\udf12 \u2228 \ud835\udf11 ) \u2228 ( \ud835\udf12 \u2228 ( \ud835\udf11 \u2228 \ud835\udf13 ) ) ) )",
            "prop_expression": " \u22a2 ( \u00ac ( \u00ac \ud835\udf13 \u2228 \ud835\udf12 ) \u2228 ( \u00ac ( \ud835\udf11 \u2228 \ud835\udf13 ) \u2228 ( \ud835\udf11 \u2228 \ud835\udf12 ) ) )",
            "step": 5,
            "theorem": "rb-ax1",
            "ground_truth": "rb-ax1 \u22a2 ( \u00ac ( \u00ac \ud835\udf11 \u2228 ( \ud835\udf11 \u2228 \ud835\udf13 ) ) \u2228 ( \u00ac ( \ud835\udf12 \u2228 \ud835\udf11 ) \u2228 ( \ud835\udf12 \u2228 ( \ud835\udf11 \u2228 \ud835\udf13 ) ) ) )",
            "ground_truth_display": false,
            "statement_depth": 0,
            "_thrs_random_uniform": 0.9490186803362597,
            "_thrs_reconstruct": 0.6110074865217058,
            "_thrs_obviousness": 0.30304784032104765,
            "_thrs_weight": 0.0,
            "_thrs_complexity": 0.0,
            "_thrs_surprisingness": 1.0,
            "_thrs_intensity": 0.0,
            "_thrs_interestingness": 0.26060956806420954,
            "_thrs_logistic_regression": 0.9397495621111394,
            "_thrs_random_forest": 0.995
        }
    ]
}