{
    "theorem": "rcla4cv",
    "hyps": [
        [
            1,
            2
        ],
        [
            2,
            3
        ]
    ],
    "expression": "( \u2200 x \u2208 B \ud835\udf11 \u2192 ( A \u2208 B \u2192 \ud835\udf13 ) )",
    "steps": [
        {
            "expression": "\u22a2 ( \u2200 x \u2208 B \ud835\udf11 \u2192 ( A \u2208 B \u2192 \ud835\udf13 ) )",
            "prop_expression": "( \ud835\udf11 \u2192 ( \ud835\udf13 \u2192 \ud835\udf12 ) ) \u22a2 ( \ud835\udf13 \u2192 ( \ud835\udf11 \u2192 \ud835\udf12 ) )",
            "step": 1,
            "theorem": "com12",
            "ground_truth": "com12 \u22a2 ( \u2200 x \u2208 B \ud835\udf11 \u2192 ( A \u2208 B \u2192 \ud835\udf13 ) )",
            "ground_truth_display": false,
            "statement_depth": 0,
            "_thrs_random_uniform": 0.5678490396350487,
            "_thrs_reconstruct": 7.024425183735958e-09,
            "_thrs_obviousness": 1.0,
            "_thrs_weight": 0.0,
            "_thrs_complexity": 0.0,
            "_thrs_surprisingness": 0.5,
            "_thrs_intensity": 1.0,
            "_thrs_interestingness": 0.5,
            "_thrs_logistic_regression": 0.9998431944152827,
            "_thrs_random_forest": 0.695
        },
        {
            "expression": "\u22a2 ( A \u2208 B \u2192 ( \u2200 x \u2208 B \ud835\udf11 \u2192 \ud835\udf13 ) )",
            "prop_expression": "( x = A \u2192 ( \ud835\udf11 \u2194 \ud835\udf13 ) ) \u22a2 ( A \u2208 B \u2192 ( \u2200 x \u2208 B \ud835\udf11 \u2192 \ud835\udf13 ) )",
            "step": 2,
            "theorem": "rcla4v",
            "ground_truth": "rcla4v \u22a2 ( A \u2208 B \u2192 ( \u2200 x \u2208 B \ud835\udf11 \u2192 \ud835\udf13 ) )",
            "ground_truth_display": false,
            "statement_depth": 0,
            "_thrs_random_uniform": 0.6293333386067489,
            "_thrs_reconstruct": 1.0,
            "_thrs_obviousness": 0.9999999925623734,
            "_thrs_weight": 0.0,
            "_thrs_complexity": 0.0,
            "_thrs_surprisingness": 0.5,
            "_thrs_intensity": 0.0,
            "_thrs_interestingness": 0.2999999985124747,
            "_thrs_logistic_regression": 0.9665821138220841,
            "_thrs_random_forest": 0.835
        },
        {
            "expression": "\u22a2 ( x = A \u2192 ( \ud835\udf11 \u2194 \ud835\udf13 ) )",
            "prop_expression": " \u22a2 ( x = A \u2192 ( \ud835\udf11 \u2194 \ud835\udf13 ) )",
            "step": 3,
            "theorem": "rcla4v.1",
            "ground_truth": "rcla4v.1 \u22a2 ( x = A \u2192 ( \ud835\udf11 \u2194 \ud835\udf13 ) )",
            "ground_truth_display": false,
            "statement_depth": 0,
            "_thrs_random_uniform": 0.2465367738670281,
            "_thrs_reconstruct": 0.0,
            "_thrs_obviousness": 0.0,
            "_thrs_weight": 1.0,
            "_thrs_complexity": 1.0,
            "_thrs_surprisingness": 0.5,
            "_thrs_intensity": 1.0,
            "_thrs_interestingness": 0.7,
            "_thrs_logistic_regression": 0.9911499592369198,
            "_thrs_random_forest": 0.97
        }
    ]
}