{
    "theorem": "re1luk3",
    "hyps": [
        [
            1,
            2
        ],
        [
            1,
            5
        ],
        [
            1,
            12
        ],
        [
            2,
            3
        ],
        [
            2,
            4
        ],
        [
            5,
            6
        ],
        [
            5,
            11
        ],
        [
            6,
            7
        ],
        [
            6,
            8
        ],
        [
            8,
            9
        ],
        [
            8,
            10
        ]
    ],
    "expression": "( \ud835\udf11 \u2192 ( \u00ac \ud835\udf11 \u2192 \ud835\udf13 ) )",
    "steps": [
        {
            "expression": "\u22a2 ( \ud835\udf11 \u2192 ( \u00ac \ud835\udf11 \u2192 \ud835\udf13 ) )",
            "prop_expression": "\ud835\udf11, ( \ud835\udf13 \u2192 \ud835\udf12 ), ( \ud835\udf11 \u2192 ( \ud835\udf12 \u2192 \ud835\udf03 ) ) \u22a2 ( \ud835\udf13 \u2192 \ud835\udf03 )",
            "step": 1,
            "theorem": "mpsyl",
            "ground_truth": "mpsyl \u22a2 ( \ud835\udf11 \u2192 ( \u00ac \ud835\udf11 \u2192 \ud835\udf13 ) )",
            "ground_truth_display": false,
            "statement_depth": 0,
            "_thrs_random_uniform": 0.8595164391470754,
            "_thrs_reconstruct": 0.0003284287966368891,
            "_thrs_obviousness": 1.0,
            "_thrs_weight": 0.9,
            "_thrs_complexity": 1.0,
            "_thrs_surprisingness": 0.39999999999999997,
            "_thrs_intensity": 0.5123152709359606,
            "_thrs_interestingness": 0.7624630541871922,
            "_thrs_logistic_regression": 0.8850891578777932,
            "_thrs_random_forest": 0.955
        },
        {
            "expression": "\u22a2 ( \u00ac \ud835\udf11 \u2192 ( \ud835\udf11 \u2192 F. ) )",
            "prop_expression": "\ud835\udf11, ( \ud835\udf11 \u2192 \ud835\udf13 ) \u22a2 \ud835\udf13",
            "step": 2,
            "theorem": "ax-mp",
            "ground_truth": "ax-mp \u22a2 ( \u00ac \ud835\udf11 \u2192 ( \ud835\udf11 \u2192 F. ) )",
            "ground_truth_display": false,
            "statement_depth": 0,
            "_thrs_random_uniform": 0.5338570892385147,
            "_thrs_reconstruct": 0.0,
            "_thrs_obviousness": 0.9280832661109617,
            "_thrs_weight": 0.9,
            "_thrs_complexity": 1.0,
            "_thrs_surprisingness": 0.0,
            "_thrs_intensity": 1.0,
            "_thrs_interestingness": 0.7656166532221923,
            "_thrs_logistic_regression": 0.9946263359845481,
            "_thrs_random_forest": 0.88
        },
        {
            "expression": "\u22a2 ( ( ( \u00ac \ud835\udf11 \u2192 ( \ud835\udf11 \u2192 F. ) ) \u2192 ( ( ( \ud835\udf11 \u2192 F. ) \u2192 \u00ac \ud835\udf11 ) \u2192 F. ) ) \u2192 F. )",
            "prop_expression": " \u22a2 ( ( ( \u00ac \ud835\udf11 \u2192 ( \ud835\udf11 \u2192 F. ) ) \u2192 ( ( ( \ud835\udf11 \u2192 F. ) \u2192 \u00ac \ud835\udf11 ) \u2192 F. ) ) \u2192 F. )",
            "step": 3,
            "theorem": "tbw-negdf",
            "ground_truth": "tbw-negdf \u22a2 ( ( ( \u00ac \ud835\udf11 \u2192 ( \ud835\udf11 \u2192 F. ) ) \u2192 ( ( ( \ud835\udf11 \u2192 F. ) \u2192 \u00ac \ud835\udf11 ) \u2192 F. ) ) \u2192 F. )",
            "ground_truth_display": false,
            "statement_depth": 0,
            "_thrs_random_uniform": 0.054450466868970704,
            "_thrs_reconstruct": 1.0,
            "_thrs_obviousness": 0.7671865196737474,
            "_thrs_weight": 0.4,
            "_thrs_complexity": 1.0,
            "_thrs_surprisingness": 0.0,
            "_thrs_intensity": 0.01108374384236453,
            "_thrs_interestingness": 0.4356540527032224,
            "_thrs_logistic_regression": 0.35936799317346396,
            "_thrs_random_forest": 0.46
        },
        {
            "expression": "\u22a2 ( ( ( ( \u00ac \ud835\udf11 \u2192 ( \ud835\udf11 \u2192 F. ) ) \u2192 ( ( ( \ud835\udf11 \u2192 F. ) \u2192 \u00ac \ud835\udf11 ) \u2192 F. ) ) \u2192 F. ) \u2192 ( \u00ac \ud835\udf11 \u2192 ( \ud835\udf11 \u2192 F. ) ) )",
            "prop_expression": " \u22a2 ( ( ( \ud835\udf11 \u2192 ( \ud835\udf13 \u2192 F. ) ) \u2192 F. ) \u2192 \ud835\udf11 )",
            "step": 4,
            "theorem": "tbwlem5",
            "ground_truth": "tbwlem5 \u22a2 ( ( ( ( \u00ac \ud835\udf11 \u2192 ( \ud835\udf11 \u2192 F. ) ) \u2192 ( ( ( \ud835\udf11 \u2192 F. ) \u2192 \u00ac \ud835\udf11 ) \u2192 F. ) ) \u2192 F. ) \u2192 ( \u00ac \ud835\udf11 \u2192 ( \ud835\udf11 \u2192 F. ) ) )",
            "ground_truth_display": false,
            "statement_depth": 0,
            "_thrs_random_uniform": 0.7371360316259228,
            "_thrs_reconstruct": 0.20961055643136567,
            "_thrs_obviousness": 0.16052702339338532,
            "_thrs_weight": 0.09999999999999998,
            "_thrs_complexity": 1.0,
            "_thrs_surprisingness": 0.0,
            "_thrs_intensity": 0.0,
            "_thrs_interestingness": 0.25210540467867704,
            "_thrs_logistic_regression": 0.29481619901746076,
            "_thrs_random_forest": 0.265
        },
        {
            "expression": "\u22a2 ( \ud835\udf11 \u2192 ( ( \ud835\udf11 \u2192 F. ) \u2192 \ud835\udf13 ) )",
            "prop_expression": "\ud835\udf11, ( \ud835\udf11 \u2192 \ud835\udf13 ) \u22a2 \ud835\udf13",
            "step": 5,
            "theorem": "ax-mp",
            "ground_truth": "ax-mp \u22a2 ( \ud835\udf11 \u2192 ( ( \ud835\udf11 \u2192 F. ) \u2192 \ud835\udf13 ) )",
            "ground_truth_display": false,
            "statement_depth": 0,
            "_thrs_random_uniform": 0.6867584016283169,
            "_thrs_reconstruct": 0.0,
            "_thrs_obviousness": 0.07093080577216097,
            "_thrs_weight": 0.8,
            "_thrs_complexity": 0.0,
            "_thrs_surprisingness": 1.0,
            "_thrs_intensity": 0.45812807881773404,
            "_thrs_interestingness": 0.465811776917979,
            "_thrs_logistic_regression": 0.9975319915928538,
            "_thrs_random_forest": 0.965
        },
        {
            "expression": "\u22a2 ( ( \ud835\udf11 \u2192 F. ) \u2192 ( \ud835\udf11 \u2192 \ud835\udf13 ) )",
            "prop_expression": "\ud835\udf11, ( \ud835\udf11 \u2192 \ud835\udf13 ) \u22a2 \ud835\udf13",
            "step": 6,
            "theorem": "ax-mp",
            "ground_truth": "ax-mp \u22a2 ( ( \ud835\udf11 \u2192 F. ) \u2192 ( \ud835\udf11 \u2192 \ud835\udf13 ) )",
            "ground_truth_display": false,
            "statement_depth": 0,
            "_thrs_random_uniform": 0.8439111576404458,
            "_thrs_reconstruct": 0.0,
            "_thrs_obviousness": 0.0662028323025903,
            "_thrs_weight": 0.8,
            "_thrs_complexity": 0.0,
            "_thrs_surprisingness": 1.0,
            "_thrs_intensity": 0.29556650246305416,
            "_thrs_interestingness": 0.43235386695312894,
            "_thrs_logistic_regression": 0.9940898034240563,
            "_thrs_random_forest": 0.65
        },
        {
            "expression": "\u22a2 ( F. \u2192 \ud835\udf13 )",
            "prop_expression": " \u22a2 ( F. \u2192 \ud835\udf11 )",
            "step": 7,
            "theorem": "tbw-ax4",
            "ground_truth": "tbw-ax4 \u22a2 ( F. \u2192 \ud835\udf13 )",
            "ground_truth_display": false,
            "statement_depth": 0,
            "_thrs_random_uniform": 0.3102451627123666,
            "_thrs_reconstruct": 0.08007823903777661,
            "_thrs_obviousness": 0.06110513578919064,
            "_thrs_weight": 1.0,
            "_thrs_complexity": 1.0,
            "_thrs_surprisingness": 0.1999999999999999,
            "_thrs_intensity": 0.1330049261083744,
            "_thrs_interestingness": 0.47882201237951305,
            "_thrs_logistic_regression": 0.6086233616802543,