{
    "theorem": "reeanv",
    "hyps": [
        [
            1,
            2
        ],
        [
            1,
            3
        ]
    ],
    "expression": "( \u2203 x \u2208 A \u2203 y \u2208 B ( \ud835\udf11 \u2227 \ud835\udf13 ) \u2194 ( \u2203 x \u2208 A \ud835\udf11 \u2227 \u2203 y \u2208 B \ud835\udf13 ) )",
    "steps": [
        {
            "number": 2420,
            "expression": "\u22a2 ( \u2203 x \u2208 A \u2203 y \u2208 B ( \ud835\udf11 \u2227 \ud835\udf13 ) \u2194 ( \u2203 x \u2208 A \ud835\udf11 \u2227 \u2203 y \u2208 B \ud835\udf13 ) )",
            "prop_expression": "( \ud835\udf11 \u2192 \u2200 y \ud835\udf11 ), ( \ud835\udf13 \u2192 \u2200 x \ud835\udf13 ) \u22a2 ( \u2203 x \u2208 A \u2203 y \u2208 B ( \ud835\udf11 \u2227 \ud835\udf13 ) \u2194 ( \u2203 x \u2208 A \ud835\udf11 \u2227 \u2203 y \u2208 B \ud835\udf13 ) )",
            "step": 1,
            "theorem": "reean",
            "ground_truth": "reean \u22a2 ( \u2203 x \u2208 A \u2203 y \u2208 B ( \ud835\udf11 \u2227 \ud835\udf13 ) \u2194 ( \u2203 x \u2208 A \ud835\udf11 \u2227 \u2203 y \u2208 B \ud835\udf13 ) )",
            "ground_truth_display": false,
            "statement_depth": 0,
            "_thrs_random_uniform": 0.74964,
            "_thrs_reconstruct": 1.0,
            "_thrs_obviousness": 1.0,
            "_thrs_weight": 0.0,
            "_thrs_complexity": 0.0,
            "_thrs_surprisingness": 0.5,
            "_thrs_intensity": 0.0,
            "_thrs_interestingness": 0.3,
            "_thrs_logistic_regression": 0.96658,
            "_thrs_random_forest": 0.635
        },
        {
            "number": 2420,
            "expression": "\u22a2 ( \ud835\udf11 \u2192 \u2200 y \ud835\udf11 )",
            "prop_expression": " \u22a2 ( \ud835\udf11 \u2192 \u2200 x \ud835\udf11 )",
            "step": 2,
            "theorem": "ax-17",
            "ground_truth": "ax-17 \u22a2 ( \ud835\udf11 \u2192 \u2200 y \ud835\udf11 )",
            "ground_truth_display": false,
            "statement_depth": 0,
            "_thrs_random_uniform": 0.80503,
            "_thrs_reconstruct": 0.0,
            "_thrs_obviousness": 0.0,
            "_thrs_weight": 1.0,
            "_thrs_complexity": 1.0,
            "_thrs_surprisingness": 0.5,
            "_thrs_intensity": 1.0,
            "_thrs_interestingness": 0.7,
            "_thrs_logistic_regression": 0.99115,
            "_thrs_random_forest": 0.725
        },
        {
            "number": 2420,
            "expression": "\u22a2 ( \ud835\udf13 \u2192 \u2200 x \ud835\udf13 )",
            "prop_expression": " \u22a2 ( \ud835\udf11 \u2192 \u2200 x \ud835\udf11 )",
            "step": 3,
            "theorem": "ax-17",
            "ground_truth": "ax-17 \u22a2 ( \ud835\udf13 \u2192 \u2200 x \ud835\udf13 )",
            "ground_truth_display": false,
            "statement_depth": 0,
            "_thrs_random_uniform": 0.45042,
            "_thrs_reconstruct": 0.0,
            "_thrs_obviousness": 0.0,
            "_thrs_weight": 1.0,
            "_thrs_complexity": 1.0,
            "_thrs_surprisingness": 0.5,
            "_thrs_intensity": 1.0,
            "_thrs_interestingness": 0.7,
            "_thrs_logistic_regression": 0.99115,
            "_thrs_random_forest": 0.725
        }
    ],
    "is_train": false
}