{
    "theorem": "reiota1",
    "hyps": [
        [
            1,
            2
        ],
        [
            1,
            3
        ],
        [
            3,
            4
        ],
        [
            3,
            5
        ]
    ],
    "expression": "( ( x \u2208 A \u2227 E! x \u2208 A \ud835\udf11 ) \u2192 ( \ud835\udf11 \u2194 ( io\ud835\udf0f x ( x \u2208 A \u2227 \ud835\udf11 ) ) = x ) )",
    "steps": [
        {
            "expression": "\u22a2 ( ( x \u2208 A \u2227 E! x \u2208 A \ud835\udf11 ) \u2192 ( \ud835\udf11 \u2194 ( io\ud835\udf0f x ( x \u2208 A \u2227 \ud835\udf11 ) ) = x ) )",
            "prop_expression": "( \ud835\udf11 \u2192 ( \ud835\udf13 \u2194 \ud835\udf12 ) ), ( \ud835\udf03 \u2192 ( \ud835\udf12 \u2194 \ud835\udf0f ) ) \u22a2 ( ( \ud835\udf11 \u2227 \ud835\udf03 ) \u2192 ( \ud835\udf13 \u2194 \ud835\udf0f ) )",
            "step": 1,
            "theorem": "sylan9bb",
            "ground_truth": "sylan9bb \u22a2 ( ( x \u2208 A \u2227 E! x \u2208 A \ud835\udf11 ) \u2192 ( \ud835\udf11 \u2194 ( io\ud835\udf0f x ( x \u2208 A \u2227 \ud835\udf11 ) ) = x ) )",
            "ground_truth_display": false,
            "statement_depth": 0,
            "_thrs_random_uniform": 0.15249528488476438,
            "_thrs_reconstruct": 1.505621438875225e-07,
            "_thrs_obviousness": 1.0,
            "_thrs_weight": 0.1428571428571429,
            "_thrs_complexity": 0.5,
            "_thrs_surprisingness": 0.5,
            "_thrs_intensity": 0.9013157894736843,
            "_thrs_interestingness": 0.6088345864661655,
            "_thrs_logistic_regression": 0.9970515064239505,
            "_thrs_random_forest": 0.97
        },
        {
            "expression": "\u22a2 ( x \u2208 A \u2192 ( \ud835\udf11 \u2194 ( x \u2208 A \u2227 \ud835\udf11 ) ) )",
            "prop_expression": " \u22a2 ( \ud835\udf11 \u2192 ( \ud835\udf13 \u2194 ( \ud835\udf11 \u2227 \ud835\udf13 ) ) )",
            "step": 2,
            "theorem": "ibar",
            "ground_truth": "ibar \u22a2 ( x \u2208 A \u2192 ( \ud835\udf11 \u2194 ( x \u2208 A \u2227 \ud835\udf11 ) ) )",
            "ground_truth_display": false,
            "statement_depth": 0,
            "_thrs_random_uniform": 0.37423097758475143,
            "_thrs_reconstruct": 1.8785913368119955e-08,
            "_thrs_obviousness": 1.8785910162921366e-08,
            "_thrs_weight": 1.0,
            "_thrs_complexity": 0.5,
            "_thrs_surprisingness": 0.5,
            "_thrs_intensity": 0.1611842105263158,
            "_thrs_interestingness": 0.4322368458624452,
            "_thrs_logistic_regression": 0.9389511308405529,
            "_thrs_random_forest": 0.865
        },
        {
            "expression": "\u22a2 ( E! x \u2208 A \ud835\udf11 \u2192 ( ( x \u2208 A \u2227 \ud835\udf11 ) \u2194 ( io\ud835\udf0f x ( x \u2208 A \u2227 \ud835\udf11 ) ) = x ) )",
            "prop_expression": "( \ud835\udf11 \u2194 \ud835\udf13 ), ( \ud835\udf13 \u2192 \ud835\udf12 ) \u22a2 ( \ud835\udf11 \u2192 \ud835\udf12 )",
            "step": 3,
            "theorem": "sylbi",
            "ground_truth": "sylbi \u22a2 ( E! x \u2208 A \ud835\udf11 \u2192 ( ( x \u2208 A \u2227 \ud835\udf11 ) \u2194 ( io\ud835\udf0f x ( x \u2208 A \u2227 \ud835\udf11 ) ) = x ) )",
            "ground_truth_display": false,
            "statement_depth": 0,
            "_thrs_random_uniform": 0.48327998227207125,
            "_thrs_reconstruct": 1.2529331205071399e-09,
            "_thrs_obviousness": 0.9999998306438882,
            "_thrs_weight": 0.1428571428571429,
            "_thrs_complexity": 0.5,
            "_thrs_surprisingness": 0.5,
            "_thrs_intensity": 1.0,
            "_thrs_interestingness": 0.6285713947002062,
            "_thrs_logistic_regression": 0.9982666694123785,
            "_thrs_random_forest": 0.94
        },
        {
            "expression": "\u22a2 ( E! x \u2208 A \ud835\udf11 \u2194 E! x ( x \u2208 A \u2227 \ud835\udf11 ) )",
            "prop_expression": " \u22a2 ( E! x \u2208 A \ud835\udf11 \u2194 E! x ( x \u2208 A \u2227 \ud835\udf11 ) )",
            "step": 4,
            "theorem": "df-reu",
            "ground_truth": "df-reu \u22a2 ( E! x \u2208 A \ud835\udf11 \u2194 E! x ( x \u2208 A \u2227 \ud835\udf11 ) )",
            "ground_truth_display": false,
            "statement_depth": 0,
            "_thrs_random_uniform": 0.49481346707581786,
            "_thrs_reconstruct": 0.0,
            "_thrs_obviousness": 0.0,
            "_thrs_weight": 0.8571428571428572,
            "_thrs_complexity": 0.5,
            "_thrs_surprisingness": 0.5,
            "_thrs_intensity": 0.12280701754385964,
            "_thrs_interestingness": 0.39598997493734334,
            "_thrs_logistic_regression": 0.9160438407195435,
            "_thrs_random_forest": 0.665
        },
        {
            "expression": "\u22a2 ( E! x ( x \u2208 A \u2227 \ud835\udf11 ) \u2192 ( ( x \u2208 A \u2227 \ud835\udf11 ) \u2194 ( io\ud835\udf0f x ( x \u2208 A \u2227 \ud835\udf11 ) ) = x ) )",
            "prop_expression": " \u22a2 ( E! x \ud835\udf11 \u2192 ( \ud835\udf11 \u2194 ( io\ud835\udf0f x \ud835\udf11 ) = x ) )",
            "step": 5,
            "theorem": "iota1",
            "ground_truth": "iota1 \u22a2 ( E! x ( x \u2208 A \u2227 \ud835\udf11 ) \u2192 ( ( x \u2208 A \u2227 \ud835\udf11 ) \u2194 ( io\ud835\udf0f x ( x \u2208 A \u2227 \ud835\udf11 ) ) = x ) )",
            "ground_truth_display": false,
            "statement_depth": 0,
            "_thrs_random_uniform": 0.02266344018805444,
            "_thrs_reconstruct": 1.0,
            "_thrs_obviousness": 0.9999998293828719,
            "_thrs_weight": 0.0,
            "_thrs_complexity": 0.5,
            "_thrs_surprisingness": 0.5,
            "_thrs_intensity": 0.0,
            "_thrs_interestingness": 0.3999999658765744,
            "_thrs_logistic_regression": 0.6950964514946907,
            "_thrs_random_forest": 0.765
        }
    ]
}