{
    "theorem": "releldm",
    "hyps": [
        [
            1,
            2
        ],
        [
            1,
            3
        ],
        [
            1,
            4
        ],
        [
            1,
            5
        ]
    ],
    "expression": "( ( Rel R \u2227 A R B ) \u2192 A \u2208 dom R )",
    "steps": [
        {
            "expression": "\u22a2 ( ( Rel R \u2227 A R B ) \u2192 A \u2208 dom R )",
            "prop_expression": "( \ud835\udf11 \u2192 \ud835\udf13 ), ( \ud835\udf11 \u2192 \ud835\udf12 ), ( \ud835\udf11 \u2192 \ud835\udf03 ), ( ( \ud835\udf13 \u2227 \ud835\udf12 \u2227 \ud835\udf03 ) \u2192 \ud835\udf0f ) \u22a2 ( \ud835\udf11 \u2192 \ud835\udf0f )",
            "step": 1,
            "theorem": "syl3anc",
            "ground_truth": "syl3anc \u22a2 ( ( Rel R \u2227 A R B ) \u2192 A \u2208 dom R )",
            "ground_truth_display": false,
            "statement_depth": 0,
            "_thrs_random_uniform": 0.5173800607625247,
            "_thrs_reconstruct": 2.2583669845223227e-09,
            "_thrs_obviousness": 1.0,
            "_thrs_weight": 0.8,
            "_thrs_complexity": 0.0,
            "_thrs_surprisingness": 0.9615384615384615,
            "_thrs_intensity": 1.0,
            "_thrs_interestingness": 0.7523076923076923,
            "_thrs_logistic_regression": 0.9998633847081861,
            "_thrs_random_forest": 0.865
        },
        {
            "expression": "\u22a2 ( ( Rel R \u2227 A R B ) \u2192 A \u2208 V )",
            "prop_expression": " \u22a2 ( ( Rel R \u2227 A R B ) \u2192 A \u2208 V )",
            "step": 2,
            "theorem": "brrelex",
            "ground_truth": "brrelex \u22a2 ( ( Rel R \u2227 A R B ) \u2192 A \u2208 V )",
            "ground_truth_display": false,
            "statement_depth": 0,
            "_thrs_random_uniform": 0.9752094799865543,
            "_thrs_reconstruct": 0.9999999978702534,
            "_thrs_obviousness": 0.46742629453088613,
            "_thrs_weight": 1.0,
            "_thrs_complexity": 0.0,
            "_thrs_surprisingness": 0.5769230769230769,
            "_thrs_intensity": 0.09419856459330143,
            "_thrs_interestingness": 0.4277095872094529,
            "_thrs_logistic_regression": 0.9915748814323797,
            "_thrs_random_forest": 0.96
        },
        {
            "expression": "\u22a2 ( ( Rel R \u2227 A R B ) \u2192 B \u2208 V )",
            "prop_expression": " \u22a2 ( ( Rel R \u2227 A R B ) \u2192 B \u2208 V )",
            "step": 3,
            "theorem": "brrelex2",
            "ground_truth": "brrelex2 \u22a2 ( ( Rel R \u2227 A R B ) \u2192 B \u2208 V )",
            "ground_truth_display": false,
            "statement_depth": 0,
            "_thrs_random_uniform": 0.46244857114161664,
            "_thrs_reconstruct": 1.0,
            "_thrs_obviousness": 0.4674262955263857,
            "_thrs_weight": 1.0,
            "_thrs_complexity": 0.0,
            "_thrs_surprisingness": 0.5769230769230769,
            "_thrs_intensity": 0.09419856459330143,
            "_thrs_interestingness": 0.42770958740855286,
            "_thrs_logistic_regression": 0.9915748814316678,
            "_thrs_random_forest": 0.96
        },
        {
            "expression": "\u22a2 ( ( Rel R \u2227 A R B ) \u2192 A R B )",
            "prop_expression": " \u22a2 ( ( \ud835\udf11 \u2227 \ud835\udf13 ) \u2192 \ud835\udf13 )",
            "step": 4,
            "theorem": "simpr",
            "ground_truth": "simpr \u22a2 ( ( Rel R \u2227 A R B ) \u2192 A R B )",
            "ground_truth_display": false,
            "statement_depth": 0,
            "_thrs_random_uniform": 0.44352477072443464,
            "_thrs_reconstruct": 0.0,
            "_thrs_obviousness": 0.0,
            "_thrs_weight": 1.0,
            "_thrs_complexity": 1.0,
            "_thrs_surprisingness": 0.0,
            "_thrs_intensity": 0.012559808612440184,
            "_thrs_interestingness": 0.40251196172248804,
            "_thrs_logistic_regression": 0.5169356709708536,
            "_thrs_random_forest": 0.89
        },
        {
            "expression": "\u22a2 ( ( A \u2208 V \u2227 B \u2208 V \u2227 A R B ) \u2192 A \u2208 dom R )",
            "prop_expression": " \u22a2 ( ( A \u2208 C \u2227 B \u2208 D \u2227 A R B ) \u2192 A \u2208 dom R )",
            "step": 5,
            "theorem": "breldmg",
            "ground_truth": "breldmg \u22a2 ( ( A \u2208 V \u2227 B \u2208 V \u2227 A R B ) \u2192 A \u2208 dom R )",
            "ground_truth_display": false,
            "statement_depth": 0,
            "_thrs_random_uniform": 0.8554312819699493,
            "_thrs_reconstruct": 0.13937471899532572,
            "_thrs_obviousness": 0.06514740859001608,
            "_thrs_weight": 0.0,
            "_thrs_complexity": 0.0,
            "_thrs_surprisingness": 1.0,
            "_thrs_intensity": 0.0,
            "_thrs_interestingness": 0.21302948171800323,
            "_thrs_logistic_regression": 0.9408922780635581,
            "_thrs_random_forest": 0.945
        }
    ]
}