{
    "theorem": "rereccl",
    "hyps": [
        [
            1,
            2
        ],
        [
            1,
            3
        ]
    ],
    "expression": "( ( A \u2208 \u211d \u2227 A \u2260 0 ) \u2192 ( 1 / A ) \u2208 \u211d )",
    "steps": [
        {
            "number": 8728,
            "expression": "\u22a2 ( ( A \u2208 \u211d \u2227 A \u2260 0 ) \u2192 ( 1 / A ) \u2208 \u211d )",
            "prop_expression": "\ud835\udf11, ( ( \ud835\udf11 \u2227 \ud835\udf13 \u2227 \ud835\udf12 ) \u2192 \ud835\udf03 ) \u22a2 ( ( \ud835\udf13 \u2227 \ud835\udf12 ) \u2192 \ud835\udf03 )",
            "step": 1,
            "theorem": "mp3an1",
            "ground_truth": "mp3an1 \u22a2 ( ( A \u2208 \u211d \u2227 A \u2260 0 ) \u2192 ( 1 / A ) \u2208 \u211d )",
            "ground_truth_display": false,
            "statement_depth": 0,
            "_thrs_random_uniform": 0.20862,
            "_thrs_reconstruct": 0.0,
            "_thrs_obviousness": 1.0,
            "_thrs_weight": 0.33333,
            "_thrs_complexity": 0.0,
            "_thrs_surprisingness": 1.0,
            "_thrs_intensity": 1.0,
            "_thrs_interestingness": 0.66667,
            "_thrs_logistic_regression": 0.99978,
            "_thrs_random_forest": 0.775
        },
        {
            "number": 8728,
            "expression": "\u22a2 1 \u2208 \u211d",
            "prop_expression": " \u22a2 1 \u2208 \u211d",
            "step": 2,
            "theorem": "1re",
            "ground_truth": "1re \u22a2 1 \u2208 \u211d",
            "ground_truth_display": false,
            "statement_depth": 0,
            "_thrs_random_uniform": 0.02118,
            "_thrs_reconstruct": 0.0,
            "_thrs_obviousness": 0.0,
            "_thrs_weight": 1.0,
            "_thrs_complexity": 1.0,
            "_thrs_surprisingness": 0.0,
            "_thrs_intensity": 0.46667,
            "_thrs_interestingness": 0.49333,
            "_thrs_logistic_regression": 0.92539,
            "_thrs_random_forest": 0.87
        },
        {
            "number": 8728,
            "expression": "\u22a2 ( ( 1 \u2208 \u211d \u2227 A \u2208 \u211d \u2227 A \u2260 0 ) \u2192 ( 1 / A ) \u2208 \u211d )",
            "prop_expression": " \u22a2 ( ( A \u2208 \u211d \u2227 B \u2208 \u211d \u2227 B \u2260 0 ) \u2192 ( A / B ) \u2208 \u211d )",
            "step": 3,
            "theorem": "redivcl",
            "ground_truth": "redivcl \u22a2 ( ( 1 \u2208 \u211d \u2227 A \u2208 \u211d \u2227 A \u2260 0 ) \u2192 ( 1 / A ) \u2208 \u211d )",
            "ground_truth_display": false,
            "statement_depth": 0,
            "_thrs_random_uniform": 0.73236,
            "_thrs_reconstruct": 1.0,
            "_thrs_obviousness": 1.0,
            "_thrs_weight": 0.0,
            "_thrs_complexity": 0.0,
            "_thrs_surprisingness": 1.0,
            "_thrs_intensity": 0.0,
            "_thrs_interestingness": 0.4,
            "_thrs_logistic_regression": 0.93628,
            "_thrs_random_forest": 0.89
        }
    ],
    "is_train": false
}