{
    "theorem": "reuun1",
    "hyps": [
        [
            1,
            2
        ],
        [
            1,
            3
        ],
        [
            1,
            5
        ],
        [
            3,
            4
        ]
    ],
    "expression": "( ( \u2203 x \u2208 A \ud835\udf11 \u2227 E! x \u2208 ( A \u222a B ) ( \ud835\udf11 \u2228 \ud835\udf13 ) ) \u2192 E! x \u2208 A \ud835\udf11 )",
    "steps": [
        {
            "expression": "\u22a2 ( ( \u2203 x \u2208 A \ud835\udf11 \u2227 E! x \u2208 ( A \u222a B ) ( \ud835\udf11 \u2228 \ud835\udf13 ) ) \u2192 E! x \u2208 A \ud835\udf11 )",
            "prop_expression": "\ud835\udf11, \ud835\udf13, ( ( ( \ud835\udf11 \u2227 \ud835\udf13 ) \u2227 \ud835\udf12 ) \u2192 \ud835\udf03 ) \u22a2 ( \ud835\udf12 \u2192 \ud835\udf03 )",
            "step": 1,
            "theorem": "mpanl12",
            "ground_truth": "mpanl12 \u22a2 ( ( \u2203 x \u2208 A \ud835\udf11 \u2227 E! x \u2208 ( A \u222a B ) ( \ud835\udf11 \u2228 \ud835\udf13 ) ) \u2192 E! x \u2208 A \ud835\udf11 )",
            "ground_truth_display": false,
            "statement_depth": 0,
            "_thrs_random_uniform": 0.7261302685693769,
            "_thrs_reconstruct": 6.636439266636451e-07,
            "_thrs_obviousness": 1.0,
            "_thrs_weight": 0.4782608695652174,
            "_thrs_complexity": 0.16666666666666663,
            "_thrs_surprisingness": 0.78,
            "_thrs_intensity": 1.0,
            "_thrs_interestingness": 0.6849855072463769,
            "_thrs_logistic_regression": 0.9996614033426466,
            "_thrs_random_forest": 0.865
        },
        {
            "expression": "\u22a2 A \u2286 ( A \u222a B )",
            "prop_expression": " \u22a2 A \u2286 ( A \u222a B )",
            "step": 2,
            "theorem": "ssun1",
            "ground_truth": "ssun1 \u22a2 A \u2286 ( A \u222a B )",
            "ground_truth_display": false,
            "statement_depth": 0,
            "_thrs_random_uniform": 0.36441483967285415,
            "_thrs_reconstruct": 0.4108533132526783,
            "_thrs_obviousness": 0.2912087221269031,
            "_thrs_weight": 0.9130434782608696,
            "_thrs_complexity": 0.6666666666666667,
            "_thrs_surprisingness": 0.0,
            "_thrs_intensity": 0.2660200900588847,
            "_thrs_interestingness": 0.42738779142266486,
            "_thrs_logistic_regression": 0.953524655165186,
            "_thrs_random_forest": 0.895
        },
        {
            "expression": "\u22a2 \u2200 x \u2208 A ( \ud835\udf11 \u2192 ( \ud835\udf11 \u2228 \ud835\udf13 ) )",
            "prop_expression": "\ud835\udf11 \u22a2 \u2200 x \u2208 A \ud835\udf11",
            "step": 3,
            "theorem": "rgenw",
            "ground_truth": "rgenw \u22a2 \u2200 x \u2208 A ( \ud835\udf11 \u2192 ( \ud835\udf11 \u2228 \ud835\udf13 ) )",
            "ground_truth_display": false,
            "statement_depth": 0,
            "_thrs_random_uniform": 0.5781789304918677,
            "_thrs_reconstruct": 0.0,
            "_thrs_obviousness": 1.9866525367947692e-07,
            "_thrs_weight": 0.8695652173913043,
            "_thrs_complexity": 0.5,
            "_thrs_surprisingness": 0.33999999999999997,
            "_thrs_intensity": 0.5091790786283339,
            "_thrs_interestingness": 0.44374889893697844,
            "_thrs_logistic_regression": 0.991014055850612,
            "_thrs_random_forest": 0.8533333333333333
        },
        {
            "expression": "\u22a2 ( \ud835\udf11 \u2192 ( \ud835\udf11 \u2228 \ud835\udf13 ) )",
            "prop_expression": " \u22a2 ( \ud835\udf11 \u2192 ( \ud835\udf11 \u2228 \ud835\udf13 ) )",
            "step": 4,
            "theorem": "orc",
            "ground_truth": "orc \u22a2 ( \ud835\udf11 \u2192 ( \ud835\udf11 \u2228 \ud835\udf13 ) )",
            "ground_truth_display": false,
            "statement_depth": 0,
            "_thrs_random_uniform": 0.04030818667017122,
            "_thrs_reconstruct": 3.0438503452530546e-09,
            "_thrs_obviousness": 0.0,
            "_thrs_weight": 1.0,
            "_thrs_complexity": 1.0,
            "_thrs_surprisingness": 0.0,
            "_thrs_intensity": 0.1939729823346034,
            "_thrs_interestingness": 0.4387945964669207,
            "_thrs_logistic_regression": 0.7401242789513437,
            "_thrs_random_forest": 0.51
        },
        {
            "expression": "\u22a2 ( ( ( A \u2286 ( A \u222a B ) \u2227 \u2200 x \u2208 A ( \ud835\udf11 \u2192 ( \ud835\udf11 \u2228 \ud835\udf13 ) ) ) \u2227 ( \u2203 x \u2208 A \ud835\udf11 \u2227 E! x \u2208 ( A \u222a B ) ( \ud835\udf11 \u2228 \ud835\udf13 ) ) ) \u2192 E! x \u2208 A \ud835\udf11 )",
            "prop_expression": " \u22a2 ( ( ( A \u2286 B \u2227 \u2200 x \u2208 A ( \ud835\udf11 \u2192 \ud835\udf13 ) ) \u2227 ( \u2203 x \u2208 A \ud835\udf11 \u2227 E! x \u2208 B \ud835\udf13 ) ) \u2192 E! x \u2208 A \ud835\udf11 )",
            "step": 5,
            "theorem": "reuss2",
            "ground_truth": "reuss2 \u22a2 ( ( ( A \u2286 ( A \u222a B ) \u2227 \u2200 x \u2208 A ( \ud835\udf11 \u2192 ( \ud835\udf11 \u2228 \ud835\udf13 ) ) ) \u2227 ( \u2203 x \u2208 A \ud835\udf11 \u2227 E! x \u2208 ( A \u222a B ) ( \ud835\udf11 \u2228 \ud835\udf13 ) ) ) \u2192 E! x \u2208 A \ud835\udf11 )",
            "ground_truth_display": false,
            "statement_depth": 0,
            "_thrs_random_uniform": 0.15762899368299665,
            "_thrs_reconstruct": 1.0,
            "_thrs_obviousness": 0.7087900085129949,
            "_thrs_weight": 0.0,
            "_thrs_complexity": 0.0,
            "_thrs_surprisingness": 1.0,
            "_thrs_intensity": 0.0,
            "_thrs_interestingness": 0.34175800170259896,
            "_thrs_logistic_regression": 0.9377528315835325,
            "_thrs_random_forest": 0.855
        }
    ]
}