{
    "theorem": "reximdva",
    "hyps": [
        [
            1,
            2
        ],
        [
            2,
            3
        ]
    ],
    "expression": "( \ud835\udf11 \u2192 ( \u2203 x \u2208 A \ud835\udf13 \u2192 \u2203 x \u2208 A \ud835\udf12 ) )",
    "steps": [
        {
            "number": 2373,
            "expression": "\u22a2 ( \ud835\udf11 \u2192 ( \u2203 x \u2208 A \ud835\udf13 \u2192 \u2203 x \u2208 A \ud835\udf12 ) )",
            "prop_expression": "( \ud835\udf11 \u2192 ( x \u2208 A \u2192 ( \ud835\udf13 \u2192 \ud835\udf12 ) ) ) \u22a2 ( \ud835\udf11 \u2192 ( \u2203 x \u2208 A \ud835\udf13 \u2192 \u2203 x \u2208 A \ud835\udf12 ) )",
            "step": 1,
            "theorem": "reximdvai",
            "ground_truth": "reximdvai \u22a2 ( \ud835\udf11 \u2192 ( \u2203 x \u2208 A \ud835\udf13 \u2192 \u2203 x \u2208 A \ud835\udf12 ) )",
            "ground_truth_display": false,
            "statement_depth": 0,
            "_thrs_random_uniform": 0.21043,
            "_thrs_reconstruct": 1.0,
            "_thrs_obviousness": 1.0,
            "_thrs_weight": 0.0,
            "_thrs_complexity": 0.5,
            "_thrs_surprisingness": 0.5,
            "_thrs_intensity": 0.0,
            "_thrs_interestingness": 0.4,
            "_thrs_logistic_regression": 0.6951,
            "_thrs_random_forest": 0.755
        },
        {
            "number": 2373,
            "expression": "\u22a2 ( \ud835\udf11 \u2192 ( x \u2208 A \u2192 ( \ud835\udf13 \u2192 \ud835\udf12 ) ) )",
            "prop_expression": "( ( \ud835\udf11 \u2227 \ud835\udf13 ) \u2192 \ud835\udf12 ) \u22a2 ( \ud835\udf11 \u2192 ( \ud835\udf13 \u2192 \ud835\udf12 ) )",
            "step": 2,
            "theorem": "ex",
            "ground_truth": "ex \u22a2 ( \ud835\udf11 \u2192 ( x \u2208 A \u2192 ( \ud835\udf13 \u2192 \ud835\udf12 ) ) )",
            "ground_truth_display": false,
            "statement_depth": 0,
            "_thrs_random_uniform": 0.86847,
            "_thrs_reconstruct": 0.00402,
            "_thrs_obviousness": 0.004,
            "_thrs_weight": 1.0,
            "_thrs_complexity": 0.5,
            "_thrs_surprisingness": 0.5,
            "_thrs_intensity": 1.0,
            "_thrs_interestingness": 0.6008,
            "_thrs_logistic_regression": 0.9993,
            "_thrs_random_forest": 0.92
        },
        {
            "number": 2373,
            "expression": "\u22a2 ( ( \ud835\udf11 \u2227 x \u2208 A ) \u2192 ( \ud835\udf13 \u2192 \ud835\udf12 ) )",
            "prop_expression": " \u22a2 ( ( \ud835\udf11 \u2227 x \u2208 A ) \u2192 ( \ud835\udf13 \u2192 \ud835\udf12 ) )",
            "step": 3,
            "theorem": "reximdva.1",
            "ground_truth": "reximdva.1 \u22a2 ( ( \ud835\udf11 \u2227 x \u2208 A ) \u2192 ( \ud835\udf13 \u2192 \ud835\udf12 ) )",
            "ground_truth_display": false,
            "statement_depth": 0,
            "_thrs_random_uniform": 0.29291,
            "_thrs_reconstruct": 0.0,
            "_thrs_obviousness": 0.0,
            "_thrs_weight": 1.0,
            "_thrs_complexity": 0.5,
            "_thrs_surprisingness": 0.5,
            "_thrs_intensity": 1.0,
            "_thrs_interestingness": 0.6,
            "_thrs_logistic_regression": 0.9993,
            "_thrs_random_forest": 0.745
        }
    ],
    "is_train": false
}