{
    "theorem": "reximdva0",
    "hyps": [
        [
            1,
            2
        ],
        [
            1,
            9
        ],
        [
            2,
            3
        ],
        [
            2,
            4
        ],
        [
            4,
            5
        ],
        [
            5,
            6
        ],
        [
            6,
            7
        ],
        [
            7,
            8
        ]
    ],
    "expression": "( ( \ud835\udf11 \u2227 A \u2260 \u2205 ) \u2192 \u2203 x \u2208 A \ud835\udf13 )",
    "steps": [
        {
            "expression": "\u22a2 ( ( \ud835\udf11 \u2227 A \u2260 \u2205 ) \u2192 \u2203 x \u2208 A \ud835\udf13 )",
            "prop_expression": "( \ud835\udf11 \u2192 \ud835\udf13 ), ( \ud835\udf12 \u2194 \ud835\udf13 ) \u22a2 ( \ud835\udf11 \u2192 \ud835\udf12 )",
            "step": 1,
            "theorem": "sylibr",
            "ground_truth": "sylibr \u22a2 ( ( \ud835\udf11 \u2227 A \u2260 \u2205 ) \u2192 \u2203 x \u2208 A \ud835\udf13 )",
            "ground_truth_display": false,
            "statement_depth": 0,
            "_thrs_random_uniform": 0.42319,
            "_thrs_reconstruct": 0.0,
            "_thrs_obviousness": 1.0,
            "_thrs_weight": 0.6,
            "_thrs_complexity": 0.0,
            "_thrs_surprisingness": 1.0,
            "_thrs_intensity": 1.0,
            "_thrs_interestingness": 0.72,
            "_thrs_logistic_regression": 0.99983,
            "_thrs_random_forest": 0.96
        },
        {
            "expression": "\u22a2 ( ( \ud835\udf11 \u2227 A \u2260 \u2205 ) \u2192 \u2203 x ( x \u2208 A \u2227 \ud835\udf13 ) )",
            "prop_expression": "( \ud835\udf11 \u2194 \ud835\udf12 ), ( ( \ud835\udf13 \u2227 \ud835\udf12 ) \u2192 \ud835\udf03 ) \u22a2 ( ( \ud835\udf13 \u2227 \ud835\udf11 ) \u2192 \ud835\udf03 )",
            "step": 2,
            "theorem": "sylan2b",
            "ground_truth": "sylan2b \u22a2 ( ( \ud835\udf11 \u2227 A \u2260 \u2205 ) \u2192 \u2203 x ( x \u2208 A \u2227 \ud835\udf13 ) )",
            "ground_truth_display": false,
            "statement_depth": 0,
            "_thrs_random_uniform": 0.46044,
            "_thrs_reconstruct": 0.0,
            "_thrs_obviousness": 1.0,
            "_thrs_weight": 0.4,
            "_thrs_complexity": 0.0,
            "_thrs_surprisingness": 1.0,
            "_thrs_intensity": 0.784,
            "_thrs_interestingness": 0.6368,
            "_thrs_logistic_regression": 0.99932,
            "_thrs_random_forest": 0.98
        },
        {
            "expression": "\u22a2 ( A \u2260 \u2205 \u2194 \u2203 x x \u2208 A )",
            "prop_expression": " \u22a2 ( A \u2260 \u2205 \u2194 \u2203 x x \u2208 A )",
            "step": 3,
            "theorem": "n0",
            "ground_truth": "n0 \u22a2 ( A \u2260 \u2205 \u2194 \u2203 x x \u2208 A )",
            "ground_truth_display": false,
            "statement_depth": 0,
            "_thrs_random_uniform": 0.06704,
            "_thrs_reconstruct": 1.0,
            "_thrs_obviousness": 0.99998,
            "_thrs_weight": 0.8,
            "_thrs_complexity": 1.0,
            "_thrs_surprisingness": 0.21053,
            "_thrs_intensity": 0.112,
            "_thrs_interestingness": 0.6245,
            "_thrs_logistic_regression": 0.5107,
            "_thrs_random_forest": 0.895
        },
        {
            "expression": "\u22a2 ( ( \ud835\udf11 \u2227 \u2203 x x \u2208 A ) \u2192 \u2203 x ( x \u2208 A \u2227 \ud835\udf13 ) )",
            "prop_expression": "( \ud835\udf11 \u2192 ( \ud835\udf13 \u2192 \ud835\udf12 ) ) \u22a2 ( ( \ud835\udf11 \u2227 \ud835\udf13 ) \u2192 \ud835\udf12 )",
            "step": 4,
            "theorem": "imp",
            "ground_truth": "imp \u22a2 ( ( \ud835\udf11 \u2227 \u2203 x x \u2208 A ) \u2192 \u2203 x ( x \u2208 A \u2227 \ud835\udf13 ) )",
            "ground_truth_display": false,
            "statement_depth": 0,
            "_thrs_random_uniform": 0.01715,
            "_thrs_reconstruct": 0.0,
            "_thrs_obviousness": 2e-05,
            "_thrs_weight": 0.0,
            "_thrs_complexity": 0.5,
            "_thrs_surprisingness": 0.57895,
            "_thrs_intensity": 0.28,
            "_thrs_interestingness": 0.27179,
            "_thrs_logistic_regression": 0.90999,
            "_thrs_random_forest": 0.855
        },
        {
            "expression": "\u22a2 ( \ud835\udf11 \u2192 ( \u2203 x x \u2208 A \u2192 \u2203 x ( x \u2208 A \u2227 \ud835\udf13 ) ) )",
            "prop_expression": "( \ud835\udf11 \u2192 ( \ud835\udf13 \u2192 \ud835\udf12 ) ) \u22a2 ( \ud835\udf11 \u2192 ( \u2203 x \ud835\udf13 \u2192 \u2203 x \ud835\udf12 ) )",
            "step": 5,
            "theorem": "eximdv",
            "ground_truth": "eximdv \u22a2 ( \ud835\udf11 \u2192 ( \u2203 x x \u2208 A \u2192 \u2203 x ( x \u2208 A \u2227 \ud835\udf13 ) ) )",
            "ground_truth_display": false,
            "statement_depth": 0,
            "_thrs_random_uniform": 0.94377,
            "_thrs_reconstruct": 2e-05,
            "_thrs_obviousness": 2e-05,
            "_thrs_weight": 0.0,
            "_thrs_complexity": 0.5,
            "_thrs_surprisingness": 0.57895,
            "_thrs_intensity": 0.1792,
            "_thrs_interestingness": 0.25163,
            "_thrs_logistic_regression": 0.85441,
            "_thrs_random_forest": 0.6
        },
        {
            "expression": "\u22a2 ( \ud835\udf11 \u2192 ( x \u2208 A \u2192 ( x \u2208 A \u2227 \ud835\udf13 ) ) )",
            "prop_expression": "( \ud835\udf11 \u2192 ( \ud835\udf13 \u2192 \ud835\udf12 ) ) \u22a2 ( \ud835\udf11 \u2192 ( \ud835\udf13 \u2192 ( \ud835\udf13 \u2227 \ud835\udf12 ) ) )",
            "step": 6,
            "theorem": "ancld",
            "ground_truth": "ancld \u22a2 ( \ud835\udf11 \u2192 ( x \u2208 A \u2192 ( x \u2208 A \u2227 \ud835\udf13 ) ) )",
            "ground_truth_display": false,
            "statement_depth": 0,
            "_thrs_random_uniform": 0.27397,
            "_thrs_reconstruct": 0.0,
            "_thrs_obviousness": 0.0,
            "_thrs_weight": 0.4,
            "_thrs_complexity": 0.5,
            "_thrs_surprisingness": 0.57895,
            "_thrs_intensity": 0.091,
            "_thrs_interestingness": 0.31399,
            "_thrs_logistic_regression": 0.84227,
            "_thrs_random_forest": 0.615
        },
        {
            "expression": "\u22a2 ( \ud835\udf11 \u2192 ( x \u2208 A \u2192 \ud835\udf13 ) )",
            "prop_expression": "( ( \ud835\udf11 \u2227 \ud835\udf13 ) \u2192 \ud835\udf12 ) \u22a2 ( \ud835\udf11 \u2192 ( \ud835\udf13 \u2192 \ud835\udf12 ) )",
            "step": 7,
            "theorem": "ex",
            "ground_truth": "ex \u22a2 ( \ud835\udf11 \u2192 ( x \u2208 A \u2192 \ud835\udf13 ) )",
            "ground_truth_display": false,
            "statement_depth": 0,
            "_thrs_random_uniform": 0.98366,
            "_thrs_reconstruct": 0.0,
            "_thrs_obviousness": 0.0,
            "_thrs_weight": 1.0,
            "_thrs_complexity": 0.5,
            "_thrs_surprisingness": 0.57895,
            "_thrs_intensity": 0.28,
            "_thrs_interestingness": 0.47179,
            "_thrs_logistic_regression": 0.96329,
            "_thrs_random_forest": 0.72
        },
        {
            "expression": "\u22a2 ( ( \ud835\udf11 \u2227 x \u2208 A ) \u2192 \ud835\udf13 )",
            "prop_expression": " \u22a2 ( ( \ud835\udf11 \u2227 x \u2208 A ) \u2192 \ud835\udf13 )",
            "step": 8,
            "theorem": "reximdva0.1",
            "ground_truth": "reximdva0.1 \u22a2 ( ( \ud835\udf11 \u2227 x \u2208 A ) \u2192 \ud835\udf13 )",
            "ground_truth_display": false,
            "statement_depth": 0,
            "_thrs_random_uniform": 0.42371,
            "_thrs_reconstruct": 0.0,
            "_thrs_obviousness": 0.0,
            "_thrs_weight": 1.0,
            "_thrs_complexity": 0.5,