{
    "theorem": "rexlimivv",
    "hyps": [
        [
            1,
            2
        ],
        [
            2,
            3
        ]
    ],
    "expression": "( \u2203 x \u2208 A \u2203 y \u2208 B \ud835\udf11 \u2192 \ud835\udf13 )",
    "steps": [
        {
            "number": 2388,
            "expression": "\u22a2 ( \u2203 x \u2208 A \u2203 y \u2208 B \ud835\udf11 \u2192 \ud835\udf13 )",
            "prop_expression": "( x \u2208 A \u2192 ( \ud835\udf11 \u2192 \ud835\udf13 ) ) \u22a2 ( \u2203 x \u2208 A \ud835\udf11 \u2192 \ud835\udf13 )",
            "step": 1,
            "theorem": "rexlimiv",
            "ground_truth": "rexlimiv \u22a2 ( \u2203 x \u2208 A \u2203 y \u2208 B \ud835\udf11 \u2192 \ud835\udf13 )",
            "ground_truth_display": false,
            "statement_depth": 0,
            "_thrs_random_uniform": 0.22153,
            "_thrs_reconstruct": 0.98752,
            "_thrs_obviousness": 1.0,
            "_thrs_weight": 0.5,
            "_thrs_complexity": 0.5,
            "_thrs_surprisingness": 0.5,
            "_thrs_intensity": 1.0,
            "_thrs_interestingness": 0.7,
            "_thrs_logistic_regression": 0.99877,
            "_thrs_random_forest": 0.91
        },
        {
            "number": 2388,
            "expression": "\u22a2 ( x \u2208 A \u2192 ( \u2203 y \u2208 B \ud835\udf11 \u2192 \ud835\udf13 ) )",
            "prop_expression": "( ( \ud835\udf11 \u2227 x \u2208 A ) \u2192 ( \ud835\udf13 \u2192 \ud835\udf12 ) ) \u22a2 ( \ud835\udf11 \u2192 ( \u2203 x \u2208 A \ud835\udf13 \u2192 \ud835\udf12 ) )",
            "step": 2,
            "theorem": "rexlimdva",
            "ground_truth": "rexlimdva \u22a2 ( x \u2208 A \u2192 ( \u2203 y \u2208 B \ud835\udf11 \u2192 \ud835\udf13 ) )",
            "ground_truth_display": false,
            "statement_depth": 0,
            "_thrs_random_uniform": 0.3483,
            "_thrs_reconstruct": 1.0,
            "_thrs_obviousness": 0.50314,
            "_thrs_weight": 0.5,
            "_thrs_complexity": 0.5,
            "_thrs_surprisingness": 0.5,
            "_thrs_intensity": 1.0,
            "_thrs_interestingness": 0.60063,
            "_thrs_logistic_regression": 0.99882,
            "_thrs_random_forest": 0.88
        },
        {
            "number": 2388,
            "expression": "\u22a2 ( ( x \u2208 A \u2227 y \u2208 B ) \u2192 ( \ud835\udf11 \u2192 \ud835\udf13 ) )",
            "prop_expression": " \u22a2 ( ( x \u2208 A \u2227 y \u2208 B ) \u2192 ( \ud835\udf11 \u2192 \ud835\udf13 ) )",
            "step": 3,
            "theorem": "rexlimivv.1",
            "ground_truth": "rexlimivv.1 \u22a2 ( ( x \u2208 A \u2227 y \u2208 B ) \u2192 ( \ud835\udf11 \u2192 \ud835\udf13 ) )",
            "ground_truth_display": false,
            "statement_depth": 0,
            "_thrs_random_uniform": 0.98354,
            "_thrs_reconstruct": 0.0,
            "_thrs_obviousness": 0.0,
            "_thrs_weight": 0.5,
            "_thrs_complexity": 0.5,
            "_thrs_surprisingness": 0.5,
            "_thrs_intensity": 0.0,
            "_thrs_interestingness": 0.3,
            "_thrs_logistic_regression": 0.80004,
            "_thrs_random_forest": 0.65
        }
    ],
    "is_train": false
}