{
    "theorem": "rexlimdv3a",
    "hyps": [
        [
            1,
            2
        ],
        [
            2,
            3
        ]
    ],
    "expression": "( \ud835\udf11 \u2192 ( \u2203 x \u2208 A \ud835\udf13 \u2192 \ud835\udf12 ) )",
    "steps": [
        {
            "number": 2386,
            "expression": "\u22a2 ( \ud835\udf11 \u2192 ( \u2203 x \u2208 A \ud835\udf13 \u2192 \ud835\udf12 ) )",
            "prop_expression": "( \ud835\udf11 \u2192 ( x \u2208 A \u2192 ( \ud835\udf13 \u2192 \ud835\udf12 ) ) ) \u22a2 ( \ud835\udf11 \u2192 ( \u2203 x \u2208 A \ud835\udf13 \u2192 \ud835\udf12 ) )",
            "step": 1,
            "theorem": "rexlimdv",
            "ground_truth": "rexlimdv \u22a2 ( \ud835\udf11 \u2192 ( \u2203 x \u2208 A \ud835\udf13 \u2192 \ud835\udf12 ) )",
            "ground_truth_display": false,
            "statement_depth": 0,
            "_thrs_random_uniform": 0.9461,
            "_thrs_reconstruct": 1.0,
            "_thrs_obviousness": 1.0,
            "_thrs_weight": 0.5,
            "_thrs_complexity": 0.5,
            "_thrs_surprisingness": 0.5,
            "_thrs_intensity": 0.5,
            "_thrs_interestingness": 0.6,
            "_thrs_logistic_regression": 0.98199,
            "_thrs_random_forest": 0.835
        },
        {
            "number": 2386,
            "expression": "\u22a2 ( \ud835\udf11 \u2192 ( x \u2208 A \u2192 ( \ud835\udf13 \u2192 \ud835\udf12 ) ) )",
            "prop_expression": "( ( \ud835\udf11 \u2227 \ud835\udf13 \u2227 \ud835\udf12 ) \u2192 \ud835\udf03 ) \u22a2 ( \ud835\udf11 \u2192 ( \ud835\udf13 \u2192 ( \ud835\udf12 \u2192 \ud835\udf03 ) ) )",
            "step": 2,
            "theorem": "3exp",
            "ground_truth": "3exp \u22a2 ( \ud835\udf11 \u2192 ( x \u2208 A \u2192 ( \ud835\udf13 \u2192 \ud835\udf12 ) ) )",
            "ground_truth_display": false,
            "statement_depth": 0,
            "_thrs_random_uniform": 0.12724,
            "_thrs_reconstruct": 0.03758,
            "_thrs_obviousness": 0.03622,
            "_thrs_weight": 0.5,
            "_thrs_complexity": 0.5,
            "_thrs_surprisingness": 0.5,
            "_thrs_intensity": 0.5,
            "_thrs_interestingness": 0.40724,
            "_thrs_logistic_regression": 0.98339,
            "_thrs_random_forest": 0.87
        },
        {
            "number": 2386,
            "expression": "\u22a2 ( ( \ud835\udf11 \u2227 x \u2208 A \u2227 \ud835\udf13 ) \u2192 \ud835\udf12 )",
            "prop_expression": " \u22a2 ( ( \ud835\udf11 \u2227 x \u2208 A \u2227 \ud835\udf13 ) \u2192 \ud835\udf12 )",
            "step": 3,
            "theorem": "rexlimdv3a.1",
            "ground_truth": "rexlimdv3a.1 \u22a2 ( ( \ud835\udf11 \u2227 x \u2208 A \u2227 \ud835\udf13 ) \u2192 \ud835\udf12 )",
            "ground_truth_display": false,
            "statement_depth": 0,
            "_thrs_random_uniform": 0.3528,
            "_thrs_reconstruct": 0.0,
            "_thrs_obviousness": 0.0,
            "_thrs_weight": 0.5,
            "_thrs_complexity": 0.5,
            "_thrs_surprisingness": 0.5,
            "_thrs_intensity": 0.5,
            "_thrs_interestingness": 0.4,
            "_thrs_logistic_regression": 0.98344,
            "_thrs_random_forest": 0.905
        }
    ],
    "is_train": false
}