{
    "theorem": "rexlimi",
    "hyps": [
        [
            1,
            2
        ],
        [
            1,
            4
        ],
        [
            2,
            3
        ],
        [
            4,
            5
        ]
    ],
    "expression": "( \u2203 x \u2208 A \ud835\udf11 \u2192 \ud835\udf13 )",
    "steps": [
        {
            "expression": "\u22a2 ( \u2203 x \u2208 A \ud835\udf11 \u2192 \ud835\udf13 )",
            "prop_expression": "\ud835\udf11, ( \ud835\udf11 \u2194 \ud835\udf13 ) \u22a2 \ud835\udf13",
            "step": 1,
            "theorem": "mpbi",
            "ground_truth": "mpbi \u22a2 ( \u2203 x \u2208 A \ud835\udf11 \u2192 \ud835\udf13 )",
            "ground_truth_display": false,
            "statement_depth": 0,
            "_thrs_random_uniform": 0.18730791327123386,
            "_thrs_reconstruct": 0.0011335264526548968,
            "_thrs_obviousness": 1.0,
            "_thrs_weight": 0.7142857142857143,
            "_thrs_complexity": 0.0,
            "_thrs_surprisingness": 1.0,
            "_thrs_intensity": 1.0,
            "_thrs_interestingness": 0.7428571428571429,
            "_thrs_logistic_regression": 0.999843822540039,
            "_thrs_random_forest": 0.95
        },
        {
            "expression": "\u22a2 \u2200 x \u2208 A ( \ud835\udf11 \u2192 \ud835\udf13 )",
            "prop_expression": "( x \u2208 A \u2192 \ud835\udf11 ) \u22a2 \u2200 x \u2208 A \ud835\udf11",
            "step": 2,
            "theorem": "rgen",
            "ground_truth": "rgen \u22a2 \u2200 x \u2208 A ( \ud835\udf11 \u2192 \ud835\udf13 )",
            "ground_truth_display": false,
            "statement_depth": 0,
            "_thrs_random_uniform": 0.04290968240224469,
            "_thrs_reconstruct": 0.012268756899323588,
            "_thrs_obviousness": 0.012109980407638096,
            "_thrs_weight": 0.7142857142857143,
            "_thrs_complexity": 0.0,
            "_thrs_surprisingness": 1.0,
            "_thrs_intensity": 0.14285714285714288,
            "_thrs_interestingness": 0.37385056751009904,
            "_thrs_logistic_regression": 0.9855721203807097,
            "_thrs_random_forest": 0.975
        },
        {
            "expression": "\u22a2 ( x \u2208 A \u2192 ( \ud835\udf11 \u2192 \ud835\udf13 ) )",
            "prop_expression": " \u22a2 ( x \u2208 A \u2192 ( \ud835\udf11 \u2192 \ud835\udf13 ) )",
            "step": 3,
            "theorem": "rexlimi.2",
            "ground_truth": "rexlimi.2 \u22a2 ( x \u2208 A \u2192 ( \ud835\udf11 \u2192 \ud835\udf13 ) )",
            "ground_truth_display": false,
            "statement_depth": 0,
            "_thrs_random_uniform": 0.45905822840601074,
            "_thrs_reconstruct": 0.0,
            "_thrs_obviousness": 0.0,
            "_thrs_weight": 0.7142857142857143,
            "_thrs_complexity": 0.0,
            "_thrs_surprisingness": 1.0,
            "_thrs_intensity": 0.14285714285714288,
            "_thrs_interestingness": 0.37142857142857144,
            "_thrs_logistic_regression": 0.9855868527672721,
            "_thrs_random_forest": 0.99
        },
        {
            "expression": "\u22a2 ( \u2200 x \u2208 A ( \ud835\udf11 \u2192 \ud835\udf13 ) \u2194 ( \u2203 x \u2208 A \ud835\udf11 \u2192 \ud835\udf13 ) )",
            "prop_expression": "( \ud835\udf13 \u2192 \u2200 x \ud835\udf13 ) \u22a2 ( \u2200 x \u2208 A ( \ud835\udf11 \u2192 \ud835\udf13 ) \u2194 ( \u2203 x \u2208 A \ud835\udf11 \u2192 \ud835\udf13 ) )",
            "step": 4,
            "theorem": "r19.23",
            "ground_truth": "r19.23 \u22a2 ( \u2200 x \u2208 A ( \ud835\udf11 \u2192 \ud835\udf13 ) \u2194 ( \u2203 x \u2208 A \ud835\udf11 \u2192 \ud835\udf13 ) )",
            "ground_truth_display": false,
            "statement_depth": 0,
            "_thrs_random_uniform": 0.7928413693944003,
            "_thrs_reconstruct": 1.0,
            "_thrs_obviousness": 0.9867641898412142,
            "_thrs_weight": 0.0,
            "_thrs_complexity": 0.0,
            "_thrs_surprisingness": 1.0,
            "_thrs_intensity": 0.035714285714285726,
            "_thrs_interestingness": 0.40449569511109995,
            "_thrs_logistic_regression": 0.9469133570180059,
            "_thrs_random_forest": 0.935
        },
        {
            "expression": "\u22a2 ( \ud835\udf13 \u2192 \u2200 x \ud835\udf13 )",
            "prop_expression": " \u22a2 ( \ud835\udf13 \u2192 \u2200 x \ud835\udf13 )",
            "step": 5,
            "theorem": "rexlimi.1",
            "ground_truth": "rexlimi.1 \u22a2 ( \ud835\udf13 \u2192 \u2200 x \ud835\udf13 )",
            "ground_truth_display": false,
            "statement_depth": 0,
            "_thrs_random_uniform": 0.8716439325942674,
            "_thrs_reconstruct": 0.0,
            "_thrs_obviousness": 0.0,
            "_thrs_weight": 1.0,
            "_thrs_complexity": 1.0,
            "_thrs_surprisingness": 0.0,
            "_thrs_intensity": 0.0,
            "_thrs_interestingness": 0.4,
            "_thrs_logistic_regression": 0.5,
            "_thrs_random_forest": 0.67
        }
    ]
}