{
    "theorem": "rexralbidv",
    "hyps": [
        [
            1,
            2
        ],
        [
            2,
            3
        ]
    ],
    "expression": "( \ud835\udf11 \u2192 ( \u2203 x \u2208 A \u2200 y \u2208 B \ud835\udf13 \u2194 \u2203 x \u2208 A \u2200 y \u2208 B \ud835\udf12 ) )",
    "steps": [
        {
            "number": 2307,
            "expression": "\u22a2 ( \ud835\udf11 \u2192 ( \u2203 x \u2208 A \u2200 y \u2208 B \ud835\udf13 \u2194 \u2203 x \u2208 A \u2200 y \u2208 B \ud835\udf12 ) )",
            "prop_expression": "( \ud835\udf11 \u2192 ( \ud835\udf13 \u2194 \ud835\udf12 ) ) \u22a2 ( \ud835\udf11 \u2192 ( \u2203 x \u2208 A \ud835\udf13 \u2194 \u2203 x \u2208 A \ud835\udf12 ) )",
            "step": 1,
            "theorem": "rexbidv",
            "ground_truth": "rexbidv \u22a2 ( \ud835\udf11 \u2192 ( \u2203 x \u2208 A \u2200 y \u2208 B \ud835\udf13 \u2194 \u2203 x \u2208 A \u2200 y \u2208 B \ud835\udf12 ) )",
            "ground_truth_display": false,
            "statement_depth": 0,
            "_thrs_random_uniform": 0.90383,
            "_thrs_reconstruct": 1.0,
            "_thrs_obviousness": 1.0,
            "_thrs_weight": 0.0,
            "_thrs_complexity": 0.0,
            "_thrs_surprisingness": 0.5,
            "_thrs_intensity": 0.4,
            "_thrs_interestingness": 0.38,
            "_thrs_logistic_regression": 0.99602,
            "_thrs_random_forest": 0.79
        },
        {
            "number": 2307,
            "expression": "\u22a2 ( \ud835\udf11 \u2192 ( \u2200 y \u2208 B \ud835\udf13 \u2194 \u2200 y \u2208 B \ud835\udf12 ) )",
            "prop_expression": "( \ud835\udf11 \u2192 ( \ud835\udf13 \u2194 \ud835\udf12 ) ) \u22a2 ( \ud835\udf11 \u2192 ( \u2200 x \u2208 A \ud835\udf13 \u2194 \u2200 x \u2208 A \ud835\udf12 ) )",
            "step": 2,
            "theorem": "ralbidv",
            "ground_truth": "ralbidv \u22a2 ( \ud835\udf11 \u2192 ( \u2200 y \u2208 B \ud835\udf13 \u2194 \u2200 y \u2208 B \ud835\udf12 ) )",
            "ground_truth_display": false,
            "statement_depth": 0,
            "_thrs_random_uniform": 0.93615,
            "_thrs_reconstruct": 0.09286,
            "_thrs_obviousness": 0.08497,
            "_thrs_weight": 0.5,
            "_thrs_complexity": 0.4,
            "_thrs_surprisingness": 0.5,
            "_thrs_intensity": 0.0,
            "_thrs_interestingness": 0.29699,
            "_thrs_logistic_regression": 0.86846,
            "_thrs_random_forest": 0.89
        },
        {
            "number": 2307,
            "expression": "\u22a2 ( \ud835\udf11 \u2192 ( \ud835\udf13 \u2194 \ud835\udf12 ) )",
            "prop_expression": " \u22a2 ( \ud835\udf11 \u2192 ( \ud835\udf13 \u2194 \ud835\udf12 ) )",
            "step": 3,
            "theorem": "2ralbidv.1",
            "ground_truth": "2ralbidv.1 \u22a2 ( \ud835\udf11 \u2192 ( \ud835\udf13 \u2194 \ud835\udf12 ) )",
            "ground_truth_display": false,
            "statement_depth": 0,
            "_thrs_random_uniform": 0.20895,
            "_thrs_reconstruct": 0.0,
            "_thrs_obviousness": 0.0,
            "_thrs_weight": 1.0,
            "_thrs_complexity": 1.0,
            "_thrs_surprisingness": 0.5,
            "_thrs_intensity": 1.0,
            "_thrs_interestingness": 0.7,
            "_thrs_logistic_regression": 0.99115,
            "_thrs_random_forest": 0.92167
        }
    ],
    "is_train": false
}