{
    "theorem": "rexss",
    "hyps": [
        [
            1,
            2
        ],
        [
            2,
            3
        ],
        [
            2,
            6
        ],
        [
            3,
            4
        ],
        [
            4,
            5
        ]
    ],
    "expression": "( A \u2286 B \u2192 ( \u2203 x \u2208 A \ud835\udf11 \u2194 \u2203 x \u2208 B ( x \u2208 A \u2227 \ud835\udf11 ) ) )",
    "steps": [
        {
            "expression": "\u22a2 ( A \u2286 B \u2192 ( \u2203 x \u2208 A \ud835\udf11 \u2194 \u2203 x \u2208 B ( x \u2208 A \u2227 \ud835\udf11 ) ) )",
            "prop_expression": "( \ud835\udf11 \u2192 ( ( x \u2208 A \u2227 \ud835\udf13 ) \u2194 ( x \u2208 B \u2227 \ud835\udf12 ) ) ) \u22a2 ( \ud835\udf11 \u2192 ( \u2203 x \u2208 A \ud835\udf13 \u2194 \u2203 x \u2208 B \ud835\udf12 ) )",
            "step": 1,
            "theorem": "rexbidv2",
            "ground_truth": "rexbidv2 \u22a2 ( A \u2286 B \u2192 ( \u2203 x \u2208 A \ud835\udf11 \u2194 \u2203 x \u2208 B ( x \u2208 A \u2227 \ud835\udf11 ) ) )",
            "ground_truth_display": false,
            "statement_depth": 0,
            "_thrs_random_uniform": 0.38923,
            "_thrs_reconstruct": 0.04272,
            "_thrs_obviousness": 1.0,
            "_thrs_weight": 0.0,
            "_thrs_complexity": 0.0,
            "_thrs_surprisingness": 1.0,
            "_thrs_intensity": 0.3913,
            "_thrs_interestingness": 0.47826,
            "_thrs_logistic_regression": 0.99183,
            "_thrs_random_forest": 0.97
        },
        {
            "expression": "\u22a2 ( A \u2286 B \u2192 ( ( x \u2208 A \u2227 \ud835\udf11 ) \u2194 ( x \u2208 B \u2227 ( x \u2208 A \u2227 \ud835\udf11 ) ) ) )",
            "prop_expression": "( \ud835\udf11 \u2192 ( \ud835\udf13 \u2194 \ud835\udf12 ) ), ( \ud835\udf12 \u2194 \ud835\udf03 ) \u22a2 ( \ud835\udf11 \u2192 ( \ud835\udf13 \u2194 \ud835\udf03 ) )",
            "step": 2,
            "theorem": "syl6bb",
            "ground_truth": "syl6bb \u22a2 ( A \u2286 B \u2192 ( ( x \u2208 A \u2227 \ud835\udf11 ) \u2194 ( x \u2208 B \u2227 ( x \u2208 A \u2227 \ud835\udf11 ) ) ) )",
            "ground_truth_display": false,
            "statement_depth": 0,
            "_thrs_random_uniform": 0.81471,
            "_thrs_reconstruct": 0.00133,
            "_thrs_obviousness": 0.95985,
            "_thrs_weight": 0.0,
            "_thrs_complexity": 0.0,
            "_thrs_surprisingness": 1.0,
            "_thrs_intensity": 1.0,
            "_thrs_interestingness": 0.59197,
            "_thrs_logistic_regression": 0.99969,
            "_thrs_random_forest": 0.89
        },
        {
            "expression": "\u22a2 ( A \u2286 B \u2192 ( ( x \u2208 A \u2227 \ud835\udf11 ) \u2194 ( ( x \u2208 B \u2227 x \u2208 A ) \u2227 \ud835\udf11 ) ) )",
            "prop_expression": "( \ud835\udf11 \u2192 ( \ud835\udf13 \u2194 \ud835\udf12 ) ) \u22a2 ( \ud835\udf11 \u2192 ( ( \ud835\udf13 \u2227 \ud835\udf03 ) \u2194 ( \ud835\udf12 \u2227 \ud835\udf03 ) ) )",
            "step": 3,
            "theorem": "anbi1d",
            "ground_truth": "anbi1d \u22a2 ( A \u2286 B \u2192 ( ( x \u2208 A \u2227 \ud835\udf11 ) \u2194 ( ( x \u2208 B \u2227 x \u2208 A ) \u2227 \ud835\udf11 ) ) )",
            "ground_truth_display": false,
            "statement_depth": 0,
            "_thrs_random_uniform": 0.34008,
            "_thrs_reconstruct": 0.04068,
            "_thrs_obviousness": 0.9558,
            "_thrs_weight": 0.0,
            "_thrs_complexity": 0.0,
            "_thrs_surprisingness": 1.0,
            "_thrs_intensity": 0.4087,
            "_thrs_interestingness": 0.4729,
            "_thrs_logistic_regression": 0.99258,
            "_thrs_random_forest": 0.775
        },
        {
            "expression": "\u22a2 ( A \u2286 B \u2192 ( x \u2208 A \u2194 ( x \u2208 B \u2227 x \u2208 A ) ) )",
            "prop_expression": "( \ud835\udf11 \u2192 ( \ud835\udf13 \u2192 \ud835\udf12 ) ) \u22a2 ( \ud835\udf11 \u2192 ( \ud835\udf13 \u2194 ( \ud835\udf12 \u2227 \ud835\udf13 ) ) )",
            "step": 4,
            "theorem": "pm4.71rd",
            "ground_truth": "pm4.71rd \u22a2 ( A \u2286 B \u2192 ( x \u2208 A \u2194 ( x \u2208 B \u2227 x \u2208 A ) ) )",
            "ground_truth_display": false,
            "statement_depth": 0,
            "_thrs_random_uniform": 0.94263,
            "_thrs_reconstruct": 0.01043,
            "_thrs_obviousness": 0.91749,
            "_thrs_weight": 0.4,
            "_thrs_complexity": 1.0,
            "_thrs_surprisingness": 0.0,
            "_thrs_intensity": 0.23913,
            "_thrs_interestingness": 0.51132,
            "_thrs_logistic_regression": 0.65464,
            "_thrs_random_forest": 0.785
        },
        {
            "expression": "\u22a2 ( A \u2286 B \u2192 ( x \u2208 A \u2192 x \u2208 B ) )",
            "prop_expression": " \u22a2 ( A \u2286 B \u2192 ( C \u2208 A \u2192 C \u2208 B ) )",
            "step": 5,
            "theorem": "ssel",
            "ground_truth": "ssel \u22a2 ( A \u2286 B \u2192 ( x \u2208 A \u2192 x \u2208 B ) )",
            "ground_truth_display": false,
            "statement_depth": 0,
            "_thrs_random_uniform": 0.60897,
            "_thrs_reconstruct": 1.0,
            "_thrs_obviousness": 0.90661,
            "_thrs_weight": 1.0,
            "_thrs_complexity": 1.0,
            "_thrs_surprisingness": 0.0,
            "_thrs_intensity": 0.12077,
            "_thrs_interestingness": 0.60548,
            "_thrs_logistic_regression": 0.6397,
            "_thrs_random_forest": 0.79
        },
        {
            "expression": "\u22a2 ( ( ( x \u2208 B \u2227 x \u2208 A ) \u2227 \ud835\udf11 ) \u2194 ( x \u2208 B \u2227 ( x \u2208 A \u2227 \ud835\udf11 ) ) )",
            "prop_expression": " \u22a2 ( ( ( \ud835\udf11 \u2227 \ud835\udf13 ) \u2227 \ud835\udf12 ) \u2194 ( \ud835\udf11 \u2227 ( \ud835\udf13 \u2227 \ud835\udf12 ) ) )",
            "step": 6,
            "theorem": "anass",
            "ground_truth": "anass \u22a2 ( ( ( x \u2208 B \u2227 x \u2208 A ) \u2227 \ud835\udf11 ) \u2194 ( x \u2208 B \u2227 ( x \u2208 A \u2227 \ud835\udf11 ) ) )",
            "ground_truth_display": false,
            "statement_depth": 0,
            "_thrs_random_uniform": 0.88082,
            "_thrs_reconstruct": 0.0,
            "_thrs_obviousness": 0.0,
            "_thrs_weight": 0.0,
            "_thrs_complexity": 1.0,
            "_thrs_surprisingness": 0.0,
            "_thrs_intensity": 0.0,
            "_thrs_interestingness": 0.2,
            "_thrs_logistic_regression": 0.27813,
            "_thrs_random_forest": 0.48
        }
    ]
}