{
    "theorem": "rexxfrd",
    "hyps": [
        [
            1,
            2
        ],
        [
            1,
            8
        ],
        [
            1,
            9
        ],
        [
            2,
            3
        ],
        [
            3,
            4
        ],
        [
            3,
            5
        ],
        [
            3,
            6
        ],
        [
            6,
            7
        ]
    ],
    "expression": "( \ud835\udf11 \u2192 ( \u2203 x \u2208 B \ud835\udf13 \u2194 \u2203 y \u2208 C \ud835\udf12 ) )",
    "steps": [
        {
            "expression": "\u22a2 ( \ud835\udf11 \u2192 ( \u2203 x \u2208 B \ud835\udf13 \u2194 \u2203 y \u2208 C \ud835\udf12 ) )",
            "prop_expression": "( \ud835\udf11 \u2192 ( \ud835\udf13 \u2194 \ud835\udf12 ) ), ( \ud835\udf03 \u2194 \ud835\udf13 ), ( \ud835\udf0f \u2194 \ud835\udf12 ) \u22a2 ( \ud835\udf11 \u2192 ( \ud835\udf03 \u2194 \ud835\udf0f ) )",
            "step": 1,
            "theorem": "3bitr4g",
            "ground_truth": "3bitr4g \u22a2 ( \ud835\udf11 \u2192 ( \u2203 x \u2208 B \ud835\udf13 \u2194 \u2203 y \u2208 C \ud835\udf12 ) )",
            "ground_truth_display": false,
            "statement_depth": 0,
            "_thrs_random_uniform": 0.98738,
            "_thrs_reconstruct": 3e-05,
            "_thrs_obviousness": 1.0,
            "_thrs_weight": 0.0,
            "_thrs_complexity": 0.0,
            "_thrs_surprisingness": 1.0,
            "_thrs_intensity": 1.0,
            "_thrs_interestingness": 0.6,
            "_thrs_logistic_regression": 0.99969,
            "_thrs_random_forest": 0.895
        },
        {
            "expression": "\u22a2 ( \ud835\udf11 \u2192 ( \u00ac \u2200 x \u2208 B \u00ac \ud835\udf13 \u2194 \u00ac \u2200 y \u2208 C \u00ac \ud835\udf12 ) )",
            "prop_expression": "( \ud835\udf11 \u2192 ( \ud835\udf13 \u2194 \ud835\udf12 ) ) \u22a2 ( \ud835\udf11 \u2192 ( \u00ac \ud835\udf13 \u2194 \u00ac \ud835\udf12 ) )",
            "step": 2,
            "theorem": "notbid",
            "ground_truth": "notbid \u22a2 ( \ud835\udf11 \u2192 ( \u00ac \u2200 x \u2208 B \u00ac \ud835\udf13 \u2194 \u00ac \u2200 y \u2208 C \u00ac \ud835\udf12 ) )",
            "ground_truth_display": false,
            "statement_depth": 0,
            "_thrs_random_uniform": 0.06386,
            "_thrs_reconstruct": 3e-05,
            "_thrs_obviousness": 0.99963,
            "_thrs_weight": 0.0,
            "_thrs_complexity": 0.0,
            "_thrs_surprisingness": 1.0,
            "_thrs_intensity": 0.21951,
            "_thrs_interestingness": 0.44383,
            "_thrs_logistic_regression": 0.97961,
            "_thrs_random_forest": 0.885
        },
        {
            "expression": "\u22a2 ( \ud835\udf11 \u2192 ( \u2200 x \u2208 B \u00ac \ud835\udf13 \u2194 \u2200 y \u2208 C \u00ac \ud835\udf12 ) )",
            "prop_expression": "( ( \ud835\udf11 \u2227 y \u2208 C ) \u2192 A \u2208 B ), ( ( \ud835\udf11 \u2227 x \u2208 B ) \u2192 \u2203 y \u2208 C x = A ), ( ( \ud835\udf11 \u2227 x = A ) \u2192 ( \ud835\udf13 \u2194 \ud835\udf12 ) ) \u22a2 ( \ud835\udf11 \u2192 ( \u2200 x \u2208 B \ud835\udf13 \u2194 \u2200 y \u2208 C \ud835\udf12 ) )",
            "step": 3,
            "theorem": "ralxfrd",
            "ground_truth": "ralxfrd \u22a2 ( \ud835\udf11 \u2192 ( \u2200 x \u2208 B \u00ac \ud835\udf13 \u2194 \u2200 y \u2208 C \u00ac \ud835\udf12 ) )",
            "ground_truth_display": false,
            "statement_depth": 0,
            "_thrs_random_uniform": 0.92562,
            "_thrs_reconstruct": 1.0,
            "_thrs_obviousness": 0.99959,
            "_thrs_weight": 0.0,
            "_thrs_complexity": 0.0,
            "_thrs_surprisingness": 1.0,
            "_thrs_intensity": 0.69106,
            "_thrs_interestingness": 0.53813,
            "_thrs_logistic_regression": 0.99837,
            "_thrs_random_forest": 0.855
        },
        {
            "expression": "\u22a2 ( ( \ud835\udf11 \u2227 y \u2208 C ) \u2192 A \u2208 B )",
            "prop_expression": " \u22a2 ( ( \ud835\udf11 \u2227 y \u2208 C ) \u2192 A \u2208 B )",
            "step": 4,
            "theorem": "ralxfrd.1",
            "ground_truth": "ralxfrd.1 \u22a2 ( ( \ud835\udf11 \u2227 y \u2208 C ) \u2192 A \u2208 B )",
            "ground_truth_display": false,
            "statement_depth": 0,
            "_thrs_random_uniform": 0.24177,
            "_thrs_reconstruct": 0.0,
            "_thrs_obviousness": 0.0,
            "_thrs_weight": 0.5,
            "_thrs_complexity": 0.5,
            "_thrs_surprisingness": 0.3956,
            "_thrs_intensity": 0.15679,
            "_thrs_interestingness": 0.31048,
            "_thrs_logistic_regression": 0.91482,
            "_thrs_random_forest": 0.845
        },
        {
            "expression": "\u22a2 ( ( \ud835\udf11 \u2227 x \u2208 B ) \u2192 \u2203 y \u2208 C x = A )",
            "prop_expression": " \u22a2 ( ( \ud835\udf11 \u2227 x \u2208 B ) \u2192 \u2203 y \u2208 C x = A )",
            "step": 5,
            "theorem": "ralxfrd.2",
            "ground_truth": "ralxfrd.2 \u22a2 ( ( \ud835\udf11 \u2227 x \u2208 B ) \u2192 \u2203 y \u2208 C x = A )",
            "ground_truth_display": false,
            "statement_depth": 0,
            "_thrs_random_uniform": 0.73778,
            "_thrs_reconstruct": 0.0,
            "_thrs_obviousness": 0.0,
            "_thrs_weight": 0.0,
            "_thrs_complexity": 0.25,
            "_thrs_surprisingness": 0.3956,
            "_thrs_intensity": 0.12195,
            "_thrs_interestingness": 0.15351,
            "_thrs_logistic_regression": 0.95163,
            "_thrs_random_forest": 0.77
        },
        {
            "expression": "\u22a2 ( ( \ud835\udf11 \u2227 x = A ) \u2192 ( \u00ac \ud835\udf13 \u2194 \u00ac \ud835\udf12 ) )",
            "prop_expression": "( \ud835\udf11 \u2192 ( \ud835\udf13 \u2194 \ud835\udf12 ) ) \u22a2 ( \ud835\udf11 \u2192 ( \u00ac \ud835\udf13 \u2194 \u00ac \ud835\udf12 ) )",
            "step": 6,
            "theorem": "notbid",
            "ground_truth": "notbid \u22a2 ( ( \ud835\udf11 \u2227 x = A ) \u2192 ( \u00ac \ud835\udf13 \u2194 \u00ac \ud835\udf12 ) )",
            "ground_truth_display": false,
            "statement_depth": 0,
            "_thrs_random_uniform": 0.90123,
            "_thrs_reconstruct": 3e-05,
            "_thrs_obviousness": 3e-05,
            "_thrs_weight": 1.0,
            "_thrs_complexity": 0.75,
            "_thrs_surprisingness": 0.30769,
            "_thrs_intensity": 0.21951,
            "_thrs_interestingness": 0.45545,
            "_thrs_logistic_regression": 0.88473,
            "_thrs_random_forest": 0.76
        },
        {
            "expression": "\u22a2 ( ( \ud835\udf11 \u2227 x = A ) \u2192 ( \ud835\udf13 \u2194 \ud835\udf12 ) )",
            "prop_expression": " \u22a2 ( ( \ud835\udf11 \u2227 x = A ) \u2192 ( \ud835\udf13 \u2194 \ud835\udf12 ) )",
            "step": 7,
            "theorem": "ralxfrd.3",
            "ground_truth": "ralxfrd.3 \u22a2 ( ( \ud835\udf11 \u2227 x = A ) \u2192 ( \ud835\udf13 \u2194 \ud835\udf12 ) )",
            "ground_truth_display": false,
            "statement_depth": 0,
            "_thrs_random_uniform": 0.24543,
            "_thrs_reconstruct": 0.0,
            "_thrs_obviousness": 0.0,
            "_thrs_weight": 1.0,
            "_thrs_complexity": 0.75,
            "_thrs_surprisingness": 0.30769,
            "_thrs_intensity": 0.21951,
            "_thrs_interestingness": 0.45544,
            "_thrs_logistic_regression": 0.88473,
            "_thrs_random_forest": 1.0
        },
        {
            "expression": "\u22a2 ( \u2203 x \u2208 B \ud835\udf13 \u2194 \u00ac \u2200 x \u2208 B \u00ac \ud835\udf13 )",
            "prop_expression": " \u22a2 ( \u2203 x \u2208 A \ud835\udf11 \u2194 \u00ac \u2200 x \u2208 A \u00ac \ud835\udf11 )",
            "step": 8,
            "theorem": "dfrex2",