{
    "theorem": "rgen3",
    "hyps": [
        [
            1,
            2
        ],
        [
            2,
            3
        ],
        [
            3,
            4
        ]
    ],
    "expression": "\u2200 x \u2208 A \u2200 y \u2208 B \u2200 z \u2208 C \ud835\udf11",
    "steps": [
        {
            "expression": "\u22a2 \u2200 x \u2208 A \u2200 y \u2208 B \u2200 z \u2208 C \ud835\udf11",
            "prop_expression": "( ( x \u2208 A \u2227 y \u2208 B ) \u2192 \ud835\udf11 ) \u22a2 \u2200 x \u2208 A \u2200 y \u2208 B \ud835\udf11",
            "step": 1,
            "theorem": "rgen2",
            "ground_truth": "rgen2 \u22a2 \u2200 x \u2208 A \u2200 y \u2208 B \u2200 z \u2208 C \ud835\udf11",
            "ground_truth_display": false,
            "statement_depth": 0,
            "_thrs_random_uniform": 0.04969,
            "_thrs_reconstruct": 0.86714,
            "_thrs_obviousness": 1.0,
            "_thrs_weight": 0.5,
            "_thrs_complexity": 0.5,
            "_thrs_surprisingness": 0.5,
            "_thrs_intensity": 1.0,
            "_thrs_interestingness": 0.7,
            "_thrs_logistic_regression": 0.99877,
            "_thrs_random_forest": 0.98
        },
        {
            "expression": "\u22a2 ( ( x \u2208 A \u2227 y \u2208 B ) \u2192 \u2200 z \u2208 C \ud835\udf11 )",
            "prop_expression": "( ( \ud835\udf11 \u2227 x \u2208 A ) \u2192 \ud835\udf13 ) \u22a2 ( \ud835\udf11 \u2192 \u2200 x \u2208 A \ud835\udf13 )",
            "step": 2,
            "theorem": "ralrimiva",
            "ground_truth": "ralrimiva \u22a2 ( ( x \u2208 A \u2227 y \u2208 B ) \u2192 \u2200 z \u2208 C \ud835\udf11 )",
            "ground_truth_display": false,
            "statement_depth": 0,
            "_thrs_random_uniform": 0.34744,
            "_thrs_reconstruct": 0.58205,
            "_thrs_obviousness": 0.64595,
            "_thrs_weight": 0.5,
            "_thrs_complexity": 0.5,
            "_thrs_surprisingness": 0.5,
            "_thrs_intensity": 1.0,
            "_thrs_interestingness": 0.62919,
            "_thrs_logistic_regression": 0.9988,
            "_thrs_random_forest": 0.975
        },
        {
            "expression": "\u22a2 ( ( ( x \u2208 A \u2227 y \u2208 B ) \u2227 z \u2208 C ) \u2192 \ud835\udf11 )",
            "prop_expression": "( ( \ud835\udf11 \u2227 \ud835\udf13 \u2227 \ud835\udf12 ) \u2192 \ud835\udf03 ) \u22a2 ( ( ( \ud835\udf11 \u2227 \ud835\udf13 ) \u2227 \ud835\udf12 ) \u2192 \ud835\udf03 )",
            "step": 3,
            "theorem": "3expa",
            "ground_truth": "3expa \u22a2 ( ( ( x \u2208 A \u2227 y \u2208 B ) \u2227 z \u2208 C ) \u2192 \ud835\udf11 )",
            "ground_truth_display": false,
            "statement_depth": 0,
            "_thrs_random_uniform": 0.74634,
            "_thrs_reconstruct": 1.0,
            "_thrs_obviousness": 0.40829,
            "_thrs_weight": 0.5,
            "_thrs_complexity": 0.5,
            "_thrs_surprisingness": 0.5,
            "_thrs_intensity": 1.0,
            "_thrs_interestingness": 0.58166,
            "_thrs_logistic_regression": 0.99883,
            "_thrs_random_forest": 0.57
        },
        {
            "expression": "\u22a2 ( ( x \u2208 A \u2227 y \u2208 B \u2227 z \u2208 C ) \u2192 \ud835\udf11 )",
            "prop_expression": " \u22a2 ( ( x \u2208 A \u2227 y \u2208 B \u2227 z \u2208 C ) \u2192 \ud835\udf11 )",
            "step": 4,
            "theorem": "rgen3.1",
            "ground_truth": "rgen3.1 \u22a2 ( ( x \u2208 A \u2227 y \u2208 B \u2227 z \u2208 C ) \u2192 \ud835\udf11 )",
            "ground_truth_display": false,
            "statement_depth": 0,
            "_thrs_random_uniform": 0.56722,
            "_thrs_reconstruct": 0.0,
            "_thrs_obviousness": 0.0,
            "_thrs_weight": 0.5,
            "_thrs_complexity": 0.5,
            "_thrs_surprisingness": 0.5,
            "_thrs_intensity": 0.0,
            "_thrs_interestingness": 0.3,
            "_thrs_logistic_regression": 0.80004,
            "_thrs_random_forest": 0.72
        }
    ]
}