{
    "theorem": "riinn0",
    "hyps": [
        [
            1,
            2
        ],
        [
            1,
            3
        ],
        [
            3,
            4
        ],
        [
            3,
            8
        ],
        [
            4,
            5
        ],
        [
            4,
            7
        ],
        [
            5,
            6
        ]
    ],
    "expression": "( ( \u2200 x \u2208 X S \u2286 A \u2227 X \u2260 \u2205 ) \u2192 ( A \u2229 \u2229_ x \u2208 X S ) = \u2229_ x \u2208 X S )",
    "steps": [
        {
            "expression": "\u22a2 ( ( \u2200 x \u2208 X S \u2286 A \u2227 X \u2260 \u2205 ) \u2192 ( A \u2229 \u2229_ x \u2208 X S ) = \u2229_ x \u2208 X S )",
            "prop_expression": "A = B, ( \ud835\udf11 \u2192 B = C ) \u22a2 ( \ud835\udf11 \u2192 A = C )",
            "step": 1,
            "theorem": "syl5eq",
            "ground_truth": "syl5eq \u22a2 ( ( \u2200 x \u2208 X S \u2286 A \u2227 X \u2260 \u2205 ) \u2192 ( A \u2229 \u2229_ x \u2208 X S ) = \u2229_ x \u2208 X S )",
            "ground_truth_display": false,
            "statement_depth": 0,
            "_thrs_random_uniform": 0.7458827224321424,
            "_thrs_reconstruct": 4.0034319637697844e-05,
            "_thrs_obviousness": 1.0,
            "_thrs_weight": 0.0,
            "_thrs_complexity": 0.0,
            "_thrs_surprisingness": 1.0,
            "_thrs_intensity": 0.9274809160305343,
            "_thrs_interestingness": 0.5854961832061069,
            "_thrs_logistic_regression": 0.9995436662038693,
            "_thrs_random_forest": 0.85
        },
        {
            "expression": "\u22a2 ( A \u2229 \u2229_ x \u2208 X S ) = ( \u2229_ x \u2208 X S \u2229 A )",
            "prop_expression": " \u22a2 ( A \u2229 B ) = ( B \u2229 A )",
            "step": 2,
            "theorem": "incom",
            "ground_truth": "incom \u22a2 ( A \u2229 \u2229_ x \u2208 X S ) = ( \u2229_ x \u2208 X S \u2229 A )",
            "ground_truth_display": false,
            "statement_depth": 0,
            "_thrs_random_uniform": 0.8304066814210945,
            "_thrs_reconstruct": 0.9994790496232288,
            "_thrs_obviousness": 0.3995833507854101,
            "_thrs_weight": 0.8571428571428572,
            "_thrs_complexity": 1.0,
            "_thrs_surprisingness": 0.12345679012345678,
            "_thrs_intensity": 0.05725190839694658,
            "_thrs_interestingness": 0.4874869812897341,
            "_thrs_logistic_regression": 0.4928115183361305,
            "_thrs_random_forest": 0.895
        },
        {
            "expression": "\u22a2 ( ( \u2200 x \u2208 X S \u2286 A \u2227 X \u2260 \u2205 ) \u2192 ( \u2229_ x \u2208 X S \u2229 A ) = \u2229_ x \u2208 X S )",
            "prop_expression": "( \ud835\udf11 \u2192 \ud835\udf13 ), ( \ud835\udf13 \u2194 \ud835\udf12 ) \u22a2 ( \ud835\udf11 \u2192 \ud835\udf12 )",
            "step": 3,
            "theorem": "sylib",
            "ground_truth": "sylib \u22a2 ( ( \u2200 x \u2208 X S \u2286 A \u2227 X \u2260 \u2205 ) \u2192 ( \u2229_ x \u2208 X S \u2229 A ) = \u2229_ x \u2208 X S )",
            "ground_truth_display": false,
            "statement_depth": 0,
            "_thrs_random_uniform": 0.32925931793674235,
            "_thrs_reconstruct": 3.19584255110544e-08,
            "_thrs_obviousness": 0.6004006437465607,
            "_thrs_weight": 0.0,
            "_thrs_complexity": 0.0,
            "_thrs_surprisingness": 1.0,
            "_thrs_intensity": 0.9274809160305343,
            "_thrs_interestingness": 0.505576311955419,
            "_thrs_logistic_regression": 0.9995590041408967,
            "_thrs_random_forest": 0.882
        },
        {
            "expression": "\u22a2 ( ( \u2200 x \u2208 X S \u2286 A \u2227 X \u2260 \u2205 ) \u2192 \u2229_ x \u2208 X S \u2286 A )",
            "prop_expression": "( \ud835\udf11 \u2192 \ud835\udf13 ), ( \ud835\udf13 \u2192 \ud835\udf12 ) \u22a2 ( \ud835\udf11 \u2192 \ud835\udf12 )",
            "step": 4,
            "theorem": "syl",
            "ground_truth": "syl \u22a2 ( ( \u2200 x \u2208 X S \u2286 A \u2227 X \u2260 \u2205 ) \u2192 \u2229_ x \u2208 X S \u2286 A )",
            "ground_truth_display": false,
            "statement_depth": 0,
            "_thrs_random_uniform": 0.01722171669923278,
            "_thrs_reconstruct": 4.1236678078779867e-10,
            "_thrs_obviousness": 0.6004006308874195,
            "_thrs_weight": 0.7142857142857143,
            "_thrs_complexity": 0.5,
            "_thrs_surprisingness": 0.5432098765432097,
            "_thrs_intensity": 1.0,
            "_thrs_interestingness": 0.6715792443432687,
            "_thrs_logistic_regression": 0.9989694672720705,
            "_thrs_random_forest": 0.85
        },
        {
            "expression": "\u22a2 ( ( \u2200 x \u2208 X S \u2286 A \u2227 X \u2260 \u2205 ) \u2192 \u2203 x \u2208 X S \u2286 A )",
            "prop_expression": "( ( \ud835\udf11 \u2227 \ud835\udf13 ) \u2192 \ud835\udf12 ) \u22a2 ( ( \ud835\udf13 \u2227 \ud835\udf11 ) \u2192 \ud835\udf12 )",
            "step": 5,
            "theorem": "ancoms",
            "ground_truth": "ancoms \u22a2 ( ( \u2200 x \u2208 X S \u2286 A \u2227 X \u2260 \u2205 ) \u2192 \u2203 x \u2208 X S \u2286 A )",
            "ground_truth_display": false,
            "statement_depth": 0,
            "_thrs_random_uniform": 0.2845121635860388,
            "_thrs_reconstruct": 4.254594260778113e-07,
            "_thrs_obviousness": 0.39979179251804925,
            "_thrs_weight": 0.8571428571428572,
            "_thrs_complexity": 1.0,
            "_thrs_surprisingness": 0.32098765432098764,
            "_thrs_intensity": 0.4198473282442748,
            "_thrs_interestingness": 0.5995539264452339,
            "_thrs_logistic_regression": 0.8402548158876264,
            "_thrs_random_forest": 0.695
        },
        {
            "expression": "\u22a2 ( ( X \u2260 \u2205 \u2227 \u2200 x \u2208 X S \u2286 A ) \u2192 \u2203 x \u2208 X S \u2286 A )",
            "prop_expression": " \u22a2 ( ( A \u2260 \u2205 \u2227 \u2200 x \u2208 A \ud835\udf11 ) \u2192 \u2203 x \u2208 A \ud835\udf11 )",
            "step": 6,
            "theorem": "r19.2z",
            "ground_truth": "r19.2z \u22a2 ( ( X \u2260 \u2205 \u2227 \u2200 x \u2208 X S \u2286 A ) \u2192 \u2203 x \u2208 X S \u2286 A )",
            "ground_truth_display": false,
            "statement_depth": 0,
            "_thrs_random_uniform": 0.15455588584404145,
            "_thrs_reconstruct": 1.0,
            "_thrs_obviousness": 0.39979162238171984,
            "_thrs_weight": 0.8571428571428572,
            "_thrs_complexity": 1.0,
            "_thrs_surprisingness": 0.32098765432098764,
            "_thrs_intensity": 0.05725190839694658,
            "_thrs_interestingness": 0.5270348084485023,
            "_thrs_logistic_regression": 0.4264571641181063,
            "_thrs_random_forest": 0.68
        },
        {
            "expression": "\u22a2 ( \u2203 x \u2208 X S \u2286 A \u2192 \u2229_ x \u2208 X S \u2286 A )",
            "prop_expression": " \u22a2 ( \u2203 x \u2208 A B \u2286 C \u2192 \u2229_ x \u2208 A B \u2286 C )",
            "step": 7,
            "theorem": "iinss",
            "ground_truth": "iinss \u22a2 ( \u2203 x \u2208 X S \u2286 A \u2192 \u2229_ x \u2208 X S \u2286 A )",
            "ground_truth_display": false,
            "statement_depth": 0,
            "_thrs_random_uniform": 0.6085773663733888,
            "_thrs_reconstruct": 0.5017834964298934,
            "_thrs_obviousness": 0.200608838122079,
            "_thrs_weight": 1.0,
            "_thrs_complexity": 1.0,
            "_thrs_surprisingness": 0.0,
            "_thrs_intensity": 0.08514386376981796,
            "_thrs_interestingness": 0.45715054037837943,
            "_thrs_logistic_regression": 0.6087919094997728,