{
    "theorem": "rniun",
    "hyps": [
        [
            1,
            2
        ],
        [
            2,
            3
        ],
        [
            2,
            10
        ],
        [
            2,
            12
        ],
        [
            3,
            4
        ],
        [
            3,
            5
        ],
        [
            3,
            8
        ],
        [
            5,
            6
        ],
        [
            6,
            7
        ],
        [
            8,
            9
        ],
        [
            10,
            11
        ]
    ],
    "expression": "ran \u222a x \u2208 A B = \u222a x \u2208 A ran B",
    "steps": [
        {
            "expression": "\u22a2 ran \u222a x \u2208 A B = \u222a x \u2208 A ran B",
            "prop_expression": "( x \u2208 A \u2194 x \u2208 B ) \u22a2 A = B",
            "step": 1,
            "theorem": "eqriv",
            "ground_truth": "eqriv \u22a2 ran \u222a x \u2208 A B = \u222a x \u2208 A ran B",
            "ground_truth_display": false,
            "statement_depth": 0,
            "_thrs_random_uniform": 0.9547941844861721,
            "_thrs_reconstruct": 0.0,
            "_thrs_obviousness": 1.0,
            "_thrs_weight": 0.3571428571428571,
            "_thrs_complexity": 0.4,
            "_thrs_surprisingness": 1.0,
            "_thrs_intensity": 0.2925170068027211,
            "_thrs_interestingness": 0.6099319727891157,
            "_thrs_logistic_regression": 0.9291626896766879,
            "_thrs_random_forest": 0.88
        },
        {
            "expression": "\u22a2 ( z \u2208 ran \u222a x \u2208 A B \u2194 z \u2208 \u222a x \u2208 A ran B )",
            "prop_expression": "( \ud835\udf11 \u2194 \ud835\udf13 ), ( \ud835\udf12 \u2194 \ud835\udf11 ), ( \ud835\udf03 \u2194 \ud835\udf13 ) \u22a2 ( \ud835\udf12 \u2194 \ud835\udf03 )",
            "step": 2,
            "theorem": "3bitr4i",
            "ground_truth": "3bitr4i \u22a2 ( z \u2208 ran \u222a x \u2208 A B \u2194 z \u2208 \u222a x \u2208 A ran B )",
            "ground_truth_display": false,
            "statement_depth": 0,
            "_thrs_random_uniform": 0.6839451090308956,
            "_thrs_reconstruct": 1.347381139718509e-09,
            "_thrs_obviousness": 0.9999999998528712,
            "_thrs_weight": 0.0714285714285714,
            "_thrs_complexity": 0.19999999999999996,
            "_thrs_surprisingness": 1.0,
            "_thrs_intensity": 0.8571428571428571,
            "_thrs_interestingness": 0.62571428568486,
            "_thrs_logistic_regression": 0.998280815887257,
            "_thrs_random_forest": 0.95
        },
        {
            "expression": "\u22a2 ( \u2203 y \u27e8 y , z \u27e9 \u2208 \u222a x \u2208 A B \u2194 \u2203 x \u2208 A z \u2208 ran B )",
            "prop_expression": "( \ud835\udf11 \u2194 \ud835\udf13 ), ( \ud835\udf12 \u2194 \ud835\udf11 ), ( \ud835\udf03 \u2194 \ud835\udf13 ) \u22a2 ( \ud835\udf03 \u2194 \ud835\udf12 )",
            "step": 3,
            "theorem": "3bitr4ri",
            "ground_truth": "3bitr4ri \u22a2 ( \u2203 y \u27e8 y , z \u27e9 \u2208 \u222a x \u2208 A B \u2194 \u2203 x \u2208 A z \u2208 ran B )",
            "ground_truth_display": false,
            "statement_depth": 0,
            "_thrs_random_uniform": 0.7793983380979106,
            "_thrs_reconstruct": 1.614227984636389e-09,
            "_thrs_obviousness": 0.50000025096955,
            "_thrs_weight": 0.0714285714285714,
            "_thrs_complexity": 0.0,
            "_thrs_surprisingness": 1.0,
            "_thrs_intensity": 1.0,
            "_thrs_interestingness": 0.5142857644796243,
            "_thrs_logistic_regression": 0.9997237813085508,
            "_thrs_random_forest": 0.925
        },
        {
            "expression": "\u22a2 ( \u2203 x \u2208 A \u2203 y \u27e8 y , z \u27e9 \u2208 B \u2194 \u2203 y \u2203 x \u2208 A \u27e8 y , z \u27e9 \u2208 B )",
            "prop_expression": " \u22a2 ( \u2203 x \u2208 A \u2203 y \ud835\udf11 \u2194 \u2203 y \u2203 x \u2208 A \ud835\udf11 )",
            "step": 4,
            "theorem": "rexcom4",
            "ground_truth": "rexcom4 \u22a2 ( \u2203 x \u2208 A \u2203 y \u27e8 y , z \u27e9 \u2208 B \u2194 \u2203 y \u2203 x \u2208 A \u27e8 y , z \u27e9 \u2208 B )",
            "ground_truth_display": false,
            "statement_depth": 0,
            "_thrs_random_uniform": 0.4100371566885549,
            "_thrs_reconstruct": 9.70133696817482e-07,
            "_thrs_obviousness": 4.447018972917434e-07,
            "_thrs_weight": 0.0714285714285714,
            "_thrs_complexity": 0.4,
            "_thrs_surprisingness": 0.04878048780487806,
            "_thrs_intensity": 0.0,
            "_thrs_interestingness": 0.10404190078706936,
            "_thrs_logistic_regression": 0.8906168325563548,
            "_thrs_random_forest": 0.735
        },
        {
            "expression": "\u22a2 ( \u2203 x \u2208 A z \u2208 ran B \u2194 \u2203 x \u2208 A \u2203 y \u27e8 y , z \u27e9 \u2208 B )",
            "prop_expression": "( \ud835\udf11 \u2194 \ud835\udf13 ) \u22a2 ( \u2203 x \u2208 A \ud835\udf11 \u2194 \u2203 x \u2208 A \ud835\udf13 )",
            "step": 5,
            "theorem": "rexbii",
            "ground_truth": "rexbii \u22a2 ( \u2203 x \u2208 A z \u2208 ran B \u2194 \u2203 x \u2208 A \u2203 y \u27e8 y , z \u27e9 \u2208 B )",
            "ground_truth_display": false,
            "statement_depth": 0,
            "_thrs_random_uniform": 0.6405301863229323,
            "_thrs_reconstruct": 7.701622777546326e-08,
            "_thrs_obviousness": 0.49978458349389426,
            "_thrs_weight": 0.1428571428571429,
            "_thrs_complexity": 0.19999999999999996,
            "_thrs_surprisingness": 0.5691056910569106,
            "_thrs_intensity": 0.17714285714285719,
            "_thrs_interestingness": 0.317778054910161,
            "_thrs_logistic_regression": 0.9673809689566689,
            "_thrs_random_forest": 0.785
        },
        {
            "expression": "\u22a2 ( z \u2208 ran B \u2194 \u2203 y \u27e8 y , z \u27e9 \u2208 B )",
            "prop_expression": "A \u2208 V \u22a2 ( A \u2208 ran B \u2194 \u2203 x \u27e8 x , A \u27e9 \u2208 B )",
            "step": 6,
            "theorem": "elrn2",
            "ground_truth": "elrn2 \u22a2 ( z \u2208 ran B \u2194 \u2203 y \u27e8 y , z \u27e9 \u2208 B )",
            "ground_truth_display": false,
            "statement_depth": 0,
            "_thrs_random_uniform": 0.8808930932276848,
            "_thrs_reconstruct": 1.0,
            "_thrs_obviousness": 0.4997845448552452,
            "_thrs_weight": 0.5714285714285714,
            "_thrs_complexity": 0.6,
            "_thrs_surprisingness": 0.3089430894308944,
            "_thrs_intensity": 0.0687830687830688,
            "_thrs_interestingness": 0.409787854899556,
            "_thrs_logistic_regression": 0.8225399086716145,
            "_thrs_random_forest": 0.78
        },
        {
            "expression": "\u22a2 z \u2208 V",
            "prop_expression": " \u22a2 x \u2208 V",
            "step": 7,
            "theorem": "vex",
            "ground_truth": "vex \u22a2 z \u2208 V",
            "ground_truth_display": false,
            "statement_depth": 0,
            "_thrs_random_uniform": 0.0783033094189014,
            "_thrs_reconstruct": 8.034648350647901e-08,
            "_thrs_obviousness": 0.0,
            "_thrs_weight": 1.0,
            "_thrs_complexity": 1.0,
            "_thrs_surprisingness": 0.0,
            "_thrs_intensity": 0.23809523809523808,
            "_thrs_interestingness": 0.44761904761904764,
            "_thrs_logistic_regression": 0.7832460109184232,
            "_thrs_random_forest": 0.68
        },
        {
            "expression": "\u22a2 ( \u2203 y \u27e8 y , z \u27e9 \u2208 \u222a x \u2208 A B \u2194 \u2203 y \u2203 x \u2208 A \u27e8 y , z \u27e9 \u2208 B )",