{
    "theorem": "sb7f",
    "hyps": [
        [
            1,
            2
        ],
        [
            1,
            4
        ],
        [
            1,
            6
        ],
        [
            2,
            3
        ],
        [
            4,
            5
        ]
    ],
    "expression": "( [. y / x ]. \ud835\udf11 \u2194 \u2203 z ( z = y \u2227 \u2203 x ( x = z \u2227 \ud835\udf11 ) ) )",
    "steps": [
        {
            "expression": "\u22a2 ( [. y / x ]. \ud835\udf11 \u2194 \u2203 z ( z = y \u2227 \u2203 x ( x = z \u2227 \ud835\udf11 ) ) )",
            "prop_expression": "( \ud835\udf11 \u2194 \ud835\udf13 ), ( \ud835\udf11 \u2194 \ud835\udf12 ), ( \ud835\udf13 \u2194 \ud835\udf03 ) \u22a2 ( \ud835\udf12 \u2194 \ud835\udf03 )",
            "step": 1,
            "theorem": "3bitr3i",
            "ground_truth": "3bitr3i \u22a2 ( [. y / x ]. \ud835\udf11 \u2194 \u2203 z ( z = y \u2227 \u2203 x ( x = z \u2227 \ud835\udf11 ) ) )",
            "ground_truth_display": false,
            "statement_depth": 0,
            "_thrs_random_uniform": 0.9479993363386782,
            "_thrs_reconstruct": 6.0880851341274895e-05,
            "_thrs_obviousness": 1.0,
            "_thrs_weight": 0.30000000000000004,
            "_thrs_complexity": 0.0,
            "_thrs_surprisingness": 0.5,
            "_thrs_intensity": 1.0,
            "_thrs_interestingness": 0.5599999999999999,
            "_thrs_logistic_regression": 0.9998822075925224,
            "_thrs_random_forest": 0.99
        },
        {
            "expression": "\u22a2 ( [. y / z ]. [. z / x ]. \ud835\udf11 \u2194 [. y / z ]. \u2203 x ( x = z \u2227 \ud835\udf11 ) )",
            "prop_expression": "( \ud835\udf11 \u2194 \ud835\udf13 ) \u22a2 ( [. y / x ]. \ud835\udf11 \u2194 [. y / x ]. \ud835\udf13 )",
            "step": 2,
            "theorem": "sbbii",
            "ground_truth": "sbbii \u22a2 ( [. y / z ]. [. z / x ]. \ud835\udf11 \u2194 [. y / z ]. \u2203 x ( x = z \u2227 \ud835\udf11 ) )",
            "ground_truth_display": false,
            "statement_depth": 0,
            "_thrs_random_uniform": 0.5439170489815649,
            "_thrs_reconstruct": 0.0015821246942088682,
            "_thrs_obviousness": 0.041606383269289456,
            "_thrs_weight": 0.19999999999999996,
            "_thrs_complexity": 0.0,
            "_thrs_surprisingness": 0.5,
            "_thrs_intensity": 0.1869761444229529,
            "_thrs_interestingness": 0.18571650553844848,
            "_thrs_logistic_regression": 0.9904943732751218,
            "_thrs_random_forest": 0.965
        },
        {
            "expression": "\u22a2 ( [. z / x ]. \ud835\udf11 \u2194 \u2203 x ( x = z \u2227 \ud835\udf11 ) )",
            "prop_expression": " \u22a2 ( [. y / x ]. \ud835\udf11 \u2194 \u2203 x ( x = y \u2227 \ud835\udf11 ) )",
            "step": 3,
            "theorem": "sb5",
            "ground_truth": "sb5 \u22a2 ( [. z / x ]. \ud835\udf11 \u2194 \u2203 x ( x = z \u2227 \ud835\udf11 ) )",
            "ground_truth_display": false,
            "statement_depth": 0,
            "_thrs_random_uniform": 0.2777826236465605,
            "_thrs_reconstruct": 0.04373164680011484,
            "_thrs_obviousness": 0.0401536986546082,
            "_thrs_weight": 0.6,
            "_thrs_complexity": 0.5,
            "_thrs_surprisingness": 0.5,
            "_thrs_intensity": 0.04179331306990879,
            "_thrs_interestingness": 0.3363894023449034,
            "_thrs_logistic_regression": 0.8460514482269826,
            "_thrs_random_forest": 0.8
        },
        {
            "expression": "\u22a2 ( [. y / z ]. [. z / x ]. \ud835\udf11 \u2194 [. y / x ]. \ud835\udf11 )",
            "prop_expression": "( \ud835\udf11 \u2192 \u2200 z \ud835\udf11 ) \u22a2 ( [. y / z ]. [. z / x ]. \ud835\udf11 \u2194 [. y / x ]. \ud835\udf11 )",
            "step": 4,
            "theorem": "sbco2",
            "ground_truth": "sbco2 \u22a2 ( [. y / z ]. [. z / x ]. \ud835\udf11 \u2194 [. y / x ]. \ud835\udf11 )",
            "ground_truth_display": false,
            "statement_depth": 0,
            "_thrs_random_uniform": 0.4125417686018592,
            "_thrs_reconstruct": 1.0,
            "_thrs_obviousness": 0.9181840091779641,
            "_thrs_weight": 0.5,
            "_thrs_complexity": 0.0,
            "_thrs_surprisingness": 0.5,
            "_thrs_intensity": 0.15292553191489358,
            "_thrs_interestingness": 0.4142219082185715,
            "_thrs_logistic_regression": 0.9907485828789477,
            "_thrs_random_forest": 0.995
        },
        {
            "expression": "\u22a2 ( \ud835\udf11 \u2192 \u2200 z \ud835\udf11 )",
            "prop_expression": " \u22a2 ( \ud835\udf11 \u2192 \u2200 z \ud835\udf11 )",
            "step": 5,
            "theorem": "sb7f.1",
            "ground_truth": "sb7f.1 \u22a2 ( \ud835\udf11 \u2192 \u2200 z \ud835\udf11 )",
            "ground_truth_display": false,
            "statement_depth": 0,
            "_thrs_random_uniform": 0.8462699429186308,
            "_thrs_reconstruct": 0.0,
            "_thrs_obviousness": 0.0,
            "_thrs_weight": 1.0,
            "_thrs_complexity": 1.0,
            "_thrs_surprisingness": 0.5,
            "_thrs_intensity": 0.12411347517730494,
            "_thrs_interestingness": 0.524822695035461,
            "_thrs_logistic_regression": 0.4981118473070874,
            "_thrs_random_forest": 0.995
        },
        {
            "expression": "\u22a2 ( [. y / z ]. \u2203 x ( x = z \u2227 \ud835\udf11 ) \u2194 \u2203 z ( z = y \u2227 \u2203 x ( x = z \u2227 \ud835\udf11 ) ) )",
            "prop_expression": " \u22a2 ( [. y / x ]. \ud835\udf11 \u2194 \u2203 x ( x = y \u2227 \ud835\udf11 ) )",
            "step": 6,
            "theorem": "sb5",
            "ground_truth": "sb5 \u22a2 ( [. y / z ]. \u2203 x ( x = z \u2227 \ud835\udf11 ) \u2194 \u2203 z ( z = y \u2227 \u2203 x ( x = z \u2227 \ud835\udf11 ) ) )",
            "ground_truth_display": false,
            "statement_depth": 0,
            "_thrs_random_uniform": 0.151375312509754,
            "_thrs_reconstruct": 0.04373164680011484,
            "_thrs_obviousness": 0.0401536986546082,
            "_thrs_weight": 0.0,
            "_thrs_complexity": 0.0,
            "_thrs_surprisingness": 0.5,
            "_thrs_intensity": 0.0,
            "_thrs_interestingness": 0.10803073973092163,
            "_thrs_logistic_regression": 0.9691366047935647,
            "_thrs_random_forest": 0.98
        }
    ]
}