{
    "theorem": "sbc8g",
    "hyps": [
        [
            1,
            2
        ],
        [
            1,
            3
        ],
        [
            1,
            4
        ],
        [
            4,
            5
        ]
    ],
    "expression": "( A \u2208 V \u2192 ( [. A / x ]. \ud835\udf11 \u2194 A \u2208 { x | \ud835\udf11 } ) )",
    "steps": [
        {
            "expression": "\u22a2 ( A \u2208 V \u2192 ( [. A / x ]. \ud835\udf11 \u2194 A \u2208 { x | \ud835\udf11 } ) )",
            "prop_expression": "( x = A \u2192 ( \ud835\udf11 \u2194 \ud835\udf12 ) ), ( x = A \u2192 ( \ud835\udf13 \u2194 \ud835\udf03 ) ), ( \ud835\udf11 \u2194 \ud835\udf13 ) \u22a2 ( A \u2208 V \u2192 ( \ud835\udf12 \u2194 \ud835\udf03 ) )",
            "step": 1,
            "theorem": "vtoclbg",
            "ground_truth": "vtoclbg \u22a2 ( A \u2208 V \u2192 ( [. A / x ]. \ud835\udf11 \u2194 A \u2208 { x | \ud835\udf11 } ) )",
            "ground_truth_display": false,
            "statement_depth": 0,
            "_thrs_random_uniform": 0.7844280289961889,
            "_thrs_reconstruct": 1.0,
            "_thrs_obviousness": 1.0,
            "_thrs_weight": 0.0,
            "_thrs_complexity": 0.0,
            "_thrs_surprisingness": 1.0,
            "_thrs_intensity": 1.0,
            "_thrs_interestingness": 0.6,
            "_thrs_logistic_regression": 0.9996913885209483,
            "_thrs_random_forest": 0.815
        },
        {
            "expression": "\u22a2 ( y = A \u2192 ( [. y / x ]. \ud835\udf11 \u2194 [. A / x ]. \ud835\udf11 ) )",
            "prop_expression": " \u22a2 ( A = B \u2192 ( [. A / x ]. \ud835\udf11 \u2194 [. B / x ]. \ud835\udf11 ) )",
            "step": 2,
            "theorem": "dfsbcq",
            "ground_truth": "dfsbcq \u22a2 ( y = A \u2192 ( [. y / x ]. \ud835\udf11 \u2194 [. A / x ]. \ud835\udf11 ) )",
            "ground_truth_display": false,
            "statement_depth": 0,
            "_thrs_random_uniform": 0.8264808773400085,
            "_thrs_reconstruct": 0.0005805977822921597,
            "_thrs_obviousness": 0.0005799396012552779,
            "_thrs_weight": 0.6666666666666667,
            "_thrs_complexity": 1.0,
            "_thrs_surprisingness": 0.0,
            "_thrs_intensity": 0.0,
            "_thrs_interestingness": 0.3334493212535844,
            "_thrs_logistic_regression": 0.4211722866906394,
            "_thrs_random_forest": 0.59
        },
        {
            "expression": "\u22a2 ( y = A \u2192 ( y \u2208 { x | \ud835\udf11 } \u2194 A \u2208 { x | \ud835\udf11 } ) )",
            "prop_expression": " \u22a2 ( A = B \u2192 ( A \u2208 C \u2194 B \u2208 C ) )",
            "step": 3,
            "theorem": "eleq1",
            "ground_truth": "eleq1 \u22a2 ( y = A \u2192 ( y \u2208 { x | \ud835\udf11 } \u2194 A \u2208 { x | \ud835\udf11 } ) )",
            "ground_truth_display": false,
            "statement_depth": 0,
            "_thrs_random_uniform": 0.9626072277041764,
            "_thrs_reconstruct": 0.0005530716639323488,
            "_thrs_obviousness": 0.0005524446872329204,
            "_thrs_weight": 0.0,
            "_thrs_complexity": 0.0,
            "_thrs_surprisingness": 1.0,
            "_thrs_intensity": 0.0,
            "_thrs_interestingness": 0.2001104889374466,
            "_thrs_logistic_regression": 0.9411990259607271,
            "_thrs_random_forest": 0.635
        },
        {
            "expression": "\u22a2 ( [. y / x ]. \ud835\udf11 \u2194 y \u2208 { x | \ud835\udf11 } )",
            "prop_expression": "( \ud835\udf11 \u2194 \ud835\udf13 ) \u22a2 ( \ud835\udf13 \u2194 \ud835\udf11 )",
            "step": 4,
            "theorem": "bicomi",
            "ground_truth": "bicomi \u22a2 ( [. y / x ]. \ud835\udf11 \u2194 y \u2208 { x | \ud835\udf11 } )",
            "ground_truth_display": false,
            "statement_depth": 0,
            "_thrs_random_uniform": 0.7853637902007891,
            "_thrs_reconstruct": 1.24197568114839e-06,
            "_thrs_obviousness": 1.2409808540651746e-06,
            "_thrs_weight": 1.0,
            "_thrs_complexity": 1.0,
            "_thrs_surprisingness": 0.0,
            "_thrs_intensity": 0.25,
            "_thrs_interestingness": 0.4500002481961708,
            "_thrs_logistic_regression": 0.7939526620979479,
            "_thrs_random_forest": 0.92
        },
        {
            "expression": "\u22a2 ( y \u2208 { x | \ud835\udf11 } \u2194 [. y / x ]. \ud835\udf11 )",
            "prop_expression": " \u22a2 ( x \u2208 { y | \ud835\udf11 } \u2194 [. x / y ]. \ud835\udf11 )",
            "step": 5,
            "theorem": "df-clab",
            "ground_truth": "df-clab \u22a2 ( y \u2208 { x | \ud835\udf11 } \u2194 [. y / x ]. \ud835\udf11 )",
            "ground_truth_display": false,
            "statement_depth": 0,
            "_thrs_random_uniform": 0.9005669412688383,
            "_thrs_reconstruct": 0.0,
            "_thrs_obviousness": 0.0,
            "_thrs_weight": 1.0,
            "_thrs_complexity": 1.0,
            "_thrs_surprisingness": 0.0,
            "_thrs_intensity": 0.0357142857142857,
            "_thrs_interestingness": 0.40714285714285714,
            "_thrs_logistic_regression": 0.5480271140178956,
            "_thrs_random_forest": 0.755
        }
    ]
}