{
    "theorem": "sbciedf",
    "hyps": [
        [
            1,
            2
        ],
        [
            1,
            3
        ],
        [
            1,
            6
        ],
        [
            1,
            10
        ],
        [
            3,
            4
        ],
        [
            4,
            5
        ],
        [
            6,
            7
        ],
        [
            6,
            8
        ],
        [
            8,
            9
        ]
    ],
    "expression": "( \ud835\udf11 \u2192 ( [. A / x ]. \ud835\udf13 \u2194 \ud835\udf12 ) )",
    "steps": [
        {
            "expression": "\u22a2 ( \ud835\udf11 \u2192 ( [. A / x ]. \ud835\udf13 \u2194 \ud835\udf12 ) )",
            "prop_expression": "( \ud835\udf11 \u2192 \ud835\udf13 ), ( \ud835\udf11 \u2192 \ud835\udf12 ), ( \ud835\udf11 \u2192 \ud835\udf03 ), ( ( \ud835\udf13 \u2227 \ud835\udf12 \u2227 \ud835\udf03 ) \u2192 \ud835\udf0f ) \u22a2 ( \ud835\udf11 \u2192 \ud835\udf0f )",
            "step": 1,
            "theorem": "syl3anc",
            "ground_truth": "syl3anc \u22a2 ( \ud835\udf11 \u2192 ( [. A / x ]. \ud835\udf13 \u2194 \ud835\udf12 ) )",
            "ground_truth_display": false,
            "statement_depth": 0,
            "_thrs_random_uniform": 0.2448487552421592,
            "_thrs_reconstruct": 1.4096849162827326e-06,
            "_thrs_obviousness": 1.0,
            "_thrs_weight": 0.8461538461538461,
            "_thrs_complexity": 0.25,
            "_thrs_surprisingness": 0.6892857142857144,
            "_thrs_intensity": 1.0,
            "_thrs_interestingness": 0.7570879120879122,
            "_thrs_logistic_regression": 0.9996780101110417,
            "_thrs_random_forest": 0.98
        },
        {
            "expression": "\u22a2 ( \ud835\udf11 \u2192 A \u2208 V )",
            "prop_expression": " \u22a2 ( \ud835\udf11 \u2192 A \u2208 V )",
            "step": 2,
            "theorem": "sbcied.1",
            "ground_truth": "sbcied.1 \u22a2 ( \ud835\udf11 \u2192 A \u2208 V )",
            "ground_truth_display": false,
            "statement_depth": 0,
            "_thrs_random_uniform": 0.3081912246189663,
            "_thrs_reconstruct": 0.0,
            "_thrs_obviousness": 0.0,
            "_thrs_weight": 0.9230769230769231,
            "_thrs_complexity": 0.5,
            "_thrs_surprisingness": 0.5714285714285715,
            "_thrs_intensity": 0.1541850220264317,
            "_thrs_interestingness": 0.4297381033063853,
            "_thrs_logistic_regression": 0.9258904790769735,
            "_thrs_random_forest": 0.99
        },
        {
            "expression": "\u22a2 ( \ud835\udf11 \u2192 \u2200 x ( \ud835\udf12 \u2192 \u2200 x \ud835\udf12 ) )",
            "prop_expression": "\ud835\udf11 \u22a2 ( \ud835\udf13 \u2192 \ud835\udf11 )",
            "step": 3,
            "theorem": "a1i",
            "ground_truth": "a1i \u22a2 ( \ud835\udf11 \u2192 \u2200 x ( \ud835\udf12 \u2192 \u2200 x \ud835\udf12 ) )",
            "ground_truth_display": false,
            "statement_depth": 0,
            "_thrs_random_uniform": 0.7494611366988096,
            "_thrs_reconstruct": 1.3688919365728614e-10,
            "_thrs_obviousness": 4.1066680777908255e-10,
            "_thrs_weight": 0.8461538461538461,
            "_thrs_complexity": 0.75,
            "_thrs_surprisingness": 0.17142857142857143,
            "_thrs_intensity": 0.20352422907488985,
            "_thrs_interestingness": 0.39422132941359483,
            "_thrs_logistic_regression": 0.8796942718470251,
            "_thrs_random_forest": 0.895
        },
        {
            "expression": "\u22a2 \u2200 x ( \ud835\udf12 \u2192 \u2200 x \ud835\udf12 )",
            "prop_expression": "\ud835\udf11 \u22a2 \u2200 x \ud835\udf11",
            "step": 4,
            "theorem": "ax-gen",
            "ground_truth": "ax-gen \u22a2 \u2200 x ( \ud835\udf12 \u2192 \u2200 x \ud835\udf12 )",
            "ground_truth_display": false,
            "statement_depth": 0,
            "_thrs_random_uniform": 0.7435530301525908,
            "_thrs_reconstruct": 0.0,
            "_thrs_obviousness": 1.3688893592636085e-10,
            "_thrs_weight": 0.9230769230769231,
            "_thrs_complexity": 1.0,
            "_thrs_surprisingness": 0.0,
            "_thrs_intensity": 0.09251101321585903,
            "_thrs_interestingness": 0.4031175872859342,
            "_thrs_logistic_regression": 0.6048689856791015,
            "_thrs_random_forest": 0.525
        },
        {
            "expression": "\u22a2 ( \ud835\udf12 \u2192 \u2200 x \ud835\udf12 )",
            "prop_expression": " \u22a2 ( \ud835\udf12 \u2192 \u2200 x \ud835\udf12 )",
            "step": 5,
            "theorem": "sbciedf.4",
            "ground_truth": "sbciedf.4 \u22a2 ( \ud835\udf12 \u2192 \u2200 x \ud835\udf12 )",
            "ground_truth_display": false,
            "statement_depth": 0,
            "_thrs_random_uniform": 0.807973500408958,
            "_thrs_reconstruct": 0.0,
            "_thrs_obviousness": 0.0,
            "_thrs_weight": 1.0,
            "_thrs_complexity": 1.0,
            "_thrs_surprisingness": 0.0,
            "_thrs_intensity": 0.07195301027900146,
            "_thrs_interestingness": 0.41439060205580025,
            "_thrs_logistic_regression": 0.5958577020993704,
            "_thrs_random_forest": 0.87
        },
        {
            "expression": "\u22a2 ( \ud835\udf11 \u2192 \u2200 x ( x = A \u2192 ( \ud835\udf13 \u2194 \ud835\udf12 ) ) )",
            "prop_expression": "( \ud835\udf11 \u2192 \u2200 x \ud835\udf11 ), ( \ud835\udf11 \u2192 \ud835\udf13 ) \u22a2 ( \ud835\udf11 \u2192 \u2200 x \ud835\udf13 )",
            "step": 6,
            "theorem": "alrimi",
            "ground_truth": "alrimi \u22a2 ( \ud835\udf11 \u2192 \u2200 x ( x = A \u2192 ( \ud835\udf13 \u2194 \ud835\udf12 ) ) )",
            "ground_truth_display": false,
            "statement_depth": 0,
            "_thrs_random_uniform": 0.03064914628280091,
            "_thrs_reconstruct": 9.58224355601003e-10,
            "_thrs_obviousness": 4.721299400100186e-07,
            "_thrs_weight": 0.7692307692307692,
            "_thrs_complexity": 0.25,
            "_thrs_surprisingness": 0.6892857142857144,
            "_thrs_intensity": 0.236417033773862,
            "_thrs_interestingness": 0.38898679788405716,
            "_thrs_logistic_regression": 0.9807886781963165,
            "_thrs_random_forest": 0.9591666666666666
        },
        {
            "expression": "\u22a2 ( \ud835\udf11 \u2192 \u2200 x \ud835\udf11 )",
            "prop_expression": " \u22a2 ( \ud835\udf11 \u2192 \u2200 x \ud835\udf11 )",
            "step": 7,
            "theorem": "sbciedf.3",
            "ground_truth": "sbciedf.3 \u22a2 ( \ud835\udf11 \u2192 \u2200 x \ud835\udf11 )",
            "ground_truth_display": false,
            "statement_depth": 0,
            "_thrs_random_uniform": 0.01901391168862754,
            "_thrs_reconstruct": 0.0,
            "_thrs_obviousness": 0.0,
            "_thrs_weight": 1.0,
            "_thrs_complexity": 1.0,
            "_thrs_surprisingness": 0.0,
            "_thrs_intensity": 0.07195301027900146,
            "_thrs_interestingness": 0.41439060205580025,
            "_thrs_logistic_regression": 0.5958577020993704,
            "_thrs_random_forest": 0.76
        },
        {
            "expression": "\u22a2 ( \ud835\udf11 \u2192 ( x = A \u2192 ( \ud835\udf13 \u2194 \ud835\udf12 ) ) )",
            "prop_expression": "( ( \ud835\udf11 \u2227 \ud835\udf13 ) \u2192 \ud835\udf12 ) \u22a2 ( \ud835\udf11 \u2192 ( \ud835\udf13 \u2192 \ud835\udf12 ) )",
            "step": 8,
            "theorem": "ex",
            "ground_truth": "ex \u22a2 ( \ud835\udf11 \u2192 ( x = A \u2192 ( \ud835\udf13 \u2194 \ud835\udf12 ) ) )",
            "ground_truth_display": false,
            "statement_depth": 0,
            "_thrs_random_uniform": 0.29343017866918897,