{
    "theorem": "sbf",
    "hyps": [
        [
            1,
            2
        ],
        [
            1,
            7
        ],
        [
            2,
            3
        ],
        [
            3,
            4
        ],
        [
            3,
            5
        ],
        [
            5,
            6
        ],
        [
            7,
            8
        ],
        [
            7,
            9
        ]
    ],
    "expression": "( [. y / x ]. \ud835\udf11 \u2194 \ud835\udf11 )",
    "steps": [
        {
            "expression": "\u22a2 ( [. y / x ]. \ud835\udf11 \u2194 \ud835\udf11 )",
            "prop_expression": "( \ud835\udf11 \u2192 \ud835\udf13 ), ( \ud835\udf13 \u2192 \ud835\udf11 ) \u22a2 ( \ud835\udf11 \u2194 \ud835\udf13 )",
            "step": 1,
            "theorem": "impbii",
            "ground_truth": "impbii \u22a2 ( [. y / x ]. \ud835\udf11 \u2194 \ud835\udf11 )",
            "ground_truth_display": false,
            "statement_depth": 0,
            "_thrs_random_uniform": 0.560993246594352,
            "_thrs_reconstruct": 0.0005688151671811997,
            "_thrs_obviousness": 1.0,
            "_thrs_weight": 0.8,
            "_thrs_complexity": 0.0,
            "_thrs_surprisingness": 0.5,
            "_thrs_intensity": 0.9166666666666667,
            "_thrs_interestingness": 0.6433333333333333,
            "_thrs_logistic_regression": 0.9998853715028161,
            "_thrs_random_forest": 0.97
        },
        {
            "expression": "\u22a2 ( [. y / x ]. \ud835\udf11 \u2192 \ud835\udf11 )",
            "prop_expression": "( \ud835\udf11 \u2192 ( \ud835\udf13 \u2227 \ud835\udf12 ) ) \u22a2 ( \ud835\udf11 \u2192 \ud835\udf12 )",
            "step": 2,
            "theorem": "simprd",
            "ground_truth": "simprd \u22a2 ( [. y / x ]. \ud835\udf11 \u2192 \ud835\udf11 )",
            "ground_truth_display": false,
            "statement_depth": 0,
            "_thrs_random_uniform": 0.2283160288561512,
            "_thrs_reconstruct": 0.011180199727519186,
            "_thrs_obviousness": 0.6704103441227395,
            "_thrs_weight": 0.8,
            "_thrs_complexity": 0.0,
            "_thrs_surprisingness": 0.5,
            "_thrs_intensity": 0.7708333333333335,
            "_thrs_interestingness": 0.5482487354912146,
            "_thrs_logistic_regression": 0.999755253414585,
            "_thrs_random_forest": 0.97
        },
        {
            "expression": "\u22a2 ( [. y / x ]. \ud835\udf11 \u2192 ( \u2203 x x = y \u2227 \ud835\udf11 ) )",
            "prop_expression": "( \ud835\udf11 \u2192 \ud835\udf13 ), ( \ud835\udf13 \u2194 \ud835\udf12 ) \u22a2 ( \ud835\udf11 \u2192 \ud835\udf12 )",
            "step": 3,
            "theorem": "sylib",
            "ground_truth": "sylib \u22a2 ( [. y / x ]. \ud835\udf11 \u2192 ( \u2203 x x = y \u2227 \ud835\udf11 ) )",
            "ground_truth_display": false,
            "statement_depth": 0,
            "_thrs_random_uniform": 0.709753869522907,
            "_thrs_reconstruct": 0.00035550947948824983,
            "_thrs_obviousness": 0.6630833072816468,
            "_thrs_weight": 0.19999999999999996,
            "_thrs_complexity": 0.0,
            "_thrs_surprisingness": 0.5,
            "_thrs_intensity": 1.0,
            "_thrs_interestingness": 0.47261666145632936,
            "_thrs_logistic_regression": 0.9998741046871936,
            "_thrs_random_forest": 0.8442857142857143
        },
        {
            "expression": "\u22a2 ( [. y / x ]. \ud835\udf11 \u2192 \u2203 x ( x = y \u2227 \ud835\udf11 ) )",
            "prop_expression": " \u22a2 ( [. y / x ]. \ud835\udf11 \u2192 \u2203 x ( x = y \u2227 \ud835\udf11 ) )",
            "step": 4,
            "theorem": "sb1",
            "ground_truth": "sb1 \u22a2 ( [. y / x ]. \ud835\udf11 \u2192 \u2203 x ( x = y \u2227 \ud835\udf11 ) )",
            "ground_truth_display": false,
            "statement_depth": 0,
            "_thrs_random_uniform": 0.16045945730887823,
            "_thrs_reconstruct": 0.011532268792689808,
            "_thrs_obviousness": 0.00755699307425933,
            "_thrs_weight": 0.19999999999999996,
            "_thrs_complexity": 0.0,
            "_thrs_surprisingness": 0.5,
            "_thrs_intensity": 0.0,
            "_thrs_interestingness": 0.14151139861485187,
            "_thrs_logistic_regression": 0.9744285035969852,
            "_thrs_random_forest": 0.435
        },
        {
            "expression": "\u22a2 ( \u2203 x ( x = y \u2227 \ud835\udf11 ) \u2194 ( \u2203 x x = y \u2227 \ud835\udf11 ) )",
            "prop_expression": "( \ud835\udf13 \u2192 \u2200 x \ud835\udf13 ) \u22a2 ( \u2203 x ( \ud835\udf11 \u2227 \ud835\udf13 ) \u2194 ( \u2203 x \ud835\udf11 \u2227 \ud835\udf13 ) )",
            "step": 5,
            "theorem": "19.41",
            "ground_truth": "19.41 \u22a2 ( \u2203 x ( x = y \u2227 \ud835\udf11 ) \u2194 ( \u2203 x x = y \u2227 \ud835\udf11 ) )",
            "ground_truth_display": false,
            "statement_depth": 0,
            "_thrs_random_uniform": 0.587372208070818,
            "_thrs_reconstruct": 1.0,
            "_thrs_obviousness": 0.6552918490284725,
            "_thrs_weight": 0.0,
            "_thrs_complexity": 0.0,
            "_thrs_surprisingness": 0.5,
            "_thrs_intensity": 0.07812500000000001,
            "_thrs_interestingness": 0.2466833698056945,
            "_thrs_logistic_regression": 0.9784526121673992,
            "_thrs_random_forest": 0.605
        },
        {
            "expression": "\u22a2 ( \ud835\udf11 \u2192 \u2200 x \ud835\udf11 )",
            "prop_expression": " \u22a2 ( \ud835\udf11 \u2192 \u2200 x \ud835\udf11 )",
            "step": 6,
            "theorem": "sbf.1",
            "ground_truth": "sbf.1 \u22a2 ( \ud835\udf11 \u2192 \u2200 x \ud835\udf11 )",
            "ground_truth_display": false,
            "statement_depth": 0,
            "_thrs_random_uniform": 0.5259039780666739,
            "_thrs_reconstruct": 0.0,
            "_thrs_obviousness": 0.0,
            "_thrs_weight": 1.0,
            "_thrs_complexity": 1.0,
            "_thrs_surprisingness": 0.5,
            "_thrs_intensity": 0.1388888888888889,
            "_thrs_interestingness": 0.5277777777777778,
            "_thrs_logistic_regression": 0.5180348326234104,
            "_thrs_random_forest": 0.9
        },
        {
            "expression": "\u22a2 ( \ud835\udf11 \u2192 [. y / x ]. \ud835\udf11 )",
            "prop_expression": "( \ud835\udf11 \u2192 \ud835\udf13 ), ( \ud835\udf13 \u2192 \ud835\udf12 ) \u22a2 ( \ud835\udf11 \u2192 \ud835\udf12 )",
            "step": 7,
            "theorem": "syl",
            "ground_truth": "syl \u22a2 ( \ud835\udf11 \u2192 [. y / x ]. \ud835\udf11 )",
            "ground_truth_display": false,
            "statement_depth": 0,
            "_thrs_random_uniform": 0.9189435297411952,
            "_thrs_reconstruct": 4.5872190901709654e-06,
            "_thrs_obviousness": 0.3292154133801462,
            "_thrs_weight": 0.8,
            "_thrs_complexity": 0.0,
            "_thrs_surprisingness": 0.5,
            "_thrs_intensity": 0.9166666666666667,
            "_thrs_interestingness": 0.5091764160093626,
            "_thrs_logistic_regression": 0.9998917670499442,
            "_thrs_random_forest": 0.965
        },
        {
            "expression": "\u22a2 ( \ud835\udf11 \u2192 \u2200 x \ud835\udf11 )",
            "prop_expression": " \u22a2 ( \ud835\udf11 \u2192 \u2200 x \ud835\udf11 )",
            "step": 8,
            "theorem": "sbf.1",
            "ground_truth": "sbf.1 \u22a2 ( \ud835\udf11 \u2192 \u2200 x \ud835\udf11 )",
            "ground_truth_display": false,
            "statement_depth": 0,
            "_thrs_random_uniform": 0.20915057757999356,
            "_thrs_reconstruct": 0.0,
            "_thrs_obviousness": 0.0,
            "_thrs_weight": 1.0,
            "_thrs_complexity": 1.0,