{
    "theorem": "sbhb",
    "hyps": [
        [
            1,
            2
        ],
        [
            1,
            5
        ],
        [
            2,
            3
        ],
        [
            3,
            4
        ]
    ],
    "expression": "( ( \ud835\udf11 \u2192 \u2200 x \ud835\udf11 ) \u2194 \u2200 y ( \ud835\udf11 \u2192 [. y / x ]. \ud835\udf11 ) )",
    "steps": [
        {
            "expression": "\u22a2 ( ( \ud835\udf11 \u2192 \u2200 x \ud835\udf11 ) \u2194 \u2200 y ( \ud835\udf11 \u2192 [. y / x ]. \ud835\udf11 ) )",
            "prop_expression": "( \ud835\udf11 \u2194 \ud835\udf13 ), ( \ud835\udf12 \u2194 \ud835\udf13 ) \u22a2 ( \ud835\udf11 \u2194 \ud835\udf12 )",
            "step": 1,
            "theorem": "bitr4i",
            "ground_truth": "bitr4i \u22a2 ( ( \ud835\udf11 \u2192 \u2200 x \ud835\udf11 ) \u2194 \u2200 y ( \ud835\udf11 \u2192 [. y / x ]. \ud835\udf11 ) )",
            "ground_truth_display": false,
            "statement_depth": 0,
            "_thrs_random_uniform": 0.0017908579038011796,
            "_thrs_reconstruct": 0.006793024597047545,
            "_thrs_obviousness": 1.0,
            "_thrs_weight": 0.2857142857142857,
            "_thrs_complexity": 0.0,
            "_thrs_surprisingness": 0.5,
            "_thrs_intensity": 1.0,
            "_thrs_interestingness": 0.5571428571428572,
            "_thrs_logistic_regression": 0.9998805918980449,
            "_thrs_random_forest": 0.96
        },
        {
            "expression": "\u22a2 ( ( \ud835\udf11 \u2192 \u2200 x \ud835\udf11 ) \u2194 ( \ud835\udf11 \u2192 \u2200 y [. y / x ]. \ud835\udf11 ) )",
            "prop_expression": "( \ud835\udf11 \u2194 \ud835\udf13 ) \u22a2 ( ( \ud835\udf12 \u2192 \ud835\udf11 ) \u2194 ( \ud835\udf12 \u2192 \ud835\udf13 ) )",
            "step": 2,
            "theorem": "imbi2i",
            "ground_truth": "imbi2i \u22a2 ( ( \ud835\udf11 \u2192 \u2200 x \ud835\udf11 ) \u2194 ( \ud835\udf11 \u2192 \u2200 y [. y / x ]. \ud835\udf11 ) )",
            "ground_truth_display": false,
            "statement_depth": 0,
            "_thrs_random_uniform": 0.19234185116135105,
            "_thrs_reconstruct": 0.004433615290439428,
            "_thrs_obviousness": 0.9923298376002269,
            "_thrs_weight": 0.2857142857142857,
            "_thrs_complexity": 0.0,
            "_thrs_surprisingness": 0.5,
            "_thrs_intensity": 0.23076923076923078,
            "_thrs_interestingness": 0.40176267081674866,
            "_thrs_logistic_regression": 0.992482559218751,
            "_thrs_random_forest": 0.97
        },
        {
            "expression": "\u22a2 ( \u2200 x \ud835\udf11 \u2194 \u2200 y [. y / x ]. \ud835\udf11 )",
            "prop_expression": "( \ud835\udf11 \u2192 \u2200 y \ud835\udf11 ) \u22a2 ( \u2200 x \ud835\udf11 \u2194 \u2200 y [. y / x ]. \ud835\udf11 )",
            "step": 3,
            "theorem": "sb8",
            "ground_truth": "sb8 \u22a2 ( \u2200 x \ud835\udf11 \u2194 \u2200 y [. y / x ]. \ud835\udf11 )",
            "ground_truth_display": false,
            "statement_depth": 0,
            "_thrs_random_uniform": 0.02525061457981259,
            "_thrs_reconstruct": 1.0,
            "_thrs_obviousness": 0.9879490296872833,
            "_thrs_weight": 0.5714285714285714,
            "_thrs_complexity": 0.0,
            "_thrs_surprisingness": 0.5,
            "_thrs_intensity": 0.23076923076923078,
            "_thrs_interestingness": 0.4580293663770171,
            "_thrs_logistic_regression": 0.9942675067684862,
            "_thrs_random_forest": 0.9
        },
        {
            "expression": "\u22a2 ( \ud835\udf11 \u2192 \u2200 y \ud835\udf11 )",
            "prop_expression": " \u22a2 ( \ud835\udf11 \u2192 \u2200 x \ud835\udf11 )",
            "step": 4,
            "theorem": "ax-17",
            "ground_truth": "ax-17 \u22a2 ( \ud835\udf11 \u2192 \u2200 y \ud835\udf11 )",
            "ground_truth_display": false,
            "statement_depth": 0,
            "_thrs_random_uniform": 0.11183530202616154,
            "_thrs_reconstruct": 0.0,
            "_thrs_obviousness": 0.0,
            "_thrs_weight": 1.0,
            "_thrs_complexity": 1.0,
            "_thrs_surprisingness": 0.5,
            "_thrs_intensity": 0.18803418803418803,
            "_thrs_interestingness": 0.5376068376068377,
            "_thrs_logistic_regression": 0.5835448539366677,
            "_thrs_random_forest": 0.975
        },
        {
            "expression": "\u22a2 ( \u2200 y ( \ud835\udf11 \u2192 [. y / x ]. \ud835\udf11 ) \u2194 ( \ud835\udf11 \u2192 \u2200 y [. y / x ]. \ud835\udf11 ) )",
            "prop_expression": " \u22a2 ( \u2200 x ( \ud835\udf11 \u2192 \ud835\udf13 ) \u2194 ( \ud835\udf11 \u2192 \u2200 x \ud835\udf13 ) )",
            "step": 5,
            "theorem": "19.21v",
            "ground_truth": "19.21v \u22a2 ( \u2200 y ( \ud835\udf11 \u2192 [. y / x ]. \ud835\udf11 ) \u2194 ( \ud835\udf11 \u2192 \u2200 y [. y / x ]. \ud835\udf11 ) )",
            "ground_truth_display": false,
            "statement_depth": 0,
            "_thrs_random_uniform": 0.7561632332433698,
            "_thrs_reconstruct": 0.0009694383454918904,
            "_thrs_obviousness": 0.0009577550671053305,
            "_thrs_weight": 0.0,
            "_thrs_complexity": 0.0,
            "_thrs_surprisingness": 0.5,
            "_thrs_intensity": 0.0,
            "_thrs_interestingness": 0.10019155101342107,
            "_thrs_logistic_regression": 0.9692367992531167,
            "_thrs_random_forest": 0.99
        }
    ]
}