{
    "theorem": "sbhb",
    "hyps": [
        [
            1,
            2
        ],
        [
            1,
            5
        ],
        [
            2,
            3
        ],
        [
            3,
            4
        ]
    ],
    "expression": "( ( \ud835\udf11 \u2192 \u2200 x \ud835\udf11 ) \u2194 \u2200 y ( \ud835\udf11 \u2192 [. y / x ]. \ud835\udf11 ) )",
    "steps": [
        {
            "expression": "\u22a2 ( ( \ud835\udf11 \u2192 \u2200 x \ud835\udf11 ) \u2194 \u2200 y ( \ud835\udf11 \u2192 [. y / x ]. \ud835\udf11 ) )",
            "prop_expression": "( \ud835\udf11 \u2194 \ud835\udf13 ), ( \ud835\udf12 \u2194 \ud835\udf13 ) \u22a2 ( \ud835\udf11 \u2194 \ud835\udf12 )",
            "step": 1,
            "theorem": "bitr4i",
            "ground_truth": "bitr4i \u22a2 ( ( \ud835\udf11 \u2192 \u2200 x \ud835\udf11 ) \u2194 \u2200 y ( \ud835\udf11 \u2192 [. y / x ]. \ud835\udf11 ) )",
            "ground_truth_display": false,
            "statement_depth": 0,
            "_thrs_random_uniform": 0.0248,
            "_thrs_reconstruct": 0.00679,
            "_thrs_obviousness": 1.0,
            "_thrs_weight": 0.28571,
            "_thrs_complexity": 0.0,
            "_thrs_surprisingness": 0.5,
            "_thrs_intensity": 1.0,
            "_thrs_interestingness": 0.55714,
            "_thrs_logistic_regression": 0.99988,
            "_thrs_random_forest": 0.96
        },
        {
            "expression": "\u22a2 ( ( \ud835\udf11 \u2192 \u2200 x \ud835\udf11 ) \u2194 ( \ud835\udf11 \u2192 \u2200 y [. y / x ]. \ud835\udf11 ) )",
            "prop_expression": "( \ud835\udf11 \u2194 \ud835\udf13 ) \u22a2 ( ( \ud835\udf12 \u2192 \ud835\udf11 ) \u2194 ( \ud835\udf12 \u2192 \ud835\udf13 ) )",
            "step": 2,
            "theorem": "imbi2i",
            "ground_truth": "imbi2i \u22a2 ( ( \ud835\udf11 \u2192 \u2200 x \ud835\udf11 ) \u2194 ( \ud835\udf11 \u2192 \u2200 y [. y / x ]. \ud835\udf11 ) )",
            "ground_truth_display": false,
            "statement_depth": 0,
            "_thrs_random_uniform": 0.63649,
            "_thrs_reconstruct": 0.00443,
            "_thrs_obviousness": 0.99233,
            "_thrs_weight": 0.28571,
            "_thrs_complexity": 0.0,
            "_thrs_surprisingness": 0.5,
            "_thrs_intensity": 0.23077,
            "_thrs_interestingness": 0.40176,
            "_thrs_logistic_regression": 0.99248,
            "_thrs_random_forest": 0.97
        },
        {
            "expression": "\u22a2 ( \u2200 x \ud835\udf11 \u2194 \u2200 y [. y / x ]. \ud835\udf11 )",
            "prop_expression": "( \ud835\udf11 \u2192 \u2200 y \ud835\udf11 ) \u22a2 ( \u2200 x \ud835\udf11 \u2194 \u2200 y [. y / x ]. \ud835\udf11 )",
            "step": 3,
            "theorem": "sb8",
            "ground_truth": "sb8 \u22a2 ( \u2200 x \ud835\udf11 \u2194 \u2200 y [. y / x ]. \ud835\udf11 )",
            "ground_truth_display": false,
            "statement_depth": 0,
            "_thrs_random_uniform": 0.9814,
            "_thrs_reconstruct": 1.0,
            "_thrs_obviousness": 0.98795,
            "_thrs_weight": 0.57143,
            "_thrs_complexity": 0.0,
            "_thrs_surprisingness": 0.5,
            "_thrs_intensity": 0.23077,
            "_thrs_interestingness": 0.45803,
            "_thrs_logistic_regression": 0.99427,
            "_thrs_random_forest": 0.9
        },
        {
            "expression": "\u22a2 ( \ud835\udf11 \u2192 \u2200 y \ud835\udf11 )",
            "prop_expression": " \u22a2 ( \ud835\udf11 \u2192 \u2200 x \ud835\udf11 )",
            "step": 4,
            "theorem": "ax-17",
            "ground_truth": "ax-17 \u22a2 ( \ud835\udf11 \u2192 \u2200 y \ud835\udf11 )",
            "ground_truth_display": false,
            "statement_depth": 0,
            "_thrs_random_uniform": 0.68153,
            "_thrs_reconstruct": 0.0,
            "_thrs_obviousness": 0.0,
            "_thrs_weight": 1.0,
            "_thrs_complexity": 1.0,
            "_thrs_surprisingness": 0.5,
            "_thrs_intensity": 0.18803,
            "_thrs_interestingness": 0.53761,
            "_thrs_logistic_regression": 0.58354,
            "_thrs_random_forest": 0.975
        },
        {
            "expression": "\u22a2 ( \u2200 y ( \ud835\udf11 \u2192 [. y / x ]. \ud835\udf11 ) \u2194 ( \ud835\udf11 \u2192 \u2200 y [. y / x ]. \ud835\udf11 ) )",
            "prop_expression": " \u22a2 ( \u2200 x ( \ud835\udf11 \u2192 \ud835\udf13 ) \u2194 ( \ud835\udf11 \u2192 \u2200 x \ud835\udf13 ) )",
            "step": 5,
            "theorem": "19.21v",
            "ground_truth": "19.21v \u22a2 ( \u2200 y ( \ud835\udf11 \u2192 [. y / x ]. \ud835\udf11 ) \u2194 ( \ud835\udf11 \u2192 \u2200 y [. y / x ]. \ud835\udf11 ) )",
            "ground_truth_display": false,
            "statement_depth": 0,
            "_thrs_random_uniform": 0.88032,
            "_thrs_reconstruct": 0.00097,
            "_thrs_obviousness": 0.00096,
            "_thrs_weight": 0.0,
            "_thrs_complexity": 0.0,
            "_thrs_surprisingness": 0.5,
            "_thrs_intensity": 0.0,
            "_thrs_interestingness": 0.10019,
            "_thrs_logistic_regression": 0.96924,
            "_thrs_random_forest": 0.99
        }
    ]
}