{
    "theorem": "sbss",
    "hyps": [
        [
            1,
            2
        ],
        [
            1,
            6
        ],
        [
            1,
            8
        ],
        [
            2,
            3
        ],
        [
            3,
            4
        ],
        [
            3,
            5
        ],
        [
            6,
            7
        ],
        [
            8,
            9
        ],
        [
            8,
            10
        ]
    ],
    "expression": "( [. y / x ]. x \u2286 A \u2194 y \u2286 A )",
    "steps": [
        {
            "expression": "\u22a2 ( [. y / x ]. x \u2286 A \u2194 y \u2286 A )",
            "prop_expression": "( \ud835\udf11 \u2194 \ud835\udf13 ), ( \ud835\udf11 \u2194 \ud835\udf12 ), ( \ud835\udf13 \u2194 \ud835\udf03 ) \u22a2 ( \ud835\udf12 \u2194 \ud835\udf03 )",
            "step": 1,
            "theorem": "3bitr3i",
            "ground_truth": "3bitr3i \u22a2 ( [. y / x ]. x \u2286 A \u2194 y \u2286 A )",
            "ground_truth_display": false,
            "statement_depth": 0,
            "_thrs_random_uniform": 0.16580178464162576,
            "_thrs_reconstruct": 6.0880851341274895e-05,
            "_thrs_obviousness": 1.0,
            "_thrs_weight": 0.8,
            "_thrs_complexity": 1.0,
            "_thrs_surprisingness": 0.5,
            "_thrs_intensity": 1.0,
            "_thrs_interestingness": 0.86,
            "_thrs_logistic_regression": 0.9883657451840925,
            "_thrs_random_forest": 0.945
        },
        {
            "expression": "\u22a2 ( [. y / z ]. [. z / x ]. x \u2286 A \u2194 [. y / z ]. z \u2286 A )",
            "prop_expression": "( \ud835\udf11 \u2194 \ud835\udf13 ) \u22a2 ( [. y / x ]. \ud835\udf11 \u2194 [. y / x ]. \ud835\udf13 )",
            "step": 2,
            "theorem": "sbbii",
            "ground_truth": "sbbii \u22a2 ( [. y / z ]. [. z / x ]. x \u2286 A \u2194 [. y / z ]. z \u2286 A )",
            "ground_truth_display": false,
            "statement_depth": 0,
            "_thrs_random_uniform": 0.7160849667661771,
            "_thrs_reconstruct": 0.0015821246942088682,
            "_thrs_obviousness": 0.1842856103793004,
            "_thrs_weight": 0.0,
            "_thrs_complexity": 0.0,
            "_thrs_surprisingness": 0.5,
            "_thrs_intensity": 0.1234567901234568,
            "_thrs_interestingness": 0.16154848010055145,
            "_thrs_logistic_regression": 0.9837075981495927,
            "_thrs_random_forest": 0.935
        },
        {
            "expression": "\u22a2 ( [. z / x ]. x \u2286 A \u2194 z \u2286 A )",
            "prop_expression": "( \ud835\udf13 \u2192 \u2200 x \ud835\udf13 ), ( x = y \u2192 ( \ud835\udf11 \u2194 \ud835\udf13 ) ) \u22a2 ( [. y / x ]. \ud835\udf11 \u2194 \ud835\udf13 )",
            "step": 3,
            "theorem": "sbie",
            "ground_truth": "sbie \u22a2 ( [. z / x ]. x \u2286 A \u2194 z \u2286 A )",
            "ground_truth_display": false,
            "statement_depth": 0,
            "_thrs_random_uniform": 0.15769319419322836,
            "_thrs_reconstruct": 0.0021784348606713006,
            "_thrs_obviousness": 0.18328508720511996,
            "_thrs_weight": 0.8,
            "_thrs_complexity": 1.0,
            "_thrs_surprisingness": 0.5,
            "_thrs_intensity": 0.5092592592592592,
            "_thrs_interestingness": 0.5985088692928758,
            "_thrs_logistic_regression": 0.8657777384802069,
            "_thrs_random_forest": 0.87
        },
        {
            "expression": "\u22a2 ( z \u2286 A \u2192 \u2200 x z \u2286 A )",
            "prop_expression": " \u22a2 ( \ud835\udf11 \u2192 \u2200 x \ud835\udf11 )",
            "step": 4,
            "theorem": "ax-17",
            "ground_truth": "ax-17 \u22a2 ( z \u2286 A \u2192 \u2200 x z \u2286 A )",
            "ground_truth_display": false,
            "statement_depth": 0,
            "_thrs_random_uniform": 0.20369781079413707,
            "_thrs_reconstruct": 0.0,
            "_thrs_obviousness": 0.0,
            "_thrs_weight": 1.0,
            "_thrs_complexity": 1.0,
            "_thrs_surprisingness": 0.5,
            "_thrs_intensity": 0.026455026455026443,
            "_thrs_interestingness": 0.5052910052910053,
            "_thrs_logistic_regression": 0.3694713004124288,
            "_thrs_random_forest": 0.575
        },
        {
            "expression": "\u22a2 ( x = z \u2192 ( x \u2286 A \u2194 z \u2286 A ) )",
            "prop_expression": " \u22a2 ( A = B \u2192 ( A \u2286 C \u2194 B \u2286 C ) )",
            "step": 5,
            "theorem": "sseq1",
            "ground_truth": "sseq1 \u22a2 ( x = z \u2192 ( x \u2286 A \u2194 z \u2286 A ) )",
            "ground_truth_display": false,
            "statement_depth": 0,
            "_thrs_random_uniform": 0.49676205646388905,
            "_thrs_reconstruct": 0.2876503939199607,
            "_thrs_obviousness": 0.18190746088829582,
            "_thrs_weight": 0.8,
            "_thrs_complexity": 1.0,
            "_thrs_surprisingness": 0.5,
            "_thrs_intensity": 0.0,
            "_thrs_interestingness": 0.4963814921776592,
            "_thrs_logistic_regression": 0.2924433149860489,
            "_thrs_random_forest": 0.5975
        },
        {
            "expression": "\u22a2 ( [. y / z ]. [. z / x ]. x \u2286 A \u2194 [. y / x ]. x \u2286 A )",
            "prop_expression": "( \ud835\udf11 \u2192 \u2200 z \ud835\udf11 ) \u22a2 ( [. y / z ]. [. z / x ]. \ud835\udf11 \u2194 [. y / x ]. \ud835\udf11 )",
            "step": 6,
            "theorem": "sbco2",
            "ground_truth": "sbco2 \u22a2 ( [. y / z ]. [. z / x ]. x \u2286 A \u2194 [. y / x ]. x \u2286 A )",
            "ground_truth_display": false,
            "statement_depth": 0,
            "_thrs_random_uniform": 0.9128646200141924,
            "_thrs_reconstruct": 1.0,
            "_thrs_obviousness": 0.6323907956759439,
            "_thrs_weight": 0.0,
            "_thrs_complexity": 0.0,
            "_thrs_surprisingness": 0.5,
            "_thrs_intensity": 0.08487654320987656,
            "_thrs_interestingness": 0.2434534677771641,
            "_thrs_logistic_regression": 0.9792472852433933,
            "_thrs_random_forest": 0.955
        },
        {
            "expression": "\u22a2 ( x \u2286 A \u2192 \u2200 z x \u2286 A )",
            "prop_expression": " \u22a2 ( \ud835\udf11 \u2192 \u2200 x \ud835\udf11 )",
            "step": 7,
            "theorem": "ax-17",
            "ground_truth": "ax-17 \u22a2 ( x \u2286 A \u2192 \u2200 z x \u2286 A )",
            "ground_truth_display": false,
            "statement_depth": 0,
            "_thrs_random_uniform": 0.08331045739873066,
            "_thrs_reconstruct": 0.0,
            "_thrs_obviousness": 0.0,
            "_thrs_weight": 1.0,
            "_thrs_complexity": 1.0,
            "_thrs_surprisingness": 0.5,
            "_thrs_intensity": 0.026455026455026443,
            "_thrs_interestingness": 0.5052910052910053,
            "_thrs_logistic_regression": 0.3694713004124288,
            "_thrs_random_forest": 0.65
        },
        {
            "expression": "\u22a2 ( [. y / z ]. z \u2286 A \u2194 y \u2286 A )",
            "prop_expression": "( \ud835\udf13 \u2192 \u2200 x \ud835\udf13 ), ( x = y \u2192 ( \ud835\udf11 \u2194 \ud835\udf13 ) ) \u22a2 ( [. y / x ]. \ud835\udf11 \u2194 \ud835\udf13 )",
            "step": 8,
            "theorem": "sbie",
            "ground_truth": "sbie \u22a2 ( [. y / z ]. z \u2286 A \u2194 y \u2286 A )",
            "ground_truth_display": false,
            "statement_depth": 0,
            "_thrs_random_uniform": 0.7170722790996119,
            "_thrs_reconstruct": 0.0021784348606713006,
            "_thrs_obviousness": 0.18328508720511996,
            "_thrs_weight": 0.8,
            "_thrs_complexity": 1.0,
            "_thrs_surprisingness": 0.5,
            "_thrs_intensity": 0.5092592592592592,