{
    "theorem": "sdomen2",
    "hyps": [
        [
            1,
            2
        ],
        [
            1,
            4
        ],
        [
            2,
            3
        ],
        [
            4,
            5
        ],
        [
            4,
            6
        ],
        [
            6,
            7
        ]
    ],
    "expression": "( A \u2248 B \u2192 ( C \u227a A \u2194 C \u227a B ) )",
    "steps": [
        {
            "expression": "\u22a2 ( A \u2248 B \u2192 ( C \u227a A \u2194 C \u227a B ) )",
            "prop_expression": "( ( \ud835\udf11 \u2227 \ud835\udf13 ) \u2192 \ud835\udf12 ), ( ( \ud835\udf11 \u2227 \ud835\udf12 ) \u2192 \ud835\udf13 ) \u22a2 ( \ud835\udf11 \u2192 ( \ud835\udf13 \u2194 \ud835\udf12 ) )",
            "step": 1,
            "theorem": "impbida",
            "ground_truth": "impbida \u22a2 ( A \u2248 B \u2192 ( C \u227a A \u2194 C \u227a B ) )",
            "ground_truth_display": false,
            "statement_depth": 0,
            "_thrs_random_uniform": 0.251449628842193,
            "_thrs_reconstruct": 4.807166341237305e-13,
            "_thrs_obviousness": 1.0,
            "_thrs_weight": 0.0,
            "_thrs_complexity": 0.0,
            "_thrs_surprisingness": 1.0,
            "_thrs_intensity": 1.0,
            "_thrs_interestingness": 0.6,
            "_thrs_logistic_regression": 0.9996913885209483,
            "_thrs_random_forest": 0.92
        },
        {
            "expression": "\u22a2 ( ( A \u2248 B \u2227 C \u227a A ) \u2192 C \u227a B )",
            "prop_expression": "( ( \ud835\udf11 \u2227 \ud835\udf13 ) \u2192 \ud835\udf12 ) \u22a2 ( ( \ud835\udf13 \u2227 \ud835\udf11 ) \u2192 \ud835\udf12 )",
            "step": 2,
            "theorem": "ancoms",
            "ground_truth": "ancoms \u22a2 ( ( A \u2248 B \u2227 C \u227a A ) \u2192 C \u227a B )",
            "ground_truth_display": false,
            "statement_depth": 0,
            "_thrs_random_uniform": 0.49258055880987395,
            "_thrs_reconstruct": 0.0,
            "_thrs_obviousness": 0.3444973567037541,
            "_thrs_weight": 0.0,
            "_thrs_complexity": 0.0,
            "_thrs_surprisingness": 1.0,
            "_thrs_intensity": 0.3333333333333333,
            "_thrs_interestingness": 0.33556613800741747,
            "_thrs_logistic_regression": 0.9894613679713142,
            "_thrs_random_forest": 0.86
        },
        {
            "expression": "\u22a2 ( ( C \u227a A \u2227 A \u2248 B ) \u2192 C \u227a B )",
            "prop_expression": " \u22a2 ( ( A \u227a B \u2227 B \u2248 C ) \u2192 A \u227a C )",
            "step": 3,
            "theorem": "sdomentr",
            "ground_truth": "sdomentr \u22a2 ( ( C \u227a A \u2227 A \u2248 B ) \u2192 C \u227a B )",
            "ground_truth_display": false,
            "statement_depth": 0,
            "_thrs_random_uniform": 0.002226595792293451,
            "_thrs_reconstruct": 1.0,
            "_thrs_obviousness": 0.3444973567034513,
            "_thrs_weight": 0.0,
            "_thrs_complexity": 0.0,
            "_thrs_surprisingness": 1.0,
            "_thrs_intensity": 0.037037037037037056,
            "_thrs_interestingness": 0.2763068787480977,
            "_thrs_logistic_regression": 0.9499504037043044,
            "_thrs_random_forest": 0.89
        },
        {
            "expression": "\u22a2 ( ( A \u2248 B \u2227 C \u227a B ) \u2192 C \u227a A )",
            "prop_expression": "( \ud835\udf11 \u2192 \ud835\udf13 ), ( ( \ud835\udf13 \u2227 \ud835\udf12 ) \u2192 \ud835\udf03 ) \u22a2 ( ( \ud835\udf11 \u2227 \ud835\udf12 ) \u2192 \ud835\udf03 )",
            "step": 4,
            "theorem": "sylan",
            "ground_truth": "sylan \u22a2 ( ( A \u2248 B \u2227 C \u227a B ) \u2192 C \u227a A )",
            "ground_truth_display": false,
            "statement_depth": 0,
            "_thrs_random_uniform": 0.8769698465359398,
            "_thrs_reconstruct": 7.188011923119559e-15,
            "_thrs_obviousness": 0.4999999999998816,
            "_thrs_weight": 0.0,
            "_thrs_complexity": 0.0,
            "_thrs_surprisingness": 1.0,
            "_thrs_intensity": 0.7777777777777777,
            "_thrs_interestingness": 0.4555555555555319,
            "_thrs_logistic_regression": 0.9990199034687388,
            "_thrs_random_forest": 0.995
        },
        {
            "expression": "\u22a2 ( A \u2248 B \u2192 B \u2248 A )",
            "prop_expression": " \u22a2 ( A \u2248 B \u2192 B \u2248 A )",
            "step": 5,
            "theorem": "ensym",
            "ground_truth": "ensym \u22a2 ( A \u2248 B \u2192 B \u2248 A )",
            "ground_truth_display": false,
            "statement_depth": 0,
            "_thrs_random_uniform": 0.29304617837439584,
            "_thrs_reconstruct": 0.31100528659167764,
            "_thrs_obviousness": 0.0,
            "_thrs_weight": 1.0,
            "_thrs_complexity": 1.0,
            "_thrs_surprisingness": 0.0,
            "_thrs_intensity": 0.0,
            "_thrs_interestingness": 0.4,
            "_thrs_logistic_regression": 0.5,
            "_thrs_random_forest": 0.815
        },
        {
            "expression": "\u22a2 ( ( B \u2248 A \u2227 C \u227a B ) \u2192 C \u227a A )",
            "prop_expression": "( ( \ud835\udf11 \u2227 \ud835\udf13 ) \u2192 \ud835\udf12 ) \u22a2 ( ( \ud835\udf13 \u2227 \ud835\udf11 ) \u2192 \ud835\udf12 )",
            "step": 6,
            "theorem": "ancoms",
            "ground_truth": "ancoms \u22a2 ( ( B \u2248 A \u2227 C \u227a B ) \u2192 C \u227a A )",
            "ground_truth_display": false,
            "statement_depth": 0,
            "_thrs_random_uniform": 0.8349770235200862,
            "_thrs_reconstruct": 0.0,
            "_thrs_obviousness": 0.3444973567037541,
            "_thrs_weight": 0.0,
            "_thrs_complexity": 0.0,
            "_thrs_surprisingness": 1.0,
            "_thrs_intensity": 0.3333333333333333,
            "_thrs_interestingness": 0.33556613800741747,
            "_thrs_logistic_regression": 0.9894613679713142,
            "_thrs_random_forest": 0.375
        },
        {
            "expression": "\u22a2 ( ( C \u227a B \u2227 B \u2248 A ) \u2192 C \u227a A )",
            "prop_expression": " \u22a2 ( ( A \u227a B \u2227 B \u2248 C ) \u2192 A \u227a C )",
            "step": 7,
            "theorem": "sdomentr",
            "ground_truth": "sdomentr \u22a2 ( ( C \u227a B \u2227 B \u2248 A ) \u2192 C \u227a A )",
            "ground_truth_display": false,
            "statement_depth": 0,
            "_thrs_random_uniform": 0.3278382545322992,
            "_thrs_reconstruct": 1.0,
            "_thrs_obviousness": 0.3444973567034513,
            "_thrs_weight": 0.0,
            "_thrs_complexity": 0.0,
            "_thrs_surprisingness": 1.0,
            "_thrs_intensity": 0.037037037037037056,
            "_thrs_interestingness": 0.2763068787480977,
            "_thrs_logistic_regression": 0.9499504037043044,
            "_thrs_random_forest": 0.89
        }
    ]
}