{
    "theorem": "sess2",
    "hyps": [
        [
            1,
            2
        ],
        [
            1,
            9
        ],
        [
            1,
            10
        ],
        [
            2,
            3
        ],
        [
            2,
            4
        ],
        [
            4,
            5
        ],
        [
            5,
            6
        ],
        [
            5,
            7
        ],
        [
            7,
            8
        ]
    ],
    "expression": "( A \u2286 B \u2192 ( R Se B \u2192 R Se A ) )",
    "steps": [
        {
            "expression": "\u22a2 ( A \u2286 B \u2192 ( R Se B \u2192 R Se A ) )",
            "prop_expression": "( \ud835\udf11 \u2192 ( \ud835\udf13 \u2192 \ud835\udf12 ) ), ( \ud835\udf03 \u2194 \ud835\udf13 ), ( \ud835\udf0f \u2194 \ud835\udf12 ) \u22a2 ( \ud835\udf11 \u2192 ( \ud835\udf03 \u2192 \ud835\udf0f ) )",
            "step": 1,
            "theorem": "3imtr4g",
            "ground_truth": "3imtr4g \u22a2 ( A \u2286 B \u2192 ( R Se B \u2192 R Se A ) )",
            "ground_truth_display": false,
            "statement_depth": 0,
            "_thrs_random_uniform": 0.16735,
            "_thrs_reconstruct": 0.0,
            "_thrs_obviousness": 1.0,
            "_thrs_weight": 1.0,
            "_thrs_complexity": 1.0,
            "_thrs_surprisingness": 0.77778,
            "_thrs_intensity": 1.0,
            "_thrs_interestingness": 0.95556,
            "_thrs_logistic_regression": 0.98603,
            "_thrs_random_forest": 0.97
        },
        {
            "expression": "\u22a2 ( A \u2286 B \u2192 ( \u2200 x \u2208 B { y \u2208 B | y R x } \u2208 V \u2192 \u2200 x \u2208 A { y \u2208 A | y R x } \u2208 V ) )",
            "prop_expression": "( \ud835\udf11 \u2192 ( \ud835\udf13 \u2192 \ud835\udf12 ) ), ( \ud835\udf11 \u2192 ( \ud835\udf12 \u2192 \ud835\udf03 ) ) \u22a2 ( \ud835\udf11 \u2192 ( \ud835\udf13 \u2192 \ud835\udf03 ) )",
            "step": 2,
            "theorem": "syld",
            "ground_truth": "syld \u22a2 ( A \u2286 B \u2192 ( \u2200 x \u2208 B { y \u2208 B | y R x } \u2208 V \u2192 \u2200 x \u2208 A { y \u2208 A | y R x } \u2208 V ) )",
            "ground_truth_display": false,
            "statement_depth": 0,
            "_thrs_random_uniform": 0.49853,
            "_thrs_reconstruct": 0.0,
            "_thrs_obviousness": 1.0,
            "_thrs_weight": 0.2,
            "_thrs_complexity": 0.0,
            "_thrs_surprisingness": 1.0,
            "_thrs_intensity": 0.57553,
            "_thrs_interestingness": 0.55511,
            "_thrs_logistic_regression": 0.99749,
            "_thrs_random_forest": 0.965
        },
        {
            "expression": "\u22a2 ( A \u2286 B \u2192 ( \u2200 x \u2208 B { y \u2208 B | y R x } \u2208 V \u2192 \u2200 x \u2208 A { y \u2208 B | y R x } \u2208 V ) )",
            "prop_expression": " \u22a2 ( A \u2286 B \u2192 ( \u2200 x \u2208 B \ud835\udf11 \u2192 \u2200 x \u2208 A \ud835\udf11 ) )",
            "step": 3,
            "theorem": "ssralv",
            "ground_truth": "ssralv \u22a2 ( A \u2286 B \u2192 ( \u2200 x \u2208 B { y \u2208 B | y R x } \u2208 V \u2192 \u2200 x \u2208 A { y \u2208 B | y R x } \u2208 V ) )",
            "ground_truth_display": false,
            "statement_depth": 0,
            "_thrs_random_uniform": 0.94406,
            "_thrs_reconstruct": 0.00064,
            "_thrs_obviousness": 0.00058,
            "_thrs_weight": 0.2,
            "_thrs_complexity": 0.0,
            "_thrs_surprisingness": 1.0,
            "_thrs_intensity": 0.01473,
            "_thrs_interestingness": 0.24306,
            "_thrs_logistic_regression": 0.95449,
            "_thrs_random_forest": 0.67833
        },
        {
            "expression": "\u22a2 ( A \u2286 B \u2192 ( \u2200 x \u2208 A { y \u2208 B | y R x } \u2208 V \u2192 \u2200 x \u2208 A { y \u2208 A | y R x } \u2208 V ) )",
            "prop_expression": "( \ud835\udf11 \u2192 ( \ud835\udf13 \u2192 \ud835\udf12 ) ) \u22a2 ( \ud835\udf11 \u2192 ( \u2200 x \u2208 A \ud835\udf13 \u2192 \u2200 x \u2208 A \ud835\udf12 ) )",
            "step": 4,
            "theorem": "ralimdv",
            "ground_truth": "ralimdv \u22a2 ( A \u2286 B \u2192 ( \u2200 x \u2208 A { y \u2208 B | y R x } \u2208 V \u2192 \u2200 x \u2208 A { y \u2208 A | y R x } \u2208 V ) )",
            "ground_truth_display": false,
            "statement_depth": 0,
            "_thrs_random_uniform": 0.41363,
            "_thrs_reconstruct": 0.0,
            "_thrs_obviousness": 0.99942,
            "_thrs_weight": 0.2,
            "_thrs_complexity": 0.0,
            "_thrs_surprisingness": 1.0,
            "_thrs_intensity": 0.16161,
            "_thrs_interestingness": 0.47221,
            "_thrs_logistic_regression": 0.97703,
            "_thrs_random_forest": 0.795
        },
        {
            "expression": "\u22a2 ( A \u2286 B \u2192 ( { y \u2208 B | y R x } \u2208 V \u2192 { y \u2208 A | y R x } \u2208 V ) )",
            "prop_expression": "( \ud835\udf11 \u2192 \ud835\udf13 ), ( \ud835\udf13 \u2192 \ud835\udf12 ) \u22a2 ( \ud835\udf11 \u2192 \ud835\udf12 )",
            "step": 5,
            "theorem": "syl",
            "ground_truth": "syl \u22a2 ( A \u2286 B \u2192 ( { y \u2208 B | y R x } \u2208 V \u2192 { y \u2208 A | y R x } \u2208 V ) )",
            "ground_truth_display": false,
            "statement_depth": 0,
            "_thrs_random_uniform": 0.3941,
            "_thrs_reconstruct": 0.0,
            "_thrs_obviousness": 0.99942,
            "_thrs_weight": 0.5,
            "_thrs_complexity": 0.0,
            "_thrs_surprisingness": 1.0,
            "_thrs_intensity": 0.69851,
            "_thrs_interestingness": 0.63959,
            "_thrs_logistic_regression": 0.99903,
            "_thrs_random_forest": 0.89
        },
        {
            "expression": "\u22a2 ( A \u2286 B \u2192 { y \u2208 A | y R x } \u2286 { y \u2208 B | y R x } )",
            "prop_expression": " \u22a2 ( A \u2286 B \u2192 { x \u2208 A | \ud835\udf11 } \u2286 { x \u2208 B | \ud835\udf11 } )",
            "step": 6,
            "theorem": "rabss2",
            "ground_truth": "rabss2 \u22a2 ( A \u2286 B \u2192 { y \u2208 A | y R x } \u2286 { y \u2208 B | y R x } )",
            "ground_truth_display": false,
            "statement_depth": 0,
            "_thrs_random_uniform": 0.06298,
            "_thrs_reconstruct": 0.10682,
            "_thrs_obviousness": 0.09646,
            "_thrs_weight": 0.65,
            "_thrs_complexity": 0.33333,
            "_thrs_surprisingness": 0.0,
            "_thrs_intensity": 0.05396,
            "_thrs_interestingness": 0.22675,
            "_thrs_logistic_regression": 0.96566,
            "_thrs_random_forest": 0.785
        },
        {
            "expression": "\u22a2 ( { y \u2208 A | y R x } \u2286 { y \u2208 B | y R x } \u2192 ( { y \u2208 B | y R x } \u2208 V \u2192 { y \u2208 A | y R x } \u2208 V ) )",
            "prop_expression": "( ( \ud835\udf11 \u2227 \ud835\udf13 ) \u2192 \ud835\udf12 ) \u22a2 ( \ud835\udf11 \u2192 ( \ud835\udf13 \u2192 \ud835\udf12 ) )",
            "step": 7,
            "theorem": "ex",
            "ground_truth": "ex \u22a2 ( { y \u2208 A | y R x } \u2286 { y \u2208 B | y R x } \u2192 ( { y \u2208 B | y R x } \u2208 V \u2192 { y \u2208 A | y R x } \u2208 V ) )",
            "ground_truth_display": false,
            "statement_depth": 0,
            "_thrs_random_uniform": 0.33268,
            "_thrs_reconstruct": 0.0,
            "_thrs_obviousness": 0.90296,
            "_thrs_weight": 0.0,
            "_thrs_complexity": 0.0,
            "_thrs_surprisingness": 1.0,
            "_thrs_intensity": 0.24172,
            "_thrs_interestingness": 0.42894,
            "_thrs_logistic_regression": 0.98201,