{
    "theorem": "simp122",
    "hyps": [
        [
            1,
            2
        ]
    ],
    "expression": "( ( ( \ud835\udf03 \u2227 ( \ud835\udf11 \u2227 \ud835\udf13 \u2227 \ud835\udf12 ) \u2227 \ud835\udf0f ) \u2227 \u03b7 \u2227 \ud835\udf01 ) \u2192 \ud835\udf13 )",
    "steps": [
        {
            "number": 1043,
            "expression": "\u22a2 ( ( ( \ud835\udf03 \u2227 ( \ud835\udf11 \u2227 \ud835\udf13 \u2227 \ud835\udf12 ) \u2227 \ud835\udf0f ) \u2227 \u03b7 \u2227 \ud835\udf01 ) \u2192 \ud835\udf13 )",
            "prop_expression": "( \ud835\udf11 \u2192 \ud835\udf12 ) \u22a2 ( ( \ud835\udf11 \u2227 \ud835\udf13 \u2227 \ud835\udf03 ) \u2192 \ud835\udf12 )",
            "step": 1,
            "theorem": "3ad2ant1",
            "ground_truth": "3ad2ant1 \u22a2 ( ( ( \ud835\udf03 \u2227 ( \ud835\udf11 \u2227 \ud835\udf13 \u2227 \ud835\udf12 ) \u2227 \ud835\udf0f ) \u2227 \u03b7 \u2227 \ud835\udf01 ) \u2192 \ud835\udf13 )",
            "ground_truth_display": false,
            "statement_depth": 0,
            "_thrs_random_uniform": 0.88112,
            "_thrs_reconstruct": 1.0,
            "_thrs_obviousness": 1.0,
            "_thrs_weight": 0.0,
            "_thrs_complexity": 0.0,
            "_thrs_surprisingness": 0.5,
            "_thrs_intensity": 1.0,
            "_thrs_interestingness": 0.5,
            "_thrs_logistic_regression": 0.99984,
            "_thrs_random_forest": 0.665
        },
        {
            "number": 1043,
            "expression": "\u22a2 ( ( \ud835\udf03 \u2227 ( \ud835\udf11 \u2227 \ud835\udf13 \u2227 \ud835\udf12 ) \u2227 \ud835\udf0f ) \u2192 \ud835\udf13 )",
            "prop_expression": " \u22a2 ( ( \ud835\udf11 \u2227 ( \ud835\udf13 \u2227 \ud835\udf12 \u2227 \ud835\udf03 ) \u2227 \ud835\udf0f ) \u2192 \ud835\udf12 )",
            "step": 2,
            "theorem": "simp22",
            "ground_truth": "simp22 \u22a2 ( ( \ud835\udf03 \u2227 ( \ud835\udf11 \u2227 \ud835\udf13 \u2227 \ud835\udf12 ) \u2227 \ud835\udf0f ) \u2192 \ud835\udf13 )",
            "ground_truth_display": false,
            "statement_depth": 0,
            "_thrs_random_uniform": 0.82057,
            "_thrs_reconstruct": 0.0,
            "_thrs_obviousness": 0.0,
            "_thrs_weight": 1.0,
            "_thrs_complexity": 1.0,
            "_thrs_surprisingness": 0.5,
            "_thrs_intensity": 0.0,
            "_thrs_interestingness": 0.5,
            "_thrs_logistic_regression": 0.33688,
            "_thrs_random_forest": 0.775
        }
    ],
    "is_train": false
}