{
    "theorem": "simpr33",
    "hyps": [
        [
            1,
            2
        ]
    ],
    "expression": "( ( \u03b7 \u2227 ( \ud835\udf03 \u2227 \ud835\udf0f \u2227 ( \ud835\udf11 \u2227 \ud835\udf13 \u2227 \ud835\udf12 ) ) ) \u2192 \ud835\udf12 )",
    "steps": [
        {
            "number": 1002,
            "expression": "\u22a2 ( ( \u03b7 \u2227 ( \ud835\udf03 \u2227 \ud835\udf0f \u2227 ( \ud835\udf11 \u2227 \ud835\udf13 \u2227 \ud835\udf12 ) ) ) \u2192 \ud835\udf12 )",
            "prop_expression": "( \ud835\udf11 \u2192 \ud835\udf13 ) \u22a2 ( ( \ud835\udf12 \u2227 \ud835\udf11 ) \u2192 \ud835\udf13 )",
            "step": 1,
            "theorem": "adantl",
            "ground_truth": "adantl \u22a2 ( ( \u03b7 \u2227 ( \ud835\udf03 \u2227 \ud835\udf0f \u2227 ( \ud835\udf11 \u2227 \ud835\udf13 \u2227 \ud835\udf12 ) ) ) \u2192 \ud835\udf12 )",
            "ground_truth_display": false,
            "statement_depth": 0,
            "_thrs_random_uniform": 0.12212,
            "_thrs_reconstruct": 0.0,
            "_thrs_obviousness": 1.0,
            "_thrs_weight": 0.0,
            "_thrs_complexity": 0.0,
            "_thrs_surprisingness": 0.5,
            "_thrs_intensity": 1.0,
            "_thrs_interestingness": 0.5,
            "_thrs_logistic_regression": 0.99984,
            "_thrs_random_forest": 0.645
        },
        {
            "number": 1002,
            "expression": "\u22a2 ( ( \ud835\udf03 \u2227 \ud835\udf0f \u2227 ( \ud835\udf11 \u2227 \ud835\udf13 \u2227 \ud835\udf12 ) ) \u2192 \ud835\udf12 )",
            "prop_expression": " \u22a2 ( ( \ud835\udf11 \u2227 \ud835\udf13 \u2227 ( \ud835\udf12 \u2227 \ud835\udf03 \u2227 \ud835\udf0f ) ) \u2192 \ud835\udf0f )",
            "step": 2,
            "theorem": "simp33",
            "ground_truth": "simp33 \u22a2 ( ( \ud835\udf03 \u2227 \ud835\udf0f \u2227 ( \ud835\udf11 \u2227 \ud835\udf13 \u2227 \ud835\udf12 ) ) \u2192 \ud835\udf12 )",
            "ground_truth_display": false,
            "statement_depth": 0,
            "_thrs_random_uniform": 0.0912,
            "_thrs_reconstruct": 1.0,
            "_thrs_obviousness": 0.0,
            "_thrs_weight": 1.0,
            "_thrs_complexity": 1.0,
            "_thrs_surprisingness": 0.5,
            "_thrs_intensity": 0.0,
            "_thrs_interestingness": 0.5,
            "_thrs_logistic_regression": 0.33688,
            "_thrs_random_forest": 0.86
        }
    ],
    "is_train": true
}