{
    "theorem": "simp1r1",
    "hyps": [
        [
            1,
            2
        ]
    ],
    "expression": "( ( ( \ud835\udf03 \u2227 ( \ud835\udf11 \u2227 \ud835\udf13 \u2227 \ud835\udf12 ) ) \u2227 \ud835\udf0f \u2227 \u03b7 ) \u2192 \ud835\udf11 )",
    "steps": [
        {
            "expression": "\u22a2 ( ( ( \ud835\udf03 \u2227 ( \ud835\udf11 \u2227 \ud835\udf13 \u2227 \ud835\udf12 ) ) \u2227 \ud835\udf0f \u2227 \u03b7 ) \u2192 \ud835\udf11 )",
            "prop_expression": "( \ud835\udf11 \u2192 \ud835\udf12 ) \u22a2 ( ( \ud835\udf11 \u2227 \ud835\udf13 \u2227 \ud835\udf03 ) \u2192 \ud835\udf12 )",
            "step": 1,
            "theorem": "3ad2ant1",
            "ground_truth": "3ad2ant1 \u22a2 ( ( ( \ud835\udf03 \u2227 ( \ud835\udf11 \u2227 \ud835\udf13 \u2227 \ud835\udf12 ) ) \u2227 \ud835\udf0f \u2227 \u03b7 ) \u2192 \ud835\udf11 )",
            "ground_truth_display": false,
            "statement_depth": 0,
            "_thrs_random_uniform": 0.6714826961277423,
            "_thrs_reconstruct": 1.0,
            "_thrs_obviousness": 1.0,
            "_thrs_weight": 0.0,
            "_thrs_complexity": 0.0,
            "_thrs_surprisingness": 0.5,
            "_thrs_intensity": 1.0,
            "_thrs_interestingness": 0.5,
            "_thrs_logistic_regression": 0.9998431944152827,
            "_thrs_random_forest": 0.675
        },
        {
            "expression": "\u22a2 ( ( \ud835\udf03 \u2227 ( \ud835\udf11 \u2227 \ud835\udf13 \u2227 \ud835\udf12 ) ) \u2192 \ud835\udf11 )",
            "prop_expression": " \u22a2 ( ( \ud835\udf11 \u2227 ( \ud835\udf13 \u2227 \ud835\udf12 \u2227 \ud835\udf03 ) ) \u2192 \ud835\udf13 )",
            "step": 2,
            "theorem": "simpr1",
            "ground_truth": "simpr1 \u22a2 ( ( \ud835\udf03 \u2227 ( \ud835\udf11 \u2227 \ud835\udf13 \u2227 \ud835\udf12 ) ) \u2192 \ud835\udf11 )",
            "ground_truth_display": false,
            "statement_depth": 0,
            "_thrs_random_uniform": 0.6334204879222376,
            "_thrs_reconstruct": 0.0,
            "_thrs_obviousness": 0.0,
            "_thrs_weight": 1.0,
            "_thrs_complexity": 1.0,
            "_thrs_surprisingness": 0.5,
            "_thrs_intensity": 0.0,
            "_thrs_interestingness": 0.5,
            "_thrs_logistic_regression": 0.33688020817427905,
            "_thrs_random_forest": 0.915
        }
    ]
}