{
    "theorem": "simpl13",
    "hyps": [
        [
            1,
            2
        ]
    ],
    "expression": "( ( ( ( \ud835\udf11 \u2227 \ud835\udf13 \u2227 \ud835\udf12 ) \u2227 \ud835\udf03 \u2227 \ud835\udf0f ) \u2227 \u03b7 ) \u2192 \ud835\udf12 )",
    "steps": [
        {
            "number": 987,
            "expression": "\u22a2 ( ( ( ( \ud835\udf11 \u2227 \ud835\udf13 \u2227 \ud835\udf12 ) \u2227 \ud835\udf03 \u2227 \ud835\udf0f ) \u2227 \u03b7 ) \u2192 \ud835\udf12 )",
            "prop_expression": "( \ud835\udf11 \u2192 \ud835\udf13 ) \u22a2 ( ( \ud835\udf11 \u2227 \ud835\udf12 ) \u2192 \ud835\udf13 )",
            "step": 1,
            "theorem": "adantr",
            "ground_truth": "adantr \u22a2 ( ( ( ( \ud835\udf11 \u2227 \ud835\udf13 \u2227 \ud835\udf12 ) \u2227 \ud835\udf03 \u2227 \ud835\udf0f ) \u2227 \u03b7 ) \u2192 \ud835\udf12 )",
            "ground_truth_display": false,
            "statement_depth": 0,
            "_thrs_random_uniform": 0.96716,
            "_thrs_reconstruct": 0.0,
            "_thrs_obviousness": 1.0,
            "_thrs_weight": 0.0,
            "_thrs_complexity": 0.0,
            "_thrs_surprisingness": 0.5,
            "_thrs_intensity": 1.0,
            "_thrs_interestingness": 0.5,
            "_thrs_logistic_regression": 0.99984,
            "_thrs_random_forest": 0.62
        },
        {
            "number": 987,
            "expression": "\u22a2 ( ( ( \ud835\udf11 \u2227 \ud835\udf13 \u2227 \ud835\udf12 ) \u2227 \ud835\udf03 \u2227 \ud835\udf0f ) \u2192 \ud835\udf12 )",
            "prop_expression": " \u22a2 ( ( ( \ud835\udf11 \u2227 \ud835\udf13 \u2227 \ud835\udf12 ) \u2227 \ud835\udf03 \u2227 \ud835\udf0f ) \u2192 \ud835\udf12 )",
            "step": 2,
            "theorem": "simp13",
            "ground_truth": "simp13 \u22a2 ( ( ( \ud835\udf11 \u2227 \ud835\udf13 \u2227 \ud835\udf12 ) \u2227 \ud835\udf03 \u2227 \ud835\udf0f ) \u2192 \ud835\udf12 )",
            "ground_truth_display": false,
            "statement_depth": 0,
            "_thrs_random_uniform": 0.87046,
            "_thrs_reconstruct": 1.0,
            "_thrs_obviousness": 0.0,
            "_thrs_weight": 1.0,
            "_thrs_complexity": 1.0,
            "_thrs_surprisingness": 0.5,
            "_thrs_intensity": 0.0,
            "_thrs_interestingness": 0.5,
            "_thrs_logistic_regression": 0.33688,
            "_thrs_random_forest": 0.855
        }
    ],
    "is_train": false
}