{
    "theorem": "snfi",
    "hyps": [
        [
            1,
            2
        ],
        [
            1,
            16
        ],
        [
            2,
            3
        ],
        [
            2,
            8
        ],
        [
            3,
            4
        ],
        [
            3,
            5
        ],
        [
            3,
            6
        ],
        [
            6,
            7
        ],
        [
            8,
            9
        ],
        [
            8,
            10
        ],
        [
            10,
            11
        ],
        [
            10,
            12
        ],
        [
            12,
            13
        ],
        [
            12,
            14
        ],
        [
            14,
            15
        ]
    ],
    "expression": "{ A } \u2208 Fin",
    "steps": [
        {
            "expression": "\u22a2 { A } \u2208 Fin",
            "prop_expression": "\ud835\udf13, ( \ud835\udf11 \u2194 \ud835\udf13 ) \u22a2 \ud835\udf11",
            "step": 1,
            "theorem": "mpbir",
            "ground_truth": "mpbir \u22a2 { A } \u2208 Fin",
            "ground_truth_display": false,
            "statement_depth": 0,
            "_thrs_random_uniform": 0.23017688350531817,
            "_thrs_reconstruct": 4.465339253213989e-14,
            "_thrs_obviousness": 1.0,
            "_thrs_weight": 1.0,
            "_thrs_complexity": 1.0,
            "_thrs_surprisingness": 0.151454138702461,
            "_thrs_intensity": 1.0,
            "_thrs_interestingness": 0.8302908277404921,
            "_thrs_logistic_regression": 0.9939698634333213,
            "_thrs_random_forest": 0.95
        },
        {
            "expression": "\u22a2 \u2203 x \u2208 _om { A } \u2248 x",
            "prop_expression": "( \ud835\udf11 \u2192 \ud835\udf13 ), ( \u00ac \ud835\udf11 \u2192 \ud835\udf13 ) \u22a2 \ud835\udf13",
            "step": 2,
            "theorem": "pm2.61i",
            "ground_truth": "pm2.61i \u22a2 \u2203 x \u2208 _om { A } \u2248 x",
            "ground_truth_display": false,
            "statement_depth": 0,
            "_thrs_random_uniform": 0.2395447145703078,
            "_thrs_reconstruct": 0.0,
            "_thrs_obviousness": 0.9999080168912615,
            "_thrs_weight": 0.6666666666666667,
            "_thrs_complexity": 0.33333333333333337,
            "_thrs_surprisingness": 0.41744966442953024,
            "_thrs_intensity": 1.0,
            "_thrs_interestingness": 0.6834715362641584,
            "_thrs_logistic_regression": 0.9995962236835905,
            "_thrs_random_forest": 0.985
        },
        {
            "expression": "\u22a2 ( A \u2208 V \u2192 \u2203 x \u2208 _om { A } \u2248 x )",
            "prop_expression": "\ud835\udf13, ( \ud835\udf11 \u2192 \ud835\udf12 ), ( ( \ud835\udf13 \u2227 \ud835\udf12 ) \u2192 \ud835\udf03 ) \u22a2 ( \ud835\udf11 \u2192 \ud835\udf03 )",
            "step": 3,
            "theorem": "sylancr",
            "ground_truth": "sylancr \u22a2 ( A \u2208 V \u2192 \u2203 x \u2208 _om { A } \u2248 x )",
            "ground_truth_display": false,
            "statement_depth": 0,
            "_thrs_random_uniform": 0.7198838845924174,
            "_thrs_reconstruct": 4.7154782958876274e-14,
            "_thrs_obviousness": 0.7337428361691721,
            "_thrs_weight": 0.33333333333333337,
            "_thrs_complexity": 0.0,
            "_thrs_surprisingness": 0.8120805369127516,
            "_thrs_intensity": 0.75,
            "_thrs_interestingness": 0.5258313412830514,
            "_thrs_logistic_regression": 0.9993444849042227,
            "_thrs_random_forest": 0.815
        },
        {
            "expression": "\u22a2 1o \u2208 _om",
            "prop_expression": " \u22a2 1o \u2208 _om",
            "step": 4,
            "theorem": "1onn",
            "ground_truth": "1onn \u22a2 1o \u2208 _om",
            "ground_truth_display": false,
            "statement_depth": 0,
            "_thrs_random_uniform": 0.9341235724325342,
            "_thrs_reconstruct": 1.0,
            "_thrs_obviousness": 0.7295238689317146,
            "_thrs_weight": 1.0,
            "_thrs_complexity": 1.0,
            "_thrs_surprisingness": 0.07785234899328865,
            "_thrs_intensity": 0.25,
            "_thrs_interestingness": 0.6114752435850006,
            "_thrs_logistic_regression": 0.7651321427821861,
            "_thrs_random_forest": 0.825
        },
        {
            "expression": "\u22a2 ( A \u2208 V \u2192 { A } \u2248 1o )",
            "prop_expression": " \u22a2 ( A \u2208 V \u2192 { A } \u2248 1o )",
            "step": 5,
            "theorem": "ensn1g",
            "ground_truth": "ensn1g \u22a2 ( A \u2208 V \u2192 { A } \u2248 1o )",
            "ground_truth_display": false,
            "statement_depth": 0,
            "_thrs_random_uniform": 0.8661797174921667,
            "_thrs_reconstruct": 0.005778882673213206,
            "_thrs_obviousness": 0.004215732257947866,
            "_thrs_weight": 0.6666666666666667,
            "_thrs_complexity": 0.33333333333333337,
            "_thrs_surprisingness": 0.9371364653243849,
            "_thrs_intensity": 0.16666666666666669,
            "_thrs_interestingness": 0.4216037728497999,
            "_thrs_logistic_regression": 0.936978662550683,
            "_thrs_random_forest": 0.835
        },
        {
            "expression": "\u22a2 ( ( 1o \u2208 _om \u2227 { A } \u2248 1o ) \u2192 \u2203 x \u2208 _om { A } \u2248 x )",
            "prop_expression": "( x = A \u2192 ( \ud835\udf11 \u2194 \ud835\udf13 ) ) \u22a2 ( ( A \u2208 B \u2227 \ud835\udf13 ) \u2192 \u2203 x \u2208 B \ud835\udf11 )",
            "step": 6,
            "theorem": "rcla4ev",
            "ground_truth": "rcla4ev \u22a2 ( ( 1o \u2208 _om \u2227 { A } \u2248 1o ) \u2192 \u2203 x \u2208 _om { A } \u2248 x )",
            "ground_truth_display": false,
            "statement_depth": 0,
            "_thrs_random_uniform": 0.719505776856038,
            "_thrs_reconstruct": 3.460647013437701e-08,
            "_thrs_obviousness": 3.0326343063287586e-06,
            "_thrs_weight": 0.0,
            "_thrs_complexity": 0.0,
            "_thrs_surprisingness": 0.9525727069351232,
            "_thrs_intensity": 0.25,
            "_thrs_interestingness": 0.24051514791388592,
            "_thrs_logistic_regression": 0.9850237397333907,
            "_thrs_random_forest": 0.6
        },
        {
            "expression": "\u22a2 ( x = 1o \u2192 ( { A } \u2248 x \u2194 { A } \u2248 1o ) )",
            "prop_expression": " \u22a2 ( A = B \u2192 ( C R A \u2194 C R B ) )",
            "step": 7,
            "theorem": "breq2",
            "ground_truth": "breq2 \u22a2 ( x = 1o \u2192 ( { A } \u2248 x \u2194 { A } \u2248 1o ) )",
            "ground_truth_display": false,
            "statement_depth": 0,
            "_thrs_random_uniform": 0.16530890770340356,
            "_thrs_reconstruct": 4.2610808744368696e-06,
            "_thrs_obviousness": 3.007388054895077e-06,
            "_thrs_weight": 0.4444444444444444,
            "_thrs_complexity": 0.6666666666666667,
            "_thrs_surprisingness": 0.0178970917225951,
            "_thrs_intensity": 0.0,
            "_thrs_interestingness": 0.22580224204435226,
            "_thrs_logistic_regression": 0.7576153865368208,
            "_thrs_random_forest": 0.465
        },
        {
            "expression": "\u22a2 ( \u00ac A \u2208 V \u2192 \u2203 x \u2208 _om { A } \u2248 x )",
            "prop_expression": "( \ud835\udf11 \u2194 \ud835\udf13 ), ( \ud835\udf13 \u2192 \ud835\udf12 ) \u22a2 ( \ud835\udf11 \u2192 \ud835\udf12 )",
            "step": 8,
            "theorem": "sylbi",
            "ground_truth": "sylbi \u22a2 ( \u00ac A \u2208 V \u2192 \u2203 x \u2208 _om { A } \u2248 x )",
            "ground_truth_display": false,
            "statement_depth": 0,
            "_thrs_random_uniform": 0.8764604986127338,