{
    "theorem": "so3nr",
    "hyps": [
        [
            1,
            2
        ],
        [
            1,
            3
        ]
    ],
    "expression": "( ( R Or A \u2227 ( B \u2208 A \u2227 C \u2208 A \u2227 D \u2208 A ) ) \u2192 \u00ac ( B R C \u2227 C R D \u2227 D R B ) )",
    "steps": [
        {
            "expression": "\u22a2 ( ( R Or A \u2227 ( B \u2208 A \u2227 C \u2208 A \u2227 D \u2208 A ) ) \u2192 \u00ac ( B R C \u2227 C R D \u2227 D R B ) )",
            "prop_expression": "( \ud835\udf11 \u2192 \ud835\udf13 ), ( ( \ud835\udf13 \u2227 \ud835\udf12 ) \u2192 \ud835\udf03 ) \u22a2 ( ( \ud835\udf11 \u2227 \ud835\udf12 ) \u2192 \ud835\udf03 )",
            "step": 1,
            "theorem": "sylan",
            "ground_truth": "sylan \u22a2 ( ( R Or A \u2227 ( B \u2208 A \u2227 C \u2208 A \u2227 D \u2208 A ) ) \u2192 \u00ac ( B R C \u2227 C R D \u2227 D R B ) )",
            "ground_truth_display": false,
            "statement_depth": 0,
            "_thrs_random_uniform": 0.12787745780396753,
            "_thrs_reconstruct": 4.4778202591103315e-10,
            "_thrs_obviousness": 1.0,
            "_thrs_weight": 0.0,
            "_thrs_complexity": 0.0,
            "_thrs_surprisingness": 0.7777777777777778,
            "_thrs_intensity": 1.0,
            "_thrs_interestingness": 0.5555555555555556,
            "_thrs_logistic_regression": 0.9997715829744926,
            "_thrs_random_forest": 0.89
        },
        {
            "expression": "\u22a2 ( R Or A \u2192 R Po A )",
            "prop_expression": " \u22a2 ( R Or A \u2192 R Po A )",
            "step": 2,
            "theorem": "sopo",
            "ground_truth": "sopo \u22a2 ( R Or A \u2192 R Po A )",
            "ground_truth_display": false,
            "statement_depth": 0,
            "_thrs_random_uniform": 0.6088058015455045,
            "_thrs_reconstruct": 0.0,
            "_thrs_obviousness": 0.0,
            "_thrs_weight": 1.0,
            "_thrs_complexity": 1.0,
            "_thrs_surprisingness": 0.0,
            "_thrs_intensity": 0.4210526315789473,
            "_thrs_interestingness": 0.4842105263157895,
            "_thrs_logistic_regression": 0.9065196885985501,
            "_thrs_random_forest": 0.79
        },
        {
            "expression": "\u22a2 ( ( R Po A \u2227 ( B \u2208 A \u2227 C \u2208 A \u2227 D \u2208 A ) ) \u2192 \u00ac ( B R C \u2227 C R D \u2227 D R B ) )",
            "prop_expression": " \u22a2 ( ( R Po A \u2227 ( B \u2208 A \u2227 C \u2208 A \u2227 D \u2208 A ) ) \u2192 \u00ac ( B R C \u2227 C R D \u2227 D R B ) )",
            "step": 3,
            "theorem": "po3nr",
            "ground_truth": "po3nr \u22a2 ( ( R Po A \u2227 ( B \u2208 A \u2227 C \u2208 A \u2227 D \u2208 A ) ) \u2192 \u00ac ( B R C \u2227 C R D \u2227 D R B ) )",
            "ground_truth_display": false,
            "statement_depth": 0,
            "_thrs_random_uniform": 0.18251000938386763,
            "_thrs_reconstruct": 1.0,
            "_thrs_obviousness": 0.9999999992765951,
            "_thrs_weight": 0.0,
            "_thrs_complexity": 0.0,
            "_thrs_surprisingness": 1.0,
            "_thrs_intensity": 0.0,
            "_thrs_interestingness": 0.39999999985531903,
            "_thrs_logistic_regression": 0.936281827827833,
            "_thrs_random_forest": 0.73
        }
    ]
}