{
    "theorem": "sqmul",
    "hyps": [
        [
            1,
            2
        ],
        [
            1,
            3
        ]
    ],
    "expression": "( ( A \u2208 \u2102 \u2227 B \u2208 \u2102 ) \u2192 ( ( A \u00b7 B ) ^ 2 ) = ( ( A ^ 2 ) \u00b7 ( B ^ 2 ) ) )",
    "steps": [
        {
            "number": 10154,
            "expression": "\u22a2 ( ( A \u2208 \u2102 \u2227 B \u2208 \u2102 ) \u2192 ( ( A \u00b7 B ) ^ 2 ) = ( ( A ^ 2 ) \u00b7 ( B ^ 2 ) ) )",
            "prop_expression": "\ud835\udf12, ( ( \ud835\udf11 \u2227 \ud835\udf13 \u2227 \ud835\udf12 ) \u2192 \ud835\udf03 ) \u22a2 ( ( \ud835\udf11 \u2227 \ud835\udf13 ) \u2192 \ud835\udf03 )",
            "step": 1,
            "theorem": "mp3an3",
            "ground_truth": "mp3an3 \u22a2 ( ( A \u2208 \u2102 \u2227 B \u2208 \u2102 ) \u2192 ( ( A \u00b7 B ) ^ 2 ) = ( ( A ^ 2 ) \u00b7 ( B ^ 2 ) ) )",
            "ground_truth_display": false,
            "statement_depth": 0,
            "_thrs_random_uniform": 0.58907,
            "_thrs_reconstruct": 0.0,
            "_thrs_obviousness": 1.0,
            "_thrs_weight": 0.16667,
            "_thrs_complexity": 0.2,
            "_thrs_surprisingness": 0.66667,
            "_thrs_intensity": 1.0,
            "_thrs_interestingness": 0.60667,
            "_thrs_logistic_regression": 0.99954,
            "_thrs_random_forest": 0.81
        },
        {
            "number": 10154,
            "expression": "\u22a2 2 \u2208 \u21150",
            "prop_expression": " \u22a2 2 \u2208 \u21150",
            "step": 2,
            "theorem": "2nn0",
            "ground_truth": "2nn0 \u22a2 2 \u2208 \u21150",
            "ground_truth_display": false,
            "statement_depth": 0,
            "_thrs_random_uniform": 0.22748,
            "_thrs_reconstruct": 0.0,
            "_thrs_obviousness": 0.0,
            "_thrs_weight": 1.0,
            "_thrs_complexity": 1.0,
            "_thrs_surprisingness": 0.0,
            "_thrs_intensity": 0.78788,
            "_thrs_interestingness": 0.55758,
            "_thrs_logistic_regression": 0.98595,
            "_thrs_random_forest": 0.785
        },
        {
            "number": 10154,
            "expression": "\u22a2 ( ( A \u2208 \u2102 \u2227 B \u2208 \u2102 \u2227 2 \u2208 \u21150 ) \u2192 ( ( A \u00b7 B ) ^ 2 ) = ( ( A ^ 2 ) \u00b7 ( B ^ 2 ) ) )",
            "prop_expression": " \u22a2 ( ( A \u2208 \u2102 \u2227 B \u2208 \u2102 \u2227 N \u2208 \u21150 ) \u2192 ( ( A \u00b7 B ) ^ N ) = ( ( A ^ N ) \u00b7 ( B ^ N ) ) )",
            "step": 3,
            "theorem": "mulexp",
            "ground_truth": "mulexp \u22a2 ( ( A \u2208 \u2102 \u2227 B \u2208 \u2102 \u2227 2 \u2208 \u21150 ) \u2192 ( ( A \u00b7 B ) ^ 2 ) = ( ( A ^ 2 ) \u00b7 ( B ^ 2 ) ) )",
            "ground_truth_display": false,
            "statement_depth": 0,
            "_thrs_random_uniform": 0.12076,
            "_thrs_reconstruct": 1.0,
            "_thrs_obviousness": 1.0,
            "_thrs_weight": 0.0,
            "_thrs_complexity": 0.0,
            "_thrs_surprisingness": 1.0,
            "_thrs_intensity": 0.0,
            "_thrs_interestingness": 0.4,
            "_thrs_logistic_regression": 0.93628,
            "_thrs_random_forest": 0.845
        }
    ],
    "is_train": false
}