{
    "theorem": "ssext",
    "hyps": [
        [
            1,
            2
        ],
        [
            1,
            5
        ],
        [
            1,
            6
        ],
        [
            2,
            3
        ],
        [
            2,
            4
        ]
    ],
    "expression": "( A = B \u2194 \u2200 x ( x \u2286 A \u2194 x \u2286 B ) )",
    "steps": [
        {
            "expression": "\u22a2 ( A = B \u2194 \u2200 x ( x \u2286 A \u2194 x \u2286 B ) )",
            "prop_expression": "( \ud835\udf11 \u2194 \ud835\udf13 ), ( \ud835\udf12 \u2194 \ud835\udf11 ), ( \ud835\udf03 \u2194 \ud835\udf13 ) \u22a2 ( \ud835\udf12 \u2194 \ud835\udf03 )",
            "step": 1,
            "theorem": "3bitr4i",
            "ground_truth": "3bitr4i \u22a2 ( A = B \u2194 \u2200 x ( x \u2286 A \u2194 x \u2286 B ) )",
            "ground_truth_display": false,
            "statement_depth": 0,
            "_thrs_random_uniform": 0.317,
            "_thrs_reconstruct": 0.0,
            "_thrs_obviousness": 1.0,
            "_thrs_weight": 0.92308,
            "_thrs_complexity": 0.0,
            "_thrs_surprisingness": 0.5,
            "_thrs_intensity": 1.0,
            "_thrs_interestingness": 0.68462,
            "_thrs_logistic_regression": 0.99993,
            "_thrs_random_forest": 0.93
        },
        {
            "expression": "\u22a2 ( ( A \u2286 B \u2227 B \u2286 A ) \u2194 ( \u2200 x ( x \u2286 A \u2192 x \u2286 B ) \u2227 \u2200 x ( x \u2286 B \u2192 x \u2286 A ) ) )",
            "prop_expression": "( \ud835\udf11 \u2194 \ud835\udf13 ), ( \ud835\udf12 \u2194 \ud835\udf03 ) \u22a2 ( ( \ud835\udf11 \u2227 \ud835\udf12 ) \u2194 ( \ud835\udf13 \u2227 \ud835\udf03 ) )",
            "step": 2,
            "theorem": "anbi12i",
            "ground_truth": "anbi12i \u22a2 ( ( A \u2286 B \u2227 B \u2286 A ) \u2194 ( \u2200 x ( x \u2286 A \u2192 x \u2286 B ) \u2227 \u2200 x ( x \u2286 B \u2192 x \u2286 A ) ) )",
            "ground_truth_display": false,
            "statement_depth": 0,
            "_thrs_random_uniform": 0.31537,
            "_thrs_reconstruct": 0.0,
            "_thrs_obviousness": 0.99994,
            "_thrs_weight": 0.07692,
            "_thrs_complexity": 0.0,
            "_thrs_surprisingness": 0.5,
            "_thrs_intensity": 0.15408,
            "_thrs_interestingness": 0.34619,
            "_thrs_logistic_regression": 0.9862,
            "_thrs_random_forest": 0.79
        },
        {
            "expression": "\u22a2 ( A \u2286 B \u2194 \u2200 x ( x \u2286 A \u2192 x \u2286 B ) )",
            "prop_expression": " \u22a2 ( A \u2286 B \u2194 \u2200 x ( x \u2286 A \u2192 x \u2286 B ) )",
            "step": 3,
            "theorem": "ssextss",
            "ground_truth": "ssextss \u22a2 ( A \u2286 B \u2194 \u2200 x ( x \u2286 A \u2192 x \u2286 B ) )",
            "ground_truth_display": false,
            "statement_depth": 0,
            "_thrs_random_uniform": 0.33534,
            "_thrs_reconstruct": 1.0,
            "_thrs_obviousness": 0.49997,
            "_thrs_weight": 0.84615,
            "_thrs_complexity": 0.0,
            "_thrs_surprisingness": 0.5,
            "_thrs_intensity": 0.03988,
            "_thrs_interestingness": 0.3772,
            "_thrs_logistic_regression": 0.98822,
            "_thrs_random_forest": 0.62
        },
        {
            "expression": "\u22a2 ( B \u2286 A \u2194 \u2200 x ( x \u2286 B \u2192 x \u2286 A ) )",
            "prop_expression": " \u22a2 ( A \u2286 B \u2194 \u2200 x ( x \u2286 A \u2192 x \u2286 B ) )",
            "step": 4,
            "theorem": "ssextss",
            "ground_truth": "ssextss \u22a2 ( B \u2286 A \u2194 \u2200 x ( x \u2286 B \u2192 x \u2286 A ) )",
            "ground_truth_display": false,
            "statement_depth": 0,
            "_thrs_random_uniform": 0.02573,
            "_thrs_reconstruct": 1.0,
            "_thrs_obviousness": 0.49997,
            "_thrs_weight": 0.84615,
            "_thrs_complexity": 0.0,
            "_thrs_surprisingness": 0.5,
            "_thrs_intensity": 0.03988,
            "_thrs_interestingness": 0.3772,
            "_thrs_logistic_regression": 0.98822,
            "_thrs_random_forest": 0.62
        },
        {
            "expression": "\u22a2 ( A = B \u2194 ( A \u2286 B \u2227 B \u2286 A ) )",
            "prop_expression": " \u22a2 ( A = B \u2194 ( A \u2286 B \u2227 B \u2286 A ) )",
            "step": 5,
            "theorem": "eqss",
            "ground_truth": "eqss \u22a2 ( A = B \u2194 ( A \u2286 B \u2227 B \u2286 A ) )",
            "ground_truth_display": false,
            "statement_depth": 0,
            "_thrs_random_uniform": 0.01934,
            "_thrs_reconstruct": 0.00012,
            "_thrs_obviousness": 6e-05,
            "_thrs_weight": 1.0,
            "_thrs_complexity": 1.0,
            "_thrs_surprisingness": 0.5,
            "_thrs_intensity": 0.03512,
            "_thrs_interestingness": 0.50704,
            "_thrs_logistic_regression": 0.38043,
            "_thrs_random_forest": 0.95
        },
        {
            "expression": "\u22a2 ( \u2200 x ( x \u2286 A \u2194 x \u2286 B ) \u2194 ( \u2200 x ( x \u2286 A \u2192 x \u2286 B ) \u2227 \u2200 x ( x \u2286 B \u2192 x \u2286 A ) ) )",
            "prop_expression": " \u22a2 ( \u2200 x ( \ud835\udf11 \u2194 \ud835\udf13 ) \u2194 ( \u2200 x ( \ud835\udf11 \u2192 \ud835\udf13 ) \u2227 \u2200 x ( \ud835\udf13 \u2192 \ud835\udf11 ) ) )",
            "step": 6,
            "theorem": "albiim",
            "ground_truth": "albiim \u22a2 ( \u2200 x ( x \u2286 A \u2194 x \u2286 B ) \u2194 ( \u2200 x ( x \u2286 A \u2192 x \u2286 B ) \u2227 \u2200 x ( x \u2286 B \u2192 x \u2286 A ) ) )",
            "ground_truth_display": false,
            "statement_depth": 0,
            "_thrs_random_uniform": 0.65721,
            "_thrs_reconstruct": 0.0,
            "_thrs_obviousness": 0.0,
            "_thrs_weight": 0.0,
            "_thrs_complexity": 0.0,
            "_thrs_surprisingness": 0.5,
            "_thrs_intensity": 0.0,
            "_thrs_interestingness": 0.1,
            "_thrs_logistic_regression": 0.96924,
            "_thrs_random_forest": 0.895
        }
    ]
}