{
    "theorem": "ssextss",
    "hyps": [
        [
            1,
            2
        ],
        [
            1,
            3
        ],
        [
            1,
            4
        ],
        [
            4,
            5
        ],
        [
            5,
            6
        ],
        [
            5,
            8
        ],
        [
            6,
            7
        ],
        [
            8,
            9
        ]
    ],
    "expression": "( A \u2286 B \u2194 \u2200 x ( x \u2286 A \u2192 x \u2286 B ) )",
    "steps": [
        {
            "expression": "\u22a2 ( A \u2286 B \u2194 \u2200 x ( x \u2286 A \u2192 x \u2286 B ) )",
            "prop_expression": "( \ud835\udf11 \u2194 \ud835\udf13 ), ( \ud835\udf13 \u2194 \ud835\udf12 ), ( \ud835\udf12 \u2194 \ud835\udf03 ) \u22a2 ( \ud835\udf11 \u2194 \ud835\udf03 )",
            "step": 1,
            "theorem": "3bitri",
            "ground_truth": "3bitri \u22a2 ( A \u2286 B \u2194 \u2200 x ( x \u2286 A \u2192 x \u2286 B ) )",
            "ground_truth_display": false,
            "statement_depth": 0,
            "_thrs_random_uniform": 0.16307515917164395,
            "_thrs_reconstruct": 7.31601375593668e-08,
            "_thrs_obviousness": 1.0,
            "_thrs_weight": 0.46153846153846156,
            "_thrs_complexity": 0.6666666666666667,
            "_thrs_surprisingness": 0.0,
            "_thrs_intensity": 1.0,
            "_thrs_interestingness": 0.6256410256410257,
            "_thrs_logistic_regression": 0.9984841617151001,
            "_thrs_random_forest": 0.9
        },
        {
            "expression": "\u22a2 ( A \u2286 B \u2194 \ud835\udcab A \u2286 \ud835\udcab B )",
            "prop_expression": " \u22a2 ( A \u2286 B \u2194 \ud835\udcab A \u2286 \ud835\udcab B )",
            "step": 2,
            "theorem": "sspwb",
            "ground_truth": "sspwb \u22a2 ( A \u2286 B \u2194 \ud835\udcab A \u2286 \ud835\udcab B )",
            "ground_truth_display": false,
            "statement_depth": 0,
            "_thrs_random_uniform": 0.8191079317342735,
            "_thrs_reconstruct": 1.0,
            "_thrs_obviousness": 0.9452063976684267,
            "_thrs_weight": 0.6153846153846154,
            "_thrs_complexity": 0.6666666666666667,
            "_thrs_surprisingness": 0.0,
            "_thrs_intensity": 0.03393665158371042,
            "_thrs_interestingness": 0.4522388662606838,
            "_thrs_logistic_regression": 0.8067654176799942,
            "_thrs_random_forest": 0.875
        },
        {
            "expression": "\u22a2 ( \ud835\udcab A \u2286 \ud835\udcab B \u2194 \u2200 x ( x \u2208 \ud835\udcab A \u2192 x \u2208 \ud835\udcab B ) )",
            "prop_expression": " \u22a2 ( A \u2286 B \u2194 \u2200 x ( x \u2208 A \u2192 x \u2208 B ) )",
            "step": 3,
            "theorem": "dfss2",
            "ground_truth": "dfss2 \u22a2 ( \ud835\udcab A \u2286 \ud835\udcab B \u2194 \u2200 x ( x \u2208 \ud835\udcab A \u2192 x \u2208 \ud835\udcab B ) )",
            "ground_truth_display": false,
            "statement_depth": 0,
            "_thrs_random_uniform": 0.6383886397288174,
            "_thrs_reconstruct": 6.310797577641055e-05,
            "_thrs_obviousness": 5.462690529145316e-05,
            "_thrs_weight": 0.15384615384615385,
            "_thrs_complexity": 0.0,
            "_thrs_surprisingness": 1.0,
            "_thrs_intensity": 0.0,
            "_thrs_interestingness": 0.23078015615028907,
            "_thrs_logistic_regression": 0.9488150334708967,
            "_thrs_random_forest": 0.7716666666666666
        },
        {
            "expression": "\u22a2 ( \u2200 x ( x \u2208 \ud835\udcab A \u2192 x \u2208 \ud835\udcab B ) \u2194 \u2200 x ( x \u2286 A \u2192 x \u2286 B ) )",
            "prop_expression": "( \ud835\udf11 \u2194 \ud835\udf13 ) \u22a2 ( \u2200 x \ud835\udf11 \u2194 \u2200 x \ud835\udf13 )",
            "step": 4,
            "theorem": "albii",
            "ground_truth": "albii \u22a2 ( \u2200 x ( x \u2208 \ud835\udcab A \u2192 x \u2208 \ud835\udcab B ) \u2194 \u2200 x ( x \u2286 A \u2192 x \u2286 B ) )",
            "ground_truth_display": false,
            "statement_depth": 0,
            "_thrs_random_uniform": 0.8630246025815784,
            "_thrs_reconstruct": 0.0,
            "_thrs_obviousness": 0.05472880897384864,
            "_thrs_weight": 0.0,
            "_thrs_complexity": 0.0,
            "_thrs_surprisingness": 1.0,
            "_thrs_intensity": 0.2121040723981901,
            "_thrs_interestingness": 0.2533665762744078,
            "_thrs_logistic_regression": 0.9804071433018446,
            "_thrs_random_forest": 0.865
        },
        {
            "expression": "\u22a2 ( ( x \u2208 \ud835\udcab A \u2192 x \u2208 \ud835\udcab B ) \u2194 ( x \u2286 A \u2192 x \u2286 B ) )",
            "prop_expression": "( \ud835\udf11 \u2194 \ud835\udf13 ), ( \ud835\udf12 \u2194 \ud835\udf03 ) \u22a2 ( ( \ud835\udf11 \u2192 \ud835\udf12 ) \u2194 ( \ud835\udf13 \u2192 \ud835\udf03 ) )",
            "step": 5,
            "theorem": "imbi12i",
            "ground_truth": "imbi12i \u22a2 ( ( x \u2208 \ud835\udcab A \u2192 x \u2208 \ud835\udcab B ) \u2194 ( x \u2286 A \u2192 x \u2286 B ) )",
            "ground_truth_display": false,
            "statement_depth": 0,
            "_thrs_random_uniform": 0.20654199044468413,
            "_thrs_reconstruct": 1.1659217747216954e-07,
            "_thrs_obviousness": 0.054728792189755175,
            "_thrs_weight": 0.15384615384615385,
            "_thrs_complexity": 0.0,
            "_thrs_surprisingness": 1.0,
            "_thrs_intensity": 0.27149321266968324,
            "_thrs_interestingness": 0.29601363174111844,
            "_thrs_logistic_regression": 0.9876292970439525,
            "_thrs_random_forest": 0.565
        },
        {
            "expression": "\u22a2 ( x \u2208 \ud835\udcab A \u2194 x \u2286 A )",
            "prop_expression": "A \u2208 V \u22a2 ( A \u2208 \ud835\udcab B \u2194 A \u2286 B )",
            "step": 6,
            "theorem": "elpw",
            "ground_truth": "elpw \u22a2 ( x \u2208 \ud835\udcab A \u2194 x \u2286 A )",
            "ground_truth_display": false,
            "statement_depth": 0,
            "_thrs_random_uniform": 0.13672029727094948,
            "_thrs_reconstruct": 0.02894780477197058,
            "_thrs_obviousness": 0.027361812471566438,
            "_thrs_weight": 0.6923076923076923,
            "_thrs_complexity": 0.33333333333333337,
            "_thrs_surprisingness": 0.75,
            "_thrs_intensity": 0.13574660633484165,
            "_thrs_interestingness": 0.3877498888894867,
            "_thrs_logistic_regression": 0.9431224001808937,
            "_thrs_random_forest": 0.685
        },
        {
            "expression": "\u22a2 x \u2208 V",
            "prop_expression": " \u22a2 x \u2208 V",
            "step": 7,
            "theorem": "vex",
            "ground_truth": "vex \u22a2 x \u2208 V",
            "ground_truth_display": false,
            "statement_depth": 0,
            "_thrs_random_uniform": 0.03689464338966508,
            "_thrs_reconstruct": 5.314656663297998e-06,
            "_thrs_obviousness": 0.0,
            "_thrs_weight": 1.0,
            "_thrs_complexity": 1.0,
            "_thrs_surprisingness": 0.11111111111111112,
            "_thrs_intensity": 0.27149321266968324,
            "_thrs_interestingness": 0.47652086475615885,
            "_thrs_logistic_regression": 0.7882473631601072,
            "_thrs_random_forest": 0.8075
        },
        {
            "expression": "\u22a2 ( x \u2208 \ud835\udcab B \u2194 x \u2286 B )",
            "prop_expression": "A \u2208 V \u22a2 ( A \u2208 \ud835\udcab B \u2194 A \u2286 B )",
            "step": 8,
            "theorem": "elpw",
            "ground_truth": "elpw \u22a2 ( x \u2208 \ud835\udcab B \u2194 x \u2286 B )",
            "ground_truth_display": false,
            "statement_depth": 0,