{
    "theorem": "ssinss1",
    "hyps": [
        [
            1,
            2
        ],
        [
            1,
            3
        ]
    ],
    "expression": "( A \u2286 C \u2192 ( A \u2229 B ) \u2286 C )",
    "steps": [
        {
            "expression": "\u22a2 ( A \u2286 C \u2192 ( A \u2229 B ) \u2286 C )",
            "prop_expression": "\ud835\udf11, ( \ud835\udf11 \u2192 \ud835\udf13 ) \u22a2 \ud835\udf13",
            "step": 1,
            "theorem": "ax-mp",
            "ground_truth": "ax-mp \u22a2 ( A \u2286 C \u2192 ( A \u2229 B ) \u2286 C )",
            "ground_truth_display": false,
            "statement_depth": 0,
            "_thrs_random_uniform": 0.8942293164751338,
            "_thrs_reconstruct": 0.0,
            "_thrs_obviousness": 1.0,
            "_thrs_weight": 0.625,
            "_thrs_complexity": 0.0,
            "_thrs_surprisingness": 1.0,
            "_thrs_intensity": 1.0,
            "_thrs_interestingness": 0.725,
            "_thrs_logistic_regression": 0.9998299428804776,
            "_thrs_random_forest": 0.89
        },
        {
            "expression": "\u22a2 ( A \u2229 B ) \u2286 A",
            "prop_expression": " \u22a2 ( A \u2229 B ) \u2286 A",
            "step": 2,
            "theorem": "inss1",
            "ground_truth": "inss1 \u22a2 ( A \u2229 B ) \u2286 A",
            "ground_truth_display": false,
            "statement_depth": 0,
            "_thrs_random_uniform": 0.33365252488511354,
            "_thrs_reconstruct": 1.0,
            "_thrs_obviousness": 0.9933138615387069,
            "_thrs_weight": 1.0,
            "_thrs_complexity": 1.0,
            "_thrs_surprisingness": 0.0,
            "_thrs_intensity": 0.22268041237113406,
            "_thrs_interestingness": 0.6431988547819681,
            "_thrs_logistic_regression": 0.7533363286729887,
            "_thrs_random_forest": 0.85
        },
        {
            "expression": "\u22a2 ( ( A \u2229 B ) \u2286 A \u2192 ( A \u2286 C \u2192 ( A \u2229 B ) \u2286 C ) )",
            "prop_expression": " \u22a2 ( A \u2286 B \u2192 ( B \u2286 C \u2192 A \u2286 C ) )",
            "step": 3,
            "theorem": "sstr2",
            "ground_truth": "sstr2 \u22a2 ( ( A \u2229 B ) \u2286 A \u2192 ( A \u2286 C \u2192 ( A \u2229 B ) \u2286 C ) )",
            "ground_truth_display": false,
            "statement_depth": 0,
            "_thrs_random_uniform": 0.06620963483782982,
            "_thrs_reconstruct": 0.006686138052375506,
            "_thrs_obviousness": 0.0,
            "_thrs_weight": 0.0,
            "_thrs_complexity": 0.0,
            "_thrs_surprisingness": 1.0,
            "_thrs_intensity": 0.0,
            "_thrs_interestingness": 0.2,
            "_thrs_logistic_regression": 0.941201642956695,
            "_thrs_random_forest": 0.695
        }
    ]
}