{
    "theorem": "ssn0",
    "hyps": [
        [
            1,
            2
        ],
        [
            2,
            3
        ],
        [
            3,
            4
        ]
    ],
    "expression": "( ( A \u2286 B \u2227 A \u2260 \u2205 ) \u2192 B \u2260 \u2205 )",
    "steps": [
        {
            "expression": "\u22a2 ( ( A \u2286 B \u2227 A \u2260 \u2205 ) \u2192 B \u2260 \u2205 )",
            "prop_expression": "( \ud835\udf11 \u2192 ( \ud835\udf13 \u2192 \ud835\udf12 ) ) \u22a2 ( ( \ud835\udf11 \u2227 \ud835\udf13 ) \u2192 \ud835\udf12 )",
            "step": 1,
            "theorem": "imp",
            "ground_truth": "imp \u22a2 ( ( A \u2286 B \u2227 A \u2260 \u2205 ) \u2192 B \u2260 \u2205 )",
            "ground_truth_display": false,
            "statement_depth": 0,
            "_thrs_random_uniform": 0.9200594901594776,
            "_thrs_reconstruct": 0.0,
            "_thrs_obviousness": 1.0,
            "_thrs_weight": 0.5,
            "_thrs_complexity": 0.5,
            "_thrs_surprisingness": 0.5,
            "_thrs_intensity": 1.0,
            "_thrs_interestingness": 0.7,
            "_thrs_logistic_regression": 0.9987664158001925,
            "_thrs_random_forest": 0.88
        },
        {
            "expression": "\u22a2 ( A \u2286 B \u2192 ( A \u2260 \u2205 \u2192 B \u2260 \u2205 ) )",
            "prop_expression": "( \ud835\udf11 \u2192 ( A = B \u2192 C = D ) ) \u22a2 ( \ud835\udf11 \u2192 ( C \u2260 D \u2192 A \u2260 B ) )",
            "step": 2,
            "theorem": "necon3d",
            "ground_truth": "necon3d \u22a2 ( A \u2286 B \u2192 ( A \u2260 \u2205 \u2192 B \u2260 \u2205 ) )",
            "ground_truth_display": false,
            "statement_depth": 0,
            "_thrs_random_uniform": 0.6979857133627085,
            "_thrs_reconstruct": 1.1325416802471208e-05,
            "_thrs_obviousness": 0.9942219462554762,
            "_thrs_weight": 0.5,
            "_thrs_complexity": 0.5,
            "_thrs_surprisingness": 0.5,
            "_thrs_intensity": 1.0,
            "_thrs_interestingness": 0.6988443892510953,
            "_thrs_logistic_regression": 0.9987670250066546,
            "_thrs_random_forest": 0.97
        },
        {
            "expression": "\u22a2 ( A \u2286 B \u2192 ( B = \u2205 \u2192 A = \u2205 ) )",
            "prop_expression": "( ( \ud835\udf11 \u2227 \ud835\udf13 ) \u2192 \ud835\udf12 ) \u22a2 ( \ud835\udf11 \u2192 ( \ud835\udf13 \u2192 \ud835\udf12 ) )",
            "step": 3,
            "theorem": "ex",
            "ground_truth": "ex \u22a2 ( A \u2286 B \u2192 ( B = \u2205 \u2192 A = \u2205 ) )",
            "ground_truth_display": false,
            "statement_depth": 0,
            "_thrs_random_uniform": 0.877790955044781,
            "_thrs_reconstruct": 2.821778490217785e-07,
            "_thrs_obviousness": 0.029666425195763912,
            "_thrs_weight": 0.5,
            "_thrs_complexity": 0.5,
            "_thrs_surprisingness": 0.5,
            "_thrs_intensity": 1.0,
            "_thrs_interestingness": 0.5059332850391527,
            "_thrs_logistic_regression": 0.9988646229147115,
            "_thrs_random_forest": 0.485
        },
        {
            "expression": "\u22a2 ( ( A \u2286 B \u2227 B = \u2205 ) \u2192 A = \u2205 )",
            "prop_expression": " \u22a2 ( ( A \u2286 B \u2227 B = \u2205 ) \u2192 A = \u2205 )",
            "step": 4,
            "theorem": "sseq0",
            "ground_truth": "sseq0 \u22a2 ( ( A \u2286 B \u2227 B = \u2205 ) \u2192 A = \u2205 )",
            "ground_truth_display": false,
            "statement_depth": 0,
            "_thrs_random_uniform": 0.5422543709333072,
            "_thrs_reconstruct": 1.0,
            "_thrs_obviousness": 0.0,
            "_thrs_weight": 0.5,
            "_thrs_complexity": 0.5,
            "_thrs_surprisingness": 0.5,
            "_thrs_intensity": 0.0,
            "_thrs_interestingness": 0.3,
            "_thrs_logistic_regression": 0.800036378889129,
            "_thrs_random_forest": 0.375
        }
    ]
}