{
    "theorem": "ssopab2i",
    "hyps": [
        [
            1,
            2
        ],
        [
            1,
            3
        ],
        [
            3,
            4
        ]
    ],
    "expression": "{ \u27e8 x , y \u27e9 | \ud835\udf11 } \u2286 { \u27e8 x , y \u27e9 | \ud835\udf13 }",
    "steps": [
        {
            "expression": "\u22a2 { \u27e8 x , y \u27e9 | \ud835\udf11 } \u2286 { \u27e8 x , y \u27e9 | \ud835\udf13 }",
            "prop_expression": "( \u2200 x \ud835\udf11 \u2192 \ud835\udf13 ), \ud835\udf11 \u22a2 \ud835\udf13",
            "step": 1,
            "theorem": "mpg",
            "ground_truth": "mpg \u22a2 { \u27e8 x , y \u27e9 | \ud835\udf11 } \u2286 { \u27e8 x , y \u27e9 | \ud835\udf13 }",
            "ground_truth_display": false,
            "statement_depth": 0,
            "_thrs_random_uniform": 0.8981785653919873,
            "_thrs_reconstruct": 5.519378382129154e-10,
            "_thrs_obviousness": 1.0,
            "_thrs_weight": 0.4444444444444444,
            "_thrs_complexity": 0.0,
            "_thrs_surprisingness": 1.0,
            "_thrs_intensity": 1.0,
            "_thrs_interestingness": 0.6888888888888889,
            "_thrs_logistic_regression": 0.9997979923773729,
            "_thrs_random_forest": 0.965
        },
        {
            "expression": "\u22a2 ( \u2200 x \u2200 y ( \ud835\udf11 \u2192 \ud835\udf13 ) \u2192 { \u27e8 x , y \u27e9 | \ud835\udf11 } \u2286 { \u27e8 x , y \u27e9 | \ud835\udf13 } )",
            "prop_expression": " \u22a2 ( \u2200 x \u2200 y ( \ud835\udf11 \u2192 \ud835\udf13 ) \u2192 { \u27e8 x , y \u27e9 | \ud835\udf11 } \u2286 { \u27e8 x , y \u27e9 | \ud835\udf13 } )",
            "step": 2,
            "theorem": "ssopab2",
            "ground_truth": "ssopab2 \u22a2 ( \u2200 x \u2200 y ( \ud835\udf11 \u2192 \ud835\udf13 ) \u2192 { \u27e8 x , y \u27e9 | \ud835\udf11 } \u2286 { \u27e8 x , y \u27e9 | \ud835\udf13 } )",
            "ground_truth_display": false,
            "statement_depth": 0,
            "_thrs_random_uniform": 0.6495702110297303,
            "_thrs_reconstruct": 1.0,
            "_thrs_obviousness": 0.9999999977922487,
            "_thrs_weight": 0.0,
            "_thrs_complexity": 0.0,
            "_thrs_surprisingness": 1.0,
            "_thrs_intensity": 0.0,
            "_thrs_interestingness": 0.3999999995584497,
            "_thrs_logistic_regression": 0.9362818278354128,
            "_thrs_random_forest": 0.68
        },
        {
            "expression": "\u22a2 \u2200 y ( \ud835\udf11 \u2192 \ud835\udf13 )",
            "prop_expression": "\ud835\udf11 \u22a2 \u2200 x \ud835\udf11",
            "step": 3,
            "theorem": "ax-gen",
            "ground_truth": "ax-gen \u22a2 \u2200 y ( \ud835\udf11 \u2192 \ud835\udf13 )",
            "ground_truth_display": false,
            "statement_depth": 0,
            "_thrs_random_uniform": 0.4763679693953251,
            "_thrs_reconstruct": 0.0,
            "_thrs_obviousness": 5.519378369943738e-10,
            "_thrs_weight": 0.8888888888888888,
            "_thrs_complexity": 0.6666666666666667,
            "_thrs_surprisingness": 0.0,
            "_thrs_intensity": 0.3529411764705882,
            "_thrs_interestingness": 0.3816993465156163,
            "_thrs_logistic_regression": 0.9704630221341858,
            "_thrs_random_forest": 0.91
        },
        {
            "expression": "\u22a2 ( \ud835\udf11 \u2192 \ud835\udf13 )",
            "prop_expression": " \u22a2 ( \ud835\udf11 \u2192 \ud835\udf13 )",
            "step": 4,
            "theorem": "ssopab2i.1",
            "ground_truth": "ssopab2i.1 \u22a2 ( \ud835\udf11 \u2192 \ud835\udf13 )",
            "ground_truth_display": false,
            "statement_depth": 0,
            "_thrs_random_uniform": 0.9199103912426861,
            "_thrs_reconstruct": 0.0,
            "_thrs_obviousness": 0.0,
            "_thrs_weight": 1.0,
            "_thrs_complexity": 1.0,
            "_thrs_surprisingness": 0.0,
            "_thrs_intensity": 0.3529411764705882,
            "_thrs_interestingness": 0.47058823529411764,
            "_thrs_logistic_regression": 0.8703836135523886,
            "_thrs_random_forest": 0.96
        }
    ]
}