{
    "theorem": "ssrabdv",
    "hyps": [
        [
            1,
            2
        ],
        [
            1,
            3
        ],
        [
            1,
            5
        ],
        [
            3,
            4
        ]
    ],
    "expression": "( \ud835\udf11 \u2192 B \u2286 { x \u2208 A | \ud835\udf13 } )",
    "steps": [
        {
            "expression": "\u22a2 ( \ud835\udf11 \u2192 B \u2286 { x \u2208 A | \ud835\udf13 } )",
            "prop_expression": "( \ud835\udf11 \u2192 \ud835\udf13 ), ( \ud835\udf11 \u2192 \ud835\udf12 ), ( \ud835\udf03 \u2194 ( \ud835\udf13 \u2227 \ud835\udf12 ) ) \u22a2 ( \ud835\udf11 \u2192 \ud835\udf03 )",
            "step": 1,
            "theorem": "sylanbrc",
            "ground_truth": "sylanbrc \u22a2 ( \ud835\udf11 \u2192 B \u2286 { x \u2208 A | \ud835\udf13 } )",
            "ground_truth_display": false,
            "statement_depth": 0,
            "_thrs_random_uniform": 0.5100623267460175,
            "_thrs_reconstruct": 3.7117461639208424e-06,
            "_thrs_obviousness": 1.0,
            "_thrs_weight": 0.6666666666666667,
            "_thrs_complexity": 0.0,
            "_thrs_surprisingness": 1.0,
            "_thrs_intensity": 1.0,
            "_thrs_interestingness": 0.7333333333333334,
            "_thrs_logistic_regression": 0.9998365672081465,
            "_thrs_random_forest": 0.91
        },
        {
            "expression": "\u22a2 ( \ud835\udf11 \u2192 B \u2286 A )",
            "prop_expression": " \u22a2 ( \ud835\udf11 \u2192 B \u2286 A )",
            "step": 2,
            "theorem": "ssrabdv.1",
            "ground_truth": "ssrabdv.1 \u22a2 ( \ud835\udf11 \u2192 B \u2286 A )",
            "ground_truth_display": false,
            "statement_depth": 0,
            "_thrs_random_uniform": 0.3564577866590982,
            "_thrs_reconstruct": 0.0,
            "_thrs_obviousness": 0.0,
            "_thrs_weight": 1.0,
            "_thrs_complexity": 1.0,
            "_thrs_surprisingness": 9.51619735392991e-17,
            "_thrs_intensity": 0.20081967213114754,
            "_thrs_interestingness": 0.44016393442622953,
            "_thrs_logistic_regression": 0.7471665389072589,
            "_thrs_random_forest": 0.96
        },
        {
            "expression": "\u22a2 ( \ud835\udf11 \u2192 \u2200 x \u2208 B \ud835\udf13 )",
            "prop_expression": "( ( \ud835\udf11 \u2227 x \u2208 A ) \u2192 \ud835\udf13 ) \u22a2 ( \ud835\udf11 \u2192 \u2200 x \u2208 A \ud835\udf13 )",
            "step": 3,
            "theorem": "ralrimiva",
            "ground_truth": "ralrimiva \u22a2 ( \ud835\udf11 \u2192 \u2200 x \u2208 B \ud835\udf13 )",
            "ground_truth_display": false,
            "statement_depth": 0,
            "_thrs_random_uniform": 0.2454166845802488,
            "_thrs_reconstruct": 3.690467595584386e-06,
            "_thrs_obviousness": 3.6909858703790384e-06,
            "_thrs_weight": 0.8888888888888888,
            "_thrs_complexity": 0.6666666666666667,
            "_thrs_surprisingness": 0.0,
            "_thrs_intensity": 0.20081967213114754,
            "_thrs_interestingness": 0.35127578373451473,
            "_thrs_logistic_regression": 0.9353136832874362,
            "_thrs_random_forest": 0.905
        },
        {
            "expression": "\u22a2 ( ( \ud835\udf11 \u2227 x \u2208 B ) \u2192 \ud835\udf13 )",
            "prop_expression": " \u22a2 ( ( \ud835\udf11 \u2227 x \u2208 B ) \u2192 \ud835\udf13 )",
            "step": 4,
            "theorem": "ssrabdv.2",
            "ground_truth": "ssrabdv.2 \u22a2 ( ( \ud835\udf11 \u2227 x \u2208 B ) \u2192 \ud835\udf13 )",
            "ground_truth_display": false,
            "statement_depth": 0,
            "_thrs_random_uniform": 0.6650723950459251,
            "_thrs_reconstruct": 0.0,
            "_thrs_obviousness": 0.0,
            "_thrs_weight": 0.8888888888888888,
            "_thrs_complexity": 0.6666666666666667,
            "_thrs_surprisingness": 0.0,
            "_thrs_intensity": 0.20081967213114754,
            "_thrs_interestingness": 0.3512750455373406,
            "_thrs_logistic_regression": 0.9353137024022184,
            "_thrs_random_forest": 0.985
        },
        {
            "expression": "\u22a2 ( B \u2286 { x \u2208 A | \ud835\udf13 } \u2194 ( B \u2286 A \u2227 \u2200 x \u2208 B \ud835\udf13 ) )",
            "prop_expression": " \u22a2 ( B \u2286 { x \u2208 A | \ud835\udf11 } \u2194 ( B \u2286 A \u2227 \u2200 x \u2208 B \ud835\udf11 ) )",
            "step": 5,
            "theorem": "ssrab",
            "ground_truth": "ssrab \u22a2 ( B \u2286 { x \u2208 A | \ud835\udf13 } \u2194 ( B \u2286 A \u2227 \u2200 x \u2208 B \ud835\udf13 ) )",
            "ground_truth_display": false,
            "statement_depth": 0,
            "_thrs_random_uniform": 0.7462157436132602,
            "_thrs_reconstruct": 1.0,
            "_thrs_obviousness": 0.999992595658648,
            "_thrs_weight": 0.0,
            "_thrs_complexity": 0.33333333333333337,
            "_thrs_surprisingness": 0.3571428571428572,
            "_thrs_intensity": 0.0,
            "_thrs_interestingness": 0.3380937572269677,
            "_thrs_logistic_regression": 0.8658116313955085,
            "_thrs_random_forest": 0.92
        }
    ]
}