{
    "theorem": "ssuni",
    "hyps": [
        [
            1,
            2
        ],
        [
            2,
            3
        ],
        [
            2,
            10
        ],
        [
            2,
            11
        ],
        [
            3,
            4
        ],
        [
            4,
            5
        ],
        [
            5,
            6
        ],
        [
            5,
            8
        ],
        [
            6,
            7
        ],
        [
            8,
            9
        ]
    ],
    "expression": "( ( A \u2286 B \u2227 B \u2208 C ) \u2192 A \u2286 U. C )",
    "steps": [
        {
            "expression": "\u22a2 ( ( A \u2286 B \u2227 B \u2208 C ) \u2192 A \u2286 U. C )",
            "prop_expression": "( \ud835\udf11 \u2192 ( \ud835\udf13 \u2192 \ud835\udf12 ) ) \u22a2 ( ( \ud835\udf13 \u2227 \ud835\udf11 ) \u2192 \ud835\udf12 )",
            "step": 1,
            "theorem": "impcom",
            "ground_truth": "impcom \u22a2 ( ( A \u2286 B \u2227 B \u2208 C ) \u2192 A \u2286 U. C )",
            "ground_truth_display": false,
            "statement_depth": 0,
            "_thrs_random_uniform": 0.5066586581614622,
            "_thrs_reconstruct": 9.30056226799591e-08,
            "_thrs_obviousness": 1.0,
            "_thrs_weight": 0.8,
            "_thrs_complexity": 0.0,
            "_thrs_surprisingness": 1.0,
            "_thrs_intensity": 0.17073170731707318,
            "_thrs_interestingness": 0.5941463414634146,
            "_thrs_logistic_regression": 0.9875271638349212,
            "_thrs_random_forest": 0.98
        },
        {
            "expression": "\u22a2 ( B \u2208 C \u2192 ( A \u2286 B \u2192 A \u2286 U. C ) )",
            "prop_expression": "( \ud835\udf11 \u2192 ( \ud835\udf13 \u2192 \ud835\udf12 ) ), ( \ud835\udf03 \u2194 \ud835\udf13 ), ( \ud835\udf0f \u2194 \ud835\udf12 ) \u22a2 ( \ud835\udf11 \u2192 ( \ud835\udf03 \u2192 \ud835\udf0f ) )",
            "step": 2,
            "theorem": "3imtr4g",
            "ground_truth": "3imtr4g \u22a2 ( B \u2208 C \u2192 ( A \u2286 B \u2192 A \u2286 U. C ) )",
            "ground_truth_display": false,
            "statement_depth": 0,
            "_thrs_random_uniform": 0.897123743098045,
            "_thrs_reconstruct": 5.013498358665251e-07,
            "_thrs_obviousness": 0.9999999432466732,
            "_thrs_weight": 0.8,
            "_thrs_complexity": 0.0,
            "_thrs_surprisingness": 1.0,
            "_thrs_intensity": 1.0,
            "_thrs_interestingness": 0.7599999886493347,
            "_thrs_logistic_regression": 0.9998560802205099,
            "_thrs_random_forest": 0.99
        },
        {
            "expression": "\u22a2 ( B \u2208 C \u2192 ( \u2200 y ( y \u2208 A \u2192 y \u2208 B ) \u2192 \u2200 y ( y \u2208 A \u2192 y \u2208 U. C ) ) )",
            "prop_expression": "( \ud835\udf11 \u2192 ( \ud835\udf13 \u2192 \ud835\udf12 ) ) \u22a2 ( \ud835\udf11 \u2192 ( \u2200 x \ud835\udf13 \u2192 \u2200 x \ud835\udf12 ) )",
            "step": 3,
            "theorem": "alimdv",
            "ground_truth": "alimdv \u22a2 ( B \u2208 C \u2192 ( \u2200 y ( y \u2208 A \u2192 y \u2208 B ) \u2192 \u2200 y ( y \u2208 A \u2192 y \u2208 U. C ) ) )",
            "ground_truth_display": false,
            "statement_depth": 0,
            "_thrs_random_uniform": 0.9070899538621151,
            "_thrs_reconstruct": 4.127468462128362e-10,
            "_thrs_obviousness": 0.9982266424913013,
            "_thrs_weight": 0.0,
            "_thrs_complexity": 0.0,
            "_thrs_surprisingness": 0.5833333333333333,
            "_thrs_intensity": 0.13279132791327913,
            "_thrs_interestingness": 0.34287026074758276,
            "_thrs_logistic_regression": 0.9814480441257658,
            "_thrs_random_forest": 0.85
        },
        {
            "expression": "\u22a2 ( B \u2208 C \u2192 ( ( y \u2208 A \u2192 y \u2208 B ) \u2192 ( y \u2208 A \u2192 y \u2208 U. C ) ) )",
            "prop_expression": "( \ud835\udf11 \u2192 ( \ud835\udf13 \u2192 \ud835\udf12 ) ) \u22a2 ( \ud835\udf11 \u2192 ( ( \ud835\udf03 \u2192 \ud835\udf13 ) \u2192 ( \ud835\udf03 \u2192 \ud835\udf12 ) ) )",
            "step": 4,
            "theorem": "imim2d",
            "ground_truth": "imim2d \u22a2 ( B \u2208 C \u2192 ( ( y \u2208 A \u2192 y \u2208 B ) \u2192 ( y \u2208 A \u2192 y \u2208 U. C ) ) )",
            "ground_truth_display": false,
            "statement_depth": 0,
            "_thrs_random_uniform": 0.25631982968014055,
            "_thrs_reconstruct": 0.0,
            "_thrs_obviousness": 0.9982266412539469,
            "_thrs_weight": 0.19999999999999996,
            "_thrs_complexity": 0.0,
            "_thrs_surprisingness": 0.5833333333333333,
            "_thrs_intensity": 0.08536585365853659,
            "_thrs_interestingness": 0.37338516564916335,
            "_thrs_logistic_regression": 0.9802239508744555,
            "_thrs_random_forest": 0.5
        },
        {
            "expression": "\u22a2 ( B \u2208 C \u2192 ( y \u2208 B \u2192 y \u2208 U. C ) )",
            "prop_expression": "( x = A \u2192 ( \ud835\udf11 \u2194 \ud835\udf13 ) ), ( x \u2208 B \u2192 \ud835\udf11 ) \u22a2 ( A \u2208 B \u2192 \ud835\udf13 )",
            "step": 5,
            "theorem": "vtoclga",
            "ground_truth": "vtoclga \u22a2 ( B \u2208 C \u2192 ( y \u2208 B \u2192 y \u2208 U. C ) )",
            "ground_truth_display": false,
            "statement_depth": 0,
            "_thrs_random_uniform": 0.30667026102885064,
            "_thrs_reconstruct": 0.6649008021578938,
            "_thrs_obviousness": 0.9982266402640633,
            "_thrs_weight": 0.8,
            "_thrs_complexity": 0.5,
            "_thrs_surprisingness": 0.16666666666666663,
            "_thrs_intensity": 0.5691056910569106,
            "_thrs_interestingness": 0.6067997995975281,
            "_thrs_logistic_regression": 0.9939965048653985,
            "_thrs_random_forest": 0.81
        },
        {
            "expression": "\u22a2 ( x = B \u2192 ( ( y \u2208 x \u2192 y \u2208 U. C ) \u2194 ( y \u2208 B \u2192 y \u2208 U. C ) ) )",
            "prop_expression": "( \ud835\udf11 \u2192 ( \ud835\udf13 \u2194 \ud835\udf12 ) ) \u22a2 ( \ud835\udf11 \u2192 ( ( \ud835\udf13 \u2192 \ud835\udf03 ) \u2194 ( \ud835\udf12 \u2192 \ud835\udf03 ) ) )",
            "step": 6,
            "theorem": "imbi1d",
            "ground_truth": "imbi1d \u22a2 ( x = B \u2192 ( ( y \u2208 x \u2192 y \u2208 U. C ) \u2194 ( y \u2208 B \u2192 y \u2208 U. C ) ) )",
            "ground_truth_display": false,
            "statement_depth": 0,
            "_thrs_random_uniform": 0.49940389076198655,
            "_thrs_reconstruct": 1.1148292316208707e-06,
            "_thrs_obviousness": 6.694087890552999e-07,
            "_thrs_weight": 0.19999999999999996,
            "_thrs_complexity": 0.0,
            "_thrs_surprisingness": 0.16666666666666663,
            "_thrs_intensity": 0.08536585365853659,
            "_thrs_interestingness": 0.09040663794679846,
            "_thrs_logistic_regression": 0.9895754384090611,
            "_thrs_random_forest": 0.415
        },
        {
            "expression": "\u22a2 ( x = B \u2192 ( y \u2208 x \u2194 y \u2208 B ) )",
            "prop_expression": " \u22a2 ( A = B \u2192 ( C \u2208 A \u2194 C \u2208 B ) )",
            "step": 7,
            "theorem": "eleq2",
            "ground_truth": "eleq2 \u22a2 ( x = B \u2192 ( y \u2208 x \u2194 y \u2208 B ) )",
            "ground_truth_display": false,
            "statement_depth": 0,
            "_thrs_random_uniform": 0.6291640787343655,
            "_thrs_reconstruct": 0.00011907595172730047,
            "_thrs_obviousness": 0.0,
            "_thrs_weight": 1.0,
            "_thrs_complexity": 1.0,
            "_thrs_surprisingness": 0.0,
            "_thrs_intensity": 0.0,
            "_thrs_interestingness": 0.4,
            "_thrs_logistic_regression": 0.5,