{
    "theorem": "stdpc5",
    "hyps": [
        [
            1,
            2
        ],
        [
            2,
            3
        ]
    ],
    "expression": "( \u2200 x ( \ud835\udf11 \u2192 \ud835\udf13 ) \u2192 ( \ud835\udf11 \u2192 \u2200 x \ud835\udf13 ) )",
    "steps": [
        {
            "number": 1635,
            "expression": "\u22a2 ( \u2200 x ( \ud835\udf11 \u2192 \ud835\udf13 ) \u2192 ( \ud835\udf11 \u2192 \u2200 x \ud835\udf13 ) )",
            "prop_expression": "( \ud835\udf11 \u2194 \ud835\udf13 ) \u22a2 ( \ud835\udf11 \u2192 \ud835\udf13 )",
            "step": 1,
            "theorem": "biimpi",
            "ground_truth": "biimpi \u22a2 ( \u2200 x ( \ud835\udf11 \u2192 \ud835\udf13 ) \u2192 ( \ud835\udf11 \u2192 \u2200 x \ud835\udf13 ) )",
            "ground_truth_display": false,
            "statement_depth": 0,
            "_thrs_random_uniform": 0.56484,
            "_thrs_reconstruct": 0.19909,
            "_thrs_obviousness": 1.0,
            "_thrs_weight": 0.0,
            "_thrs_complexity": 0.0,
            "_thrs_surprisingness": 0.5,
            "_thrs_intensity": 1.0,
            "_thrs_interestingness": 0.5,
            "_thrs_logistic_regression": 0.99984,
            "_thrs_random_forest": 0.87
        },
        {
            "number": 1635,
            "expression": "\u22a2 ( \u2200 x ( \ud835\udf11 \u2192 \ud835\udf13 ) \u2194 ( \ud835\udf11 \u2192 \u2200 x \ud835\udf13 ) )",
            "prop_expression": "( \ud835\udf11 \u2192 \u2200 x \ud835\udf11 ) \u22a2 ( \u2200 x ( \ud835\udf11 \u2192 \ud835\udf13 ) \u2194 ( \ud835\udf11 \u2192 \u2200 x \ud835\udf13 ) )",
            "step": 2,
            "theorem": "19.21",
            "ground_truth": "19.21 \u22a2 ( \u2200 x ( \ud835\udf11 \u2192 \ud835\udf13 ) \u2194 ( \ud835\udf11 \u2192 \u2200 x \ud835\udf13 ) )",
            "ground_truth_display": false,
            "statement_depth": 0,
            "_thrs_random_uniform": 0.38026,
            "_thrs_reconstruct": 1.0,
            "_thrs_obviousness": 0.83361,
            "_thrs_weight": 0.0,
            "_thrs_complexity": 0.0,
            "_thrs_surprisingness": 0.5,
            "_thrs_intensity": 0.25,
            "_thrs_interestingness": 0.31672,
            "_thrs_logistic_regression": 0.99123,
            "_thrs_random_forest": 0.985
        },
        {
            "number": 1635,
            "expression": "\u22a2 ( \ud835\udf11 \u2192 \u2200 x \ud835\udf11 )",
            "prop_expression": " \u22a2 ( \ud835\udf11 \u2192 \u2200 x \ud835\udf11 )",
            "step": 3,
            "theorem": "stdpc5.1",
            "ground_truth": "stdpc5.1 \u22a2 ( \ud835\udf11 \u2192 \u2200 x \ud835\udf11 )",
            "ground_truth_display": false,
            "statement_depth": 0,
            "_thrs_random_uniform": 0.07697,
            "_thrs_reconstruct": 0.0,
            "_thrs_obviousness": 0.0,
            "_thrs_weight": 1.0,
            "_thrs_complexity": 1.0,
            "_thrs_surprisingness": 0.5,
            "_thrs_intensity": 0.0,
            "_thrs_interestingness": 0.5,
            "_thrs_logistic_regression": 0.33688,
            "_thrs_random_forest": 0.68
        }
    ],
    "is_train": false
}