{
    "theorem": "sucel",
    "hyps": [
        [
            1,
            2
        ],
        [
            1,
            3
        ],
        [
            3,
            4
        ],
        [
            4,
            5
        ],
        [
            4,
            6
        ],
        [
            6,
            7
        ],
        [
            7,
            8
        ],
        [
            8,
            9
        ]
    ],
    "expression": "( suc A \u2208 B \u2194 \u2203 x \u2208 B \u2200 y ( y \u2208 x \u2194 ( y \u2208 A \u2228 y = A ) ) )",
    "steps": [
        {
            "expression": "\u22a2 ( suc A \u2208 B \u2194 \u2203 x \u2208 B \u2200 y ( y \u2208 x \u2194 ( y \u2208 A \u2228 y = A ) ) )",
            "prop_expression": "( \ud835\udf11 \u2194 \ud835\udf13 ), ( \ud835\udf13 \u2194 \ud835\udf12 ) \u22a2 ( \ud835\udf11 \u2194 \ud835\udf12 )",
            "step": 1,
            "theorem": "bitri",
            "ground_truth": "bitri \u22a2 ( suc A \u2208 B \u2194 \u2203 x \u2208 B \u2200 y ( y \u2208 x \u2194 ( y \u2208 A \u2228 y = A ) ) )",
            "ground_truth_display": false,
            "statement_depth": 0,
            "_thrs_random_uniform": 0.8787314859144426,
            "_thrs_reconstruct": 7.984067949570075e-07,
            "_thrs_obviousness": 1.0,
            "_thrs_weight": 0.1333333333333333,
            "_thrs_complexity": 0.0,
            "_thrs_surprisingness": 1.0,
            "_thrs_intensity": 0.6911764705882354,
            "_thrs_interestingness": 0.5649019607843138,
            "_thrs_logistic_regression": 0.9985633069628405,
            "_thrs_random_forest": 0.96
        },
        {
            "expression": "\u22a2 ( suc A \u2208 B \u2194 \u2203 x \u2208 B x = suc A )",
            "prop_expression": " \u22a2 ( A \u2208 B \u2194 \u2203 x \u2208 B x = A )",
            "step": 2,
            "theorem": "risset",
            "ground_truth": "risset \u22a2 ( suc A \u2208 B \u2194 \u2203 x \u2208 B x = suc A )",
            "ground_truth_display": false,
            "statement_depth": 0,
            "_thrs_random_uniform": 0.8007148187915261,
            "_thrs_reconstruct": 4.638354439845749e-05,
            "_thrs_obviousness": 4.637247511635588e-05,
            "_thrs_weight": 0.5333333333333333,
            "_thrs_complexity": 0.33333333333333337,
            "_thrs_surprisingness": 1.0,
            "_thrs_intensity": 0.029411764705882363,
            "_thrs_interestingness": 0.3792249607695331,
            "_thrs_logistic_regression": 0.8515298180855543,
            "_thrs_random_forest": 0.9
        },
        {
            "expression": "\u22a2 ( \u2203 x \u2208 B x = suc A \u2194 \u2203 x \u2208 B \u2200 y ( y \u2208 x \u2194 ( y \u2208 A \u2228 y = A ) ) )",
            "prop_expression": "( \ud835\udf11 \u2194 \ud835\udf13 ) \u22a2 ( \u2203 x \u2208 A \ud835\udf11 \u2194 \u2203 x \u2208 A \ud835\udf13 )",
            "step": 3,
            "theorem": "rexbii",
            "ground_truth": "rexbii \u22a2 ( \u2203 x \u2208 B x = suc A \u2194 \u2203 x \u2208 B \u2200 y ( y \u2208 x \u2194 ( y \u2208 A \u2228 y = A ) ) )",
            "ground_truth_display": false,
            "statement_depth": 0,
            "_thrs_random_uniform": 0.6223487285503837,
            "_thrs_reconstruct": 8.981059988964883e-05,
            "_thrs_obviousness": 0.999952828895951,
            "_thrs_weight": 0.0,
            "_thrs_complexity": 0.0,
            "_thrs_surprisingness": 1.0,
            "_thrs_intensity": 0.18823529411764703,
            "_thrs_interestingness": 0.43763762460271954,
            "_thrs_logistic_regression": 0.9759460170304015,
            "_thrs_random_forest": 0.9016666666666667
        },
        {
            "expression": "\u22a2 ( x = suc A \u2194 \u2200 y ( y \u2208 x \u2194 ( y \u2208 A \u2228 y = A ) ) )",
            "prop_expression": "( \ud835\udf11 \u2194 \ud835\udf13 ), ( \ud835\udf13 \u2194 \ud835\udf12 ) \u22a2 ( \ud835\udf11 \u2194 \ud835\udf12 )",
            "step": 4,
            "theorem": "bitri",
            "ground_truth": "bitri \u22a2 ( x = suc A \u2194 \u2200 y ( y \u2208 x \u2194 ( y \u2208 A \u2228 y = A ) ) )",
            "ground_truth_display": false,
            "statement_depth": 0,
            "_thrs_random_uniform": 0.4496723214959816,
            "_thrs_reconstruct": 7.984067949570075e-07,
            "_thrs_obviousness": 0.9998630395227317,
            "_thrs_weight": 0.4,
            "_thrs_complexity": 0.33333333333333337,
            "_thrs_surprisingness": 0.0,
            "_thrs_intensity": 1.0,
            "_thrs_interestingness": 0.546639274571213,
            "_thrs_logistic_regression": 0.9997041423739422,
            "_thrs_random_forest": 0.92
        },
        {
            "expression": "\u22a2 ( x = suc A \u2194 \u2200 y ( y \u2208 x \u2194 y \u2208 suc A ) )",
            "prop_expression": " \u22a2 ( A = B \u2194 \u2200 x ( x \u2208 A \u2194 x \u2208 B ) )",
            "step": 5,
            "theorem": "dfcleq",
            "ground_truth": "dfcleq \u22a2 ( x = suc A \u2194 \u2200 y ( y \u2208 x \u2194 y \u2208 suc A ) )",
            "ground_truth_display": false,
            "statement_depth": 0,
            "_thrs_random_uniform": 0.238964878392252,
            "_thrs_reconstruct": 0.0,
            "_thrs_obviousness": 0.0,
            "_thrs_weight": 0.4666666666666667,
            "_thrs_complexity": 0.33333333333333337,
            "_thrs_surprisingness": 0.0,
            "_thrs_intensity": 0.005347593582887705,
            "_thrs_interestingness": 0.16106951871657754,
            "_thrs_logistic_regression": 0.9482250695853481,
            "_thrs_random_forest": 0.575
        },
        {
            "expression": "\u22a2 ( \u2200 y ( y \u2208 x \u2194 y \u2208 suc A ) \u2194 \u2200 y ( y \u2208 x \u2194 ( y \u2208 A \u2228 y = A ) ) )",
            "prop_expression": "( \ud835\udf11 \u2194 \ud835\udf13 ) \u22a2 ( \u2200 x \ud835\udf11 \u2194 \u2200 x \ud835\udf13 )",
            "step": 6,
            "theorem": "albii",
            "ground_truth": "albii \u22a2 ( \u2200 y ( y \u2208 x \u2194 y \u2208 suc A ) \u2194 \u2200 y ( y \u2208 x \u2194 ( y \u2208 A \u2228 y = A ) ) )",
            "ground_truth_display": false,
            "statement_depth": 0,
            "_thrs_random_uniform": 0.8847145879372637,
            "_thrs_reconstruct": 3.117470502216776e-07,
            "_thrs_obviousness": 0.9998622408937992,
            "_thrs_weight": 0.06666666666666665,
            "_thrs_complexity": 0.33333333333333337,
            "_thrs_surprisingness": 0.0,
            "_thrs_intensity": 0.23183391003460205,
            "_thrs_interestingness": 0.3263392301856803,
            "_thrs_logistic_regression": 0.9749777894956392,
            "_thrs_random_forest": 0.6225
        },
        {
            "expression": "\u22a2 ( ( y \u2208 x \u2194 y \u2208 suc A ) \u2194 ( y \u2208 x \u2194 ( y \u2208 A \u2228 y = A ) ) )",
            "prop_expression": "( \ud835\udf11 \u2194 \ud835\udf13 ) \u22a2 ( ( \ud835\udf12 \u2194 \ud835\udf11 ) \u2194 ( \ud835\udf12 \u2194 \ud835\udf13 ) )",
            "step": 7,
            "theorem": "bibi2i",
            "ground_truth": "bibi2i \u22a2 ( ( y \u2208 x \u2194 y \u2208 suc A ) \u2194 ( y \u2208 x \u2194 ( y \u2208 A \u2228 y = A ) ) )",
            "ground_truth_display": false,
            "statement_depth": 0,
            "_thrs_random_uniform": 0.18101661658296486,
            "_thrs_reconstruct": 6.920041522944547e-06,
            "_thrs_obviousness": 0.999861929014809,
            "_thrs_weight": 0.19999999999999996,
            "_thrs_complexity": 0.33333333333333337,
            "_thrs_surprisingness": 0.0,
            "_thrs_intensity": 0.16176470588235295,
            "_thrs_interestingness": 0.3389919936460991,
            "_thrs_logistic_regression": 0.9680696083662037,