{
    "theorem": "supex",
    "hyps": [
        [
            1,
            2
        ],
        [
            1,
            6
        ],
        [
            2,
            3
        ],
        [
            2,
            4
        ],
        [
            4,
            5
        ],
        [
            6,
            7
        ],
        [
            7,
            8
        ],
        [
            7,
            10
        ],
        [
            8,
            9
        ]
    ],
    "expression": "sup ( B , A , R ) \u2208 V",
    "steps": [
        {
            "expression": "\u22a2 sup ( B , A , R ) \u2208 V",
            "prop_expression": "A = B, B \u2208 C \u22a2 A \u2208 C",
            "step": 1,
            "theorem": "eqeltri",
            "ground_truth": "eqeltri \u22a2 sup ( B , A , R ) \u2208 V",
            "ground_truth_display": false,
            "statement_depth": 0,
            "_thrs_random_uniform": 0.7377014765872193,
            "_thrs_reconstruct": 2.062632603234255e-07,
            "_thrs_obviousness": 1.0,
            "_thrs_weight": 0.9302325581395349,
            "_thrs_complexity": 0.5,
            "_thrs_surprisingness": 1.0,
            "_thrs_intensity": 1.0,
            "_thrs_interestingness": 0.8860465116279069,
            "_thrs_logistic_regression": 0.998389660569333,
            "_thrs_random_forest": 0.92
        },
        {
            "expression": "\u22a2 sup ( B , A , R ) = U. { x | ( x \u2208 A \u2227 ( \u2200 y \u2208 B \u00ac x R y \u2227 \u2200 y \u2208 A ( y R x \u2192 \u2203 z \u2208 B y R z ) ) ) }",
            "prop_expression": "A = B, B = C \u22a2 A = C",
            "step": 2,
            "theorem": "eqtri",
            "ground_truth": "eqtri \u22a2 sup ( B , A , R ) = U. { x | ( x \u2208 A \u2227 ( \u2200 y \u2208 B \u00ac x R y \u2227 \u2200 y \u2208 A ( y R x \u2192 \u2203 z \u2208 B y R z ) ) ) }",
            "ground_truth_display": false,
            "statement_depth": 0,
            "_thrs_random_uniform": 0.028338159959047426,
            "_thrs_reconstruct": 5.974744111208314e-08,
            "_thrs_obviousness": 0.0002523131405225491,
            "_thrs_weight": 0.4418604651162791,
            "_thrs_complexity": 0.0,
            "_thrs_surprisingness": 1.0,
            "_thrs_intensity": 0.48972333367531895,
            "_thrs_interestingness": 0.3863672223864241,
            "_thrs_logistic_regression": 0.997090407123554,
            "_thrs_random_forest": 0.94
        },
        {
            "expression": "\u22a2 sup ( B , A , R ) = U. { x \u2208 A | ( \u2200 y \u2208 B \u00ac x R y \u2227 \u2200 y \u2208 A ( y R x \u2192 \u2203 z \u2208 B y R z ) ) }",
            "prop_expression": " \u22a2 sup ( A , B , R ) = U. { x \u2208 B | ( \u2200 y \u2208 A \u00ac x R y \u2227 \u2200 y \u2208 B ( y R x \u2192 \u2203 z \u2208 A y R z ) ) }",
            "step": 3,
            "theorem": "df-sup",
            "ground_truth": "df-sup \u22a2 sup ( B , A , R ) = U. { x \u2208 A | ( \u2200 y \u2208 B \u00ac x R y \u2227 \u2200 y \u2208 A ( y R x \u2192 \u2203 z \u2208 B y R z ) ) }",
            "ground_truth_display": false,
            "statement_depth": 0,
            "_thrs_random_uniform": 0.24591939079376746,
            "_thrs_reconstruct": 0.0,
            "_thrs_obviousness": 0.0,
            "_thrs_weight": 0.4651162790697675,
            "_thrs_complexity": 0.0,
            "_thrs_surprisingness": 1.0,
            "_thrs_intensity": 0.03640173307763336,
            "_thrs_interestingness": 0.3003036024294802,
            "_thrs_logistic_regression": 0.968110060258562,
            "_thrs_random_forest": 0.295
        },
        {
            "expression": "\u22a2 U. { x \u2208 A | ( \u2200 y \u2208 B \u00ac x R y \u2227 \u2200 y \u2208 A ( y R x \u2192 \u2203 z \u2208 B y R z ) ) } = U. { x | ( x \u2208 A \u2227 ( \u2200 y \u2208 B \u00ac x R y \u2227 \u2200 y \u2208 A ( y R x \u2192 \u2203 z \u2208 B y R z ) ) ) }",
            "prop_expression": "A = B \u22a2 U. A = U. B",
            "step": 4,
            "theorem": "unieqi",
            "ground_truth": "unieqi \u22a2 U. { x \u2208 A | ( \u2200 y \u2208 B \u00ac x R y \u2227 \u2200 y \u2208 A ( y R x \u2192 \u2203 z \u2208 B y R z ) ) } = U. { x | ( x \u2208 A \u2227 ( \u2200 y \u2208 B \u00ac x R y \u2227 \u2200 y \u2208 A ( y R x \u2192 \u2203 z \u2208 B y R z ) ) ) }",
            "ground_truth_display": false,
            "statement_depth": 0,
            "_thrs_random_uniform": 0.13980955187531974,
            "_thrs_reconstruct": 0.0002561969340959729,
            "_thrs_obviousness": 0.00025225431223354966,
            "_thrs_weight": 0.023255813953488413,
            "_thrs_complexity": 0.16666666666666663,
            "_thrs_surprisingness": 0.5,
            "_thrs_intensity": 0.1844816720162981,
            "_thrs_interestingness": 0.17493128138973732,
            "_thrs_logistic_regression": 0.9739402873897377,
            "_thrs_random_forest": 0.235
        },
        {
            "expression": "\u22a2 { x \u2208 A | ( \u2200 y \u2208 B \u00ac x R y \u2227 \u2200 y \u2208 A ( y R x \u2192 \u2203 z \u2208 B y R z ) ) } = { x | ( x \u2208 A \u2227 ( \u2200 y \u2208 B \u00ac x R y \u2227 \u2200 y \u2208 A ( y R x \u2192 \u2203 z \u2208 B y R z ) ) ) }",
            "prop_expression": " \u22a2 { x \u2208 A | \ud835\udf11 } = { x | ( x \u2208 A \u2227 \ud835\udf11 ) }",
            "step": 5,
            "theorem": "df-rab",
            "ground_truth": "df-rab \u22a2 { x \u2208 A | ( \u2200 y \u2208 B \u00ac x R y \u2227 \u2200 y \u2208 A ( y R x \u2192 \u2203 z \u2208 B y R z ) ) } = { x | ( x \u2208 A \u2227 ( \u2200 y \u2208 B \u00ac x R y \u2227 \u2200 y \u2208 A ( y R x \u2192 \u2203 z \u2208 B y R z ) ) ) }",
            "ground_truth_display": false,
            "statement_depth": 0,
            "_thrs_random_uniform": 0.8609178781887123,
            "_thrs_reconstruct": 0.0,
            "_thrs_obviousness": 0.0,
            "_thrs_weight": 0.06976744186046513,
            "_thrs_complexity": 0.33333333333333337,
            "_thrs_surprisingness": 0.0,
            "_thrs_intensity": 0.0,
            "_thrs_interestingness": 0.0806201550387597,
            "_thrs_logistic_regression": 0.9241623855599854,
            "_thrs_random_forest": 0.17
        },
        {
            "expression": "\u22a2 U. { x | ( x \u2208 A \u2227 ( \u2200 y \u2208 B \u00ac x R y \u2227 \u2200 y \u2208 A ( y R x \u2192 \u2203 z \u2208 B y R z ) ) ) } \u2208 V",
            "prop_expression": "A \u2208 V \u22a2 U. A \u2208 V",
            "step": 6,
            "theorem": "uniex",
            "ground_truth": "uniex \u22a2 U. { x | ( x \u2208 A \u2227 ( \u2200 y \u2208 B \u00ac x R y \u2227 \u2200 y \u2208 A ( y R x \u2192 \u2203 z \u2208 B y R z ) ) ) } \u2208 V",
            "ground_truth_display": false,
            "statement_depth": 0,
            "_thrs_random_uniform": 0.1960165352183436,
            "_thrs_reconstruct": 0.001003723102385026,
            "_thrs_obviousness": 0.9997474837701054,
            "_thrs_weight": 0.4883720930232558,
            "_thrs_complexity": 0.0,
            "_thrs_surprisingness": 1.0,
            "_thrs_intensity": 0.18208679593721147,
            "_thrs_interestingness": 0.5340412745461146,
            "_thrs_logistic_regression": 0.9842606817957987,
            "_thrs_random_forest": 0.905
        },
        {
            "expression": "\u22a2 { x | ( x \u2208 A \u2227 ( \u2200 y \u2208 B \u00ac x R y \u2227 \u2200 y \u2208 A ( y R x \u2192 \u2203 z \u2208 B y R z ) ) ) } \u2208 V",
            "prop_expression": "\ud835\udf11, ( \ud835\udf11 \u2192 \ud835\udf13 ) \u22a2 \ud835\udf13",
            "step": 7,
            "theorem": "ax-mp",
            "ground_truth": "ax-mp \u22a2 { x | ( x \u2208 A \u2227 ( \u2200 y \u2208 B \u00ac x R y \u2227 \u2200 y \u2208 A ( y R x \u2192 \u2203 z \u2208 B y R z ) ) ) } \u2208 V",
            "ground_truth_display": false,