{
    "theorem": "syl2im",
    "hyps": [
        [
            1,
            2
        ],
        [
            1,
            3
        ],
        [
            3,
            4
        ],
        [
            3,
            5
        ]
    ],
    "expression": "( \ud835\udf11 \u2192 ( \ud835\udf12 \u2192 \ud835\udf0f ) )",
    "steps": [
        {
            "expression": "\u22a2 ( \ud835\udf11 \u2192 ( \ud835\udf12 \u2192 \ud835\udf0f ) )",
            "prop_expression": "( \ud835\udf11 \u2192 \ud835\udf13 ), ( \ud835\udf13 \u2192 \ud835\udf12 ) \u22a2 ( \ud835\udf11 \u2192 \ud835\udf12 )",
            "step": 1,
            "theorem": "syl",
            "ground_truth": "syl \u22a2 ( \ud835\udf11 \u2192 ( \ud835\udf12 \u2192 \ud835\udf0f ) )",
            "ground_truth_display": false,
            "statement_depth": 0,
            "_thrs_random_uniform": 0.0805192793224232,
            "_thrs_reconstruct": 0.13333333333333333,
            "_thrs_obviousness": 1.0,
            "_thrs_weight": 0.0,
            "_thrs_complexity": 0.0,
            "_thrs_surprisingness": 0.0,
            "_thrs_intensity": 1.0,
            "_thrs_interestingness": 0.4,
            "_thrs_logistic_regression": 0.9999203329863858,
            "_thrs_random_forest": 0.925
        },
        {
            "expression": "\u22a2 ( \ud835\udf11 \u2192 \ud835\udf13 )",
            "prop_expression": " \u22a2 ( \ud835\udf11 \u2192 \ud835\udf13 )",
            "step": 2,
            "theorem": "syl2im.1",
            "ground_truth": "syl2im.1 \u22a2 ( \ud835\udf11 \u2192 \ud835\udf13 )",
            "ground_truth_display": false,
            "statement_depth": 0,
            "_thrs_random_uniform": 0.9332463052681588,
            "_thrs_reconstruct": 0.0,
            "_thrs_obviousness": 0.0,
            "_thrs_weight": 1.0,
            "_thrs_complexity": 1.0,
            "_thrs_surprisingness": 0.3,
            "_thrs_intensity": 0.0,
            "_thrs_interestingness": 0.45999999999999996,
            "_thrs_logistic_regression": 0.39979077568906063,
            "_thrs_random_forest": 0.985
        },
        {
            "expression": "\u22a2 ( \ud835\udf13 \u2192 ( \ud835\udf12 \u2192 \ud835\udf0f ) )",
            "prop_expression": "( \ud835\udf11 \u2192 \ud835\udf13 ), ( \ud835\udf12 \u2192 ( \ud835\udf13 \u2192 \ud835\udf03 ) ) \u22a2 ( \ud835\udf12 \u2192 ( \ud835\udf11 \u2192 \ud835\udf03 ) )",
            "step": 3,
            "theorem": "syl5",
            "ground_truth": "syl5 \u22a2 ( \ud835\udf13 \u2192 ( \ud835\udf12 \u2192 \ud835\udf0f ) )",
            "ground_truth_display": false,
            "statement_depth": 0,
            "_thrs_random_uniform": 0.7946074528398601,
            "_thrs_reconstruct": 1.0,
            "_thrs_obviousness": 0.8421052631578947,
            "_thrs_weight": 0.0,
            "_thrs_complexity": 0.0,
            "_thrs_surprisingness": 0.3,
            "_thrs_intensity": 1.0,
            "_thrs_interestingness": 0.4284210526315789,
            "_thrs_logistic_regression": 0.9998820053881454,
            "_thrs_random_forest": 0.975
        },
        {
            "expression": "\u22a2 ( \ud835\udf12 \u2192 \ud835\udf03 )",
            "prop_expression": " \u22a2 ( \ud835\udf12 \u2192 \ud835\udf03 )",
            "step": 4,
            "theorem": "syl2im.2",
            "ground_truth": "syl2im.2 \u22a2 ( \ud835\udf12 \u2192 \ud835\udf03 )",
            "ground_truth_display": false,
            "statement_depth": 0,
            "_thrs_random_uniform": 0.5683214274507198,
            "_thrs_reconstruct": 0.0,
            "_thrs_obviousness": 0.0,
            "_thrs_weight": 1.0,
            "_thrs_complexity": 1.0,
            "_thrs_surprisingness": 0.3,
            "_thrs_intensity": 0.0,
            "_thrs_interestingness": 0.45999999999999996,
            "_thrs_logistic_regression": 0.39979077568906063,
            "_thrs_random_forest": 0.945
        },
        {
            "expression": "\u22a2 ( \ud835\udf13 \u2192 ( \ud835\udf03 \u2192 \ud835\udf0f ) )",
            "prop_expression": " \u22a2 ( \ud835\udf13 \u2192 ( \ud835\udf03 \u2192 \ud835\udf0f ) )",
            "step": 5,
            "theorem": "syl2im.3",
            "ground_truth": "syl2im.3 \u22a2 ( \ud835\udf13 \u2192 ( \ud835\udf03 \u2192 \ud835\udf0f ) )",
            "ground_truth_display": false,
            "statement_depth": 0,
            "_thrs_random_uniform": 0.08059923674965686,
            "_thrs_reconstruct": 0.0,
            "_thrs_obviousness": 0.0,
            "_thrs_weight": 0.0,
            "_thrs_complexity": 0.0,
            "_thrs_surprisingness": 1.0,
            "_thrs_intensity": 0.0,
            "_thrs_interestingness": 0.2,
            "_thrs_logistic_regression": 0.941201642956695,
            "_thrs_random_forest": 0.945
        }
    ]
}