{
    "theorem": "syl3an3br",
    "hyps": [
        [
            1,
            2
        ],
        [
            1,
            4
        ],
        [
            2,
            3
        ]
    ],
    "expression": "( ( \ud835\udf13 \u2227 \ud835\udf12 \u2227 \ud835\udf11 ) \u2192 \ud835\udf0f )",
    "steps": [
        {
            "expression": "\u22a2 ( ( \ud835\udf13 \u2227 \ud835\udf12 \u2227 \ud835\udf11 ) \u2192 \ud835\udf0f )",
            "prop_expression": "( \ud835\udf11 \u2192 \ud835\udf03 ), ( ( \ud835\udf13 \u2227 \ud835\udf12 \u2227 \ud835\udf03 ) \u2192 \ud835\udf0f ) \u22a2 ( ( \ud835\udf13 \u2227 \ud835\udf12 \u2227 \ud835\udf11 ) \u2192 \ud835\udf0f )",
            "step": 1,
            "theorem": "syl3an3",
            "ground_truth": "syl3an3 \u22a2 ( ( \ud835\udf13 \u2227 \ud835\udf12 \u2227 \ud835\udf11 ) \u2192 \ud835\udf0f )",
            "ground_truth_display": false,
            "statement_depth": 0,
            "_thrs_random_uniform": 0.8556445402167139,
            "_thrs_reconstruct": 1.0,
            "_thrs_obviousness": 1.0,
            "_thrs_weight": 0.0,
            "_thrs_complexity": 0.0,
            "_thrs_surprisingness": 0.0,
            "_thrs_intensity": 1.0,
            "_thrs_interestingness": 0.4,
            "_thrs_logistic_regression": 0.9999203329863858,
            "_thrs_random_forest": 0.845
        },
        {
            "expression": "\u22a2 ( \ud835\udf11 \u2192 \ud835\udf03 )",
            "prop_expression": "( \ud835\udf11 \u2194 \ud835\udf13 ) \u22a2 ( \ud835\udf13 \u2192 \ud835\udf11 )",
            "step": 2,
            "theorem": "biimpri",
            "ground_truth": "biimpri \u22a2 ( \ud835\udf11 \u2192 \ud835\udf03 )",
            "ground_truth_display": false,
            "statement_depth": 0,
            "_thrs_random_uniform": 0.14351120420283314,
            "_thrs_reconstruct": 0.2763026052104208,
            "_thrs_obviousness": 0.2165096807953951,
            "_thrs_weight": 1.0,
            "_thrs_complexity": 1.0,
            "_thrs_surprisingness": 0.3333333333333333,
            "_thrs_intensity": 0.0,
            "_thrs_interestingness": 0.5099686028257457,
            "_thrs_logistic_regression": 0.3846119762904236,
            "_thrs_random_forest": 0.905
        },
        {
            "expression": "\u22a2 ( \ud835\udf03 \u2194 \ud835\udf11 )",
            "prop_expression": " \u22a2 ( \ud835\udf03 \u2194 \ud835\udf11 )",
            "step": 3,
            "theorem": "syl3an3br.1",
            "ground_truth": "syl3an3br.1 \u22a2 ( \ud835\udf03 \u2194 \ud835\udf11 )",
            "ground_truth_display": false,
            "statement_depth": 0,
            "_thrs_random_uniform": 0.571459669257048,
            "_thrs_reconstruct": 0.0,
            "_thrs_obviousness": 0.0,
            "_thrs_weight": 1.0,
            "_thrs_complexity": 1.0,
            "_thrs_surprisingness": 0.3333333333333333,
            "_thrs_intensity": 0.0,
            "_thrs_interestingness": 0.4666666666666667,
            "_thrs_logistic_regression": 0.38900763265720345,
            "_thrs_random_forest": 0.92
        },
        {
            "expression": "\u22a2 ( ( \ud835\udf13 \u2227 \ud835\udf12 \u2227 \ud835\udf03 ) \u2192 \ud835\udf0f )",
            "prop_expression": " \u22a2 ( ( \ud835\udf13 \u2227 \ud835\udf12 \u2227 \ud835\udf03 ) \u2192 \ud835\udf0f )",
            "step": 4,
            "theorem": "syl3an3br.2",
            "ground_truth": "syl3an3br.2 \u22a2 ( ( \ud835\udf13 \u2227 \ud835\udf12 \u2227 \ud835\udf03 ) \u2192 \ud835\udf0f )",
            "ground_truth_display": false,
            "statement_depth": 0,
            "_thrs_random_uniform": 0.29827678916133327,
            "_thrs_reconstruct": 0.0,
            "_thrs_obviousness": 0.0,
            "_thrs_weight": 0.0,
            "_thrs_complexity": 0.0,
            "_thrs_surprisingness": 1.0,
            "_thrs_intensity": 0.0,
            "_thrs_interestingness": 0.2,
            "_thrs_logistic_regression": 0.941201642956695,
            "_thrs_random_forest": 0.985
        }
    ]
}