{
    "theorem": "t2lucas",
    "hyps": [
        [
            1,
            2
        ],
        [
            1,
            6
        ],
        [
            2,
            3
        ],
        [
            3,
            4
        ],
        [
            4,
            5
        ],
        [
            6,
            7
        ],
        [
            7,
            8
        ],
        [
            7,
            10
        ],
        [
            8,
            9
        ],
        [
            10,
            11
        ]
    ],
    "expression": "( A \u2229 A ) = A",
    "steps": [
        {
            "expression": "\u22a2 ( A \u2229 A ) = A",
            "prop_expression": "A \u2286 B, B \u2286 A \u22a2 A = B",
            "step": 1,
            "theorem": "eqssi",
            "ground_truth": "eqssi \u22a2 ( A \u2229 A ) = A",
            "ground_truth_display": false,
            "statement_depth": 0,
            "_thrs_random_uniform": 0.46484964954159635,
            "_thrs_reconstruct": 0.004613829021901326,
            "_thrs_obviousness": 1.0,
            "_thrs_weight": 1.0,
            "_thrs_complexity": 1.0,
            "_thrs_surprisingness": 0.5,
            "_thrs_intensity": 0.6153846153846155,
            "_thrs_interestingness": 0.8230769230769232,
            "_thrs_logistic_regression": 0.9280816686461612,
            "_thrs_random_forest": 0.88
        },
        {
            "expression": "\u22a2 ( A \u2229 A ) \u2286 A",
            "prop_expression": "( x \u2208 A \u2192 x \u2208 B ) \u22a2 A \u2286 B",
            "step": 2,
            "theorem": "ssriv",
            "ground_truth": "ssriv \u22a2 ( A \u2229 A ) \u2286 A",
            "ground_truth_display": false,
            "statement_depth": 0,
            "_thrs_random_uniform": 0.8635466829463733,
            "_thrs_reconstruct": 0.0022176378381270475,
            "_thrs_obviousness": 0.498846671450656,
            "_thrs_weight": 0.8571428571428572,
            "_thrs_complexity": 0.5,
            "_thrs_surprisingness": 0.5,
            "_thrs_intensity": 0.4,
            "_thrs_interestingness": 0.5511979057187026,
            "_thrs_logistic_regression": 0.9790144488301609,
            "_thrs_random_forest": 0.94
        },
        {
            "expression": "\u22a2 ( x \u2208 ( A \u2229 A ) \u2192 x \u2208 A )",
            "prop_expression": "( \ud835\udf11 \u2192 ( \ud835\udf13 \u2227 \ud835\udf12 ) ) \u22a2 ( \ud835\udf11 \u2192 \ud835\udf13 )",
            "step": 3,
            "theorem": "simpld",
            "ground_truth": "simpld \u22a2 ( x \u2208 ( A \u2229 A ) \u2192 x \u2208 A )",
            "ground_truth_display": true,
            "statement_depth": 0,
            "_thrs_random_uniform": 0.6847855109861998,
            "_thrs_reconstruct": 1.3842160194894975e-07,
            "_thrs_obviousness": 0.49774284685495124,
            "_thrs_weight": 0.4285714285714286,
            "_thrs_complexity": 0.0,
            "_thrs_surprisingness": 1.0,
            "_thrs_intensity": 0.48076923076923084,
            "_thrs_interestingness": 0.48141670123912217,
            "_thrs_logistic_regression": 0.9967739226044423,
            "_thrs_random_forest": 0.805
        },
        {
            "expression": "\u22a2 ( x \u2208 ( A \u2229 A ) \u2192 ( x \u2208 A \u2227 x \u2208 A ) )",
            "prop_expression": "( \ud835\udf11 \u2194 \ud835\udf13 ) \u22a2 ( \ud835\udf11 \u2192 \ud835\udf13 )",
            "step": 4,
            "theorem": "biimpi",
            "ground_truth": "biimpi \u22a2 ( x \u2208 ( A \u2229 A ) \u2192 ( x \u2208 A \u2227 x \u2208 A ) )",
            "ground_truth_display": true,
            "statement_depth": 0,
            "_thrs_random_uniform": 0.5813270100866393,
            "_thrs_reconstruct": 6.209374394431278e-08,
            "_thrs_obviousness": 0.4977427774425148,
            "_thrs_weight": 0.0,
            "_thrs_complexity": 0.0,
            "_thrs_surprisingness": 1.0,
            "_thrs_intensity": 0.30769230769230776,
            "_thrs_interestingness": 0.36108701702696455,
            "_thrs_logistic_regression": 0.9877589677411935,
            "_thrs_random_forest": 0.57
        },
        {
            "expression": "\u22a2 ( x \u2208 ( A \u2229 A ) \u2194 ( x \u2208 A \u2227 x \u2208 A ) )",
            "prop_expression": " \u22a2 ( A \u2208 ( B \u2229 C ) \u2194 ( A \u2208 B \u2227 A \u2208 C ) )",
            "step": 5,
            "theorem": "elin",
            "ground_truth": "elin \u22a2 ( x \u2208 ( A \u2229 A ) \u2194 ( x \u2208 A \u2227 x \u2208 A ) )",
            "ground_truth_display": false,
            "statement_depth": 0,
            "_thrs_random_uniform": 0.06344042633644298,
            "_thrs_reconstruct": 1.0,
            "_thrs_obviousness": 0.49774274602209245,
            "_thrs_weight": 0.0,
            "_thrs_complexity": 0.0,
            "_thrs_surprisingness": 1.0,
            "_thrs_intensity": 0.013986013986014,
            "_thrs_interestingness": 0.3023457520016213,
            "_thrs_logistic_regression": 0.9429939394314528,
            "_thrs_random_forest": 0.775
        },
        {
            "expression": "\u22a2 A \u2286 ( A \u2229 A )",
            "prop_expression": "( x \u2208 A \u2192 x \u2208 B ) \u22a2 A \u2286 B",
            "step": 6,
            "theorem": "ssriv",
            "ground_truth": "ssriv \u22a2 A \u2286 ( A \u2229 A )",
            "ground_truth_display": false,
            "statement_depth": 0,
            "_thrs_random_uniform": 0.48959019000291193,
            "_thrs_reconstruct": 0.0022176378381270475,
            "_thrs_obviousness": 0.4988518738922285,
            "_thrs_weight": 0.8571428571428572,
            "_thrs_complexity": 0.5,
            "_thrs_surprisingness": 0.5,
            "_thrs_intensity": 0.4,
            "_thrs_interestingness": 0.5511989462070171,
            "_thrs_logistic_regression": 0.9790144396811506,
            "_thrs_random_forest": 0.97
        },
        {
            "expression": "\u22a2 ( x \u2208 A \u2192 x \u2208 ( A \u2229 A ) )",
            "prop_expression": "( \ud835\udf11 \u2192 \ud835\udf13 ), ( \ud835\udf13 \u2192 \ud835\udf12 ) \u22a2 ( \ud835\udf11 \u2192 \ud835\udf12 )",
            "step": 7,
            "theorem": "syl",
            "ground_truth": "syl \u22a2 ( x \u2208 A \u2192 x \u2208 ( A \u2229 A ) )",
            "ground_truth_display": true,
            "statement_depth": 0,
            "_thrs_random_uniform": 0.44113781207487346,
            "_thrs_reconstruct": 0.0,
            "_thrs_obviousness": 0.49774804929652383,
            "_thrs_weight": 0.4285714285714286,
            "_thrs_complexity": 0.0,
            "_thrs_surprisingness": 1.0,
            "_thrs_intensity": 1.0,
            "_thrs_interestingness": 0.5852638955735905,
            "_thrs_logistic_regression": 0.9998035400550436,
            "_thrs_random_forest": 0.835
        },
        {
            "expression": "\u22a2 ( x \u2208 A \u2192 ( x \u2208 A \u2227 x \u2208 A ) )",
            "prop_expression": "( \ud835\udf11 \u2194 \ud835\udf13 ) \u22a2 ( \ud835\udf11 \u2192 \ud835\udf13 )",
            "step": 8,
            "theorem": "biimpi",
            "ground_truth": "biimpi \u22a2 ( x \u2208 A \u2192 ( x \u2208 A \u2227 x \u2208 A ) )",
            "ground_truth_display": true,
            "statement_depth": 0,
            "_thrs_random_uniform": 0.7682444545101587,
            "_thrs_reconstruct": 6.209374394431278e-08,
            "_thrs_obviousness": 3.1420422397682275e-08,
            "_thrs_weight": 0.2857142857142857,
            "_thrs_complexity": 0.5,
            "_thrs_surprisingness": 0.0,
            "_thrs_intensity": 0.30769230769230776,
            "_thrs_interestingness": 0.21868132496540316,
            "_thrs_logistic_regression": 0.9712398854090405,