{
    "theorem": "t4lucas",
    "hyps": [
        [
            1,
            2
        ],
        [
            1,
            8
        ],
        [
            2,
            3
        ],
        [
            3,
            4
        ],
        [
            3,
            7
        ],
        [
            4,
            5
        ],
        [
            4,
            6
        ],
        [
            8,
            9
        ]
    ],
    "expression": "( ( A \u2286 B \u2227 B \u2286 C ) \u2192 A \u2286 C )",
    "steps": [
        {
            "expression": "\u22a2 ( ( A \u2286 B \u2227 B \u2286 C ) \u2192 A \u2286 C )",
            "prop_expression": "( \ud835\udf11 \u2192 \ud835\udf13 ), ( \ud835\udf13 \u2192 \ud835\udf12 ) \u22a2 ( \ud835\udf11 \u2192 \ud835\udf12 )",
            "step": 1,
            "theorem": "syl",
            "ground_truth": "syl \u22a2 ( ( A \u2286 B \u2227 B \u2286 C ) \u2192 A \u2286 C )",
            "ground_truth_display": false,
            "statement_depth": 0,
            "_thrs_random_uniform": 0.9068032837350607,
            "_thrs_reconstruct": 0.0,
            "_thrs_obviousness": 1.0,
            "_thrs_weight": 1.0,
            "_thrs_complexity": 1.0,
            "_thrs_surprisingness": 0.42857142857142855,
            "_thrs_intensity": 0.5238095238095238,
            "_thrs_interestingness": 0.7904761904761904,
            "_thrs_logistic_regression": 0.8966205246504079,
            "_thrs_random_forest": 0.775
        },
        {
            "expression": "\u22a2 ( ( A \u2286 B \u2227 B \u2286 C ) \u2192 \u2200 x ( x \u2208 A \u2192 x \u2208 C ) )",
            "prop_expression": "( \ud835\udf11 \u2192 \ud835\udf13 ) \u22a2 ( \ud835\udf11 \u2192 \u2200 x \ud835\udf13 )",
            "step": 2,
            "theorem": "alrimiv",
            "ground_truth": "alrimiv \u22a2 ( ( A \u2286 B \u2227 B \u2286 C ) \u2192 \u2200 x ( x \u2208 A \u2192 x \u2208 C ) )",
            "ground_truth_display": false,
            "statement_depth": 0,
            "_thrs_random_uniform": 0.3967643888308219,
            "_thrs_reconstruct": 3.641051324441522e-07,
            "_thrs_obviousness": 0.6716034067010143,
            "_thrs_weight": 0.5555555555555556,
            "_thrs_complexity": 0.0,
            "_thrs_surprisingness": 1.0,
            "_thrs_intensity": 0.2370486656200942,
            "_thrs_interestingness": 0.4928415255753328,
            "_thrs_logistic_regression": 0.9892755708178181,
            "_thrs_random_forest": 0.94
        },
        {
            "expression": "\u22a2 ( ( A \u2286 B \u2227 B \u2286 C ) \u2192 ( x \u2208 A \u2192 x \u2208 C ) )",
            "prop_expression": "( \ud835\udf11 \u2192 \ud835\udf13 ), ( \ud835\udf13 \u2192 \ud835\udf12 ) \u22a2 ( \ud835\udf11 \u2192 \ud835\udf12 )",
            "step": 3,
            "theorem": "syl",
            "ground_truth": "syl \u22a2 ( ( A \u2286 B \u2227 B \u2286 C ) \u2192 ( x \u2208 A \u2192 x \u2208 C ) )",
            "ground_truth_display": false,
            "statement_depth": 0,
            "_thrs_random_uniform": 0.8794783730100703,
            "_thrs_reconstruct": 0.0,
            "_thrs_obviousness": 0.6716031317650477,
            "_thrs_weight": 0.6666666666666667,
            "_thrs_complexity": 0.0,
            "_thrs_surprisingness": 1.0,
            "_thrs_intensity": 1.0,
            "_thrs_interestingness": 0.6676539596863429,
            "_thrs_logistic_regression": 0.9998410965684179,
            "_thrs_random_forest": 0.9
        },
        {
            "expression": "\u22a2 ( ( A \u2286 B \u2227 B \u2286 C ) \u2192 ( ( x \u2208 A \u2192 x \u2208 B ) \u2227 ( x \u2208 B \u2192 x \u2208 C ) ) )",
            "prop_expression": "( \ud835\udf11 \u2192 \ud835\udf13 ), ( \ud835\udf12 \u2192 \ud835\udf03 ) \u22a2 ( ( \ud835\udf11 \u2227 \ud835\udf12 ) \u2192 ( \ud835\udf13 \u2227 \ud835\udf03 ) )",
            "step": 4,
            "theorem": "anim12i",
            "ground_truth": "anim12i \u22a2 ( ( A \u2286 B \u2227 B \u2286 C ) \u2192 ( ( x \u2208 A \u2192 x \u2208 B ) \u2227 ( x \u2208 B \u2192 x \u2208 C ) ) )",
            "ground_truth_display": false,
            "statement_depth": 0,
            "_thrs_random_uniform": 0.7205341888989611,
            "_thrs_reconstruct": 0.0011980879383074827,
            "_thrs_obviousness": 0.6715805259189009,
            "_thrs_weight": 0.0,
            "_thrs_complexity": 0.0,
            "_thrs_surprisingness": 1.0,
            "_thrs_intensity": 0.26530612244897955,
            "_thrs_interestingness": 0.38737732967357613,
            "_thrs_logistic_regression": 0.9844353084272452,
            "_thrs_random_forest": 0.585
        },
        {
            "expression": "\u22a2 ( A \u2286 B \u2192 ( x \u2208 A \u2192 x \u2208 B ) )",
            "prop_expression": " \u22a2 ( A \u2286 B \u2192 ( C \u2208 A \u2192 C \u2208 B ) )",
            "step": 5,
            "theorem": "ssel",
            "ground_truth": "ssel \u22a2 ( A \u2286 B \u2192 ( x \u2208 A \u2192 x \u2208 B ) )",
            "ground_truth_display": true,
            "statement_depth": 0,
            "_thrs_random_uniform": 0.19766587263534519,
            "_thrs_reconstruct": 1.0,
            "_thrs_obviousness": 0.3355779207478747,
            "_thrs_weight": 1.0,
            "_thrs_complexity": 0.5,
            "_thrs_surprisingness": 0.0,
            "_thrs_intensity": 0.10204081632653061,
            "_thrs_interestingness": 0.38752374741488105,
            "_thrs_logistic_regression": 0.955318031502824,
            "_thrs_random_forest": 0.725
        },
        {
            "expression": "\u22a2 ( B \u2286 C \u2192 ( x \u2208 B \u2192 x \u2208 C ) )",
            "prop_expression": " \u22a2 ( A \u2286 B \u2192 ( C \u2208 A \u2192 C \u2208 B ) )",
            "step": 6,
            "theorem": "ssel",
            "ground_truth": "ssel \u22a2 ( B \u2286 C \u2192 ( x \u2208 B \u2192 x \u2208 C ) )",
            "ground_truth_display": true,
            "statement_depth": 0,
            "_thrs_random_uniform": 0.8146491730857512,
            "_thrs_reconstruct": 1.0,
            "_thrs_obviousness": 0.3355779207478747,
            "_thrs_weight": 1.0,
            "_thrs_complexity": 0.5,
            "_thrs_surprisingness": 0.0,
            "_thrs_intensity": 0.10204081632653061,
            "_thrs_interestingness": 0.38752374741488105,
            "_thrs_logistic_regression": 0.955318031502824,
            "_thrs_random_forest": 0.725
        },
        {
            "expression": "\u22a2 ( ( ( x \u2208 A \u2192 x \u2208 B ) \u2227 ( x \u2208 B \u2192 x \u2208 C ) ) \u2192 ( x \u2208 A \u2192 x \u2208 C ) )",
            "prop_expression": " \u22a2 ( ( ( \ud835\udf11 \u2192 \ud835\udf13 ) \u2227 ( \ud835\udf13 \u2192 \ud835\udf12 ) ) \u2192 ( \ud835\udf11 \u2192 \ud835\udf12 ) )",
            "step": 7,
            "theorem": "pm3.33",
            "ground_truth": "pm3.33 \u22a2 ( ( ( x \u2208 A \u2192 x \u2208 B ) \u2227 ( x \u2208 B \u2192 x \u2208 C ) ) \u2192 ( x \u2208 A \u2192 x \u2208 C ) )",
            "ground_truth_display": false,
            "statement_depth": 0,
            "_thrs_random_uniform": 0.07902445775206124,
            "_thrs_reconstruct": 6.644918667105778e-05,
            "_thrs_obviousness": 0.0,
            "_thrs_weight": 0.0,
            "_thrs_complexity": 0.5,
            "_thrs_surprisingness": 0.0,
            "_thrs_intensity": 0.0,
            "_thrs_interestingness": 0.1,
            "_thrs_logistic_regression": 0.8301767051241057,
            "_thrs_random_forest": 0.21
        },
        {
            "expression": "\u22a2 ( \u2200 x ( x \u2208 A \u2192 x \u2208 C ) \u2192 A \u2286 C )",
            "prop_expression": "( \ud835\udf11 \u2194 \ud835\udf13 ) \u22a2 ( \ud835\udf13 \u2192 \ud835\udf11 )",
            "step": 8,
            "theorem": "biimpri",
            "ground_truth": "biimpri \u22a2 ( \u2200 x ( x \u2208 A \u2192 x \u2208 C ) \u2192 A \u2286 C )",