{
    "theorem": "tpid3g",
    "hyps": [
        [
            1,
            2
        ],
        [
            1,
            3
        ],
        [
            3,
            4
        ],
        [
            4,
            5
        ],
        [
            4,
            12
        ],
        [
            5,
            6
        ],
        [
            5,
            10
        ],
        [
            6,
            7
        ],
        [
            6,
            9
        ],
        [
            7,
            8
        ],
        [
            10,
            11
        ]
    ],
    "expression": "( A \u2208 B \u2192 A \u2208 { C , D , A } )",
    "steps": [
        {
            "expression": "\u22a2 ( A \u2208 B \u2192 A \u2208 { C , D , A } )",
            "prop_expression": "( \ud835\udf11 \u2192 \ud835\udf13 ), ( \ud835\udf11 \u2192 ( \ud835\udf13 \u2192 \ud835\udf12 ) ) \u22a2 ( \ud835\udf11 \u2192 \ud835\udf12 )",
            "step": 1,
            "theorem": "mpd",
            "ground_truth": "mpd \u22a2 ( A \u2208 B \u2192 A \u2208 { C , D , A } )",
            "ground_truth_display": false,
            "statement_depth": 0,
            "_thrs_random_uniform": 0.7218540976551044,
            "_thrs_reconstruct": 5.15340392240101e-11,
            "_thrs_obviousness": 1.0,
            "_thrs_weight": 0.7777777777777778,
            "_thrs_complexity": 0.5,
            "_thrs_surprisingness": 1.0,
            "_thrs_intensity": 0.5827702702702703,
            "_thrs_interestingness": 0.7721096096096096,
            "_thrs_logistic_regression": 0.9825885373160941,
            "_thrs_random_forest": 0.915
        },
        {
            "expression": "\u22a2 ( A \u2208 B \u2192 \u2203 x x = A )",
            "prop_expression": " \u22a2 ( A \u2208 V \u2192 \u2203 x x = A )",
            "step": 2,
            "theorem": "elisset",
            "ground_truth": "elisset \u22a2 ( A \u2208 B \u2192 \u2203 x x = A )",
            "ground_truth_display": false,
            "statement_depth": 0,
            "_thrs_random_uniform": 0.46686961274879724,
            "_thrs_reconstruct": 0.0001493252897256878,
            "_thrs_obviousness": 0.000147867750918838,
            "_thrs_weight": 1.0,
            "_thrs_complexity": 1.0,
            "_thrs_surprisingness": 0.47826086956521746,
            "_thrs_intensity": 0.13513513513513511,
            "_thrs_interestingness": 0.5227087744902542,
            "_thrs_logistic_regression": 0.520325958485769,
            "_thrs_random_forest": 0.93
        },
        {
            "expression": "\u22a2 ( A \u2208 B \u2192 ( \u2203 x x = A \u2192 A \u2208 { C , D , A } ) )",
            "prop_expression": "( \ud835\udf11 \u2192 ( \ud835\udf13 \u2192 \ud835\udf12 ) ) \u22a2 ( \ud835\udf11 \u2192 ( \u2203 x \ud835\udf13 \u2192 \ud835\udf12 ) )",
            "step": 3,
            "theorem": "exlimdv",
            "ground_truth": "exlimdv \u22a2 ( A \u2208 B \u2192 ( \u2203 x x = A \u2192 A \u2208 { C , D , A } ) )",
            "ground_truth_display": false,
            "statement_depth": 0,
            "_thrs_random_uniform": 0.24354920611799913,
            "_thrs_reconstruct": 1.1595055757323825e-05,
            "_thrs_obviousness": 0.9998507188329144,
            "_thrs_weight": 0.4444444444444444,
            "_thrs_complexity": 0.0,
            "_thrs_surprisingness": 1.0,
            "_thrs_intensity": 0.23341523341523346,
            "_thrs_interestingness": 0.5355420793385185,
            "_thrs_logistic_regression": 0.9875163823523173,
            "_thrs_random_forest": 0.96
        },
        {
            "expression": "\u22a2 ( A \u2208 B \u2192 ( x = A \u2192 A \u2208 { C , D , A } ) )",
            "prop_expression": "( \ud835\udf03 \u2192 ( \ud835\udf11 \u2192 \ud835\udf13 ) ), ( \ud835\udf11 \u2192 ( \ud835\udf13 \u2194 \ud835\udf12 ) ) \u22a2 ( \ud835\udf03 \u2192 ( \ud835\udf11 \u2192 \ud835\udf12 ) )",
            "step": 4,
            "theorem": "mpbidi",
            "ground_truth": "mpbidi \u22a2 ( A \u2208 B \u2192 ( x = A \u2192 A \u2208 { C , D , A } ) )",
            "ground_truth_display": false,
            "statement_depth": 0,
            "_thrs_random_uniform": 0.05990462654473949,
            "_thrs_reconstruct": 1.623322235556318e-08,
            "_thrs_obviousness": 0.999839127120229,
            "_thrs_weight": 0.5555555555555556,
            "_thrs_complexity": 0.0,
            "_thrs_surprisingness": 1.0,
            "_thrs_intensity": 0.7567567567567567,
            "_thrs_interestingness": 0.6624302878865083,
            "_thrs_logistic_regression": 0.9993252728301744,
            "_thrs_random_forest": 0.86
        },
        {
            "expression": "\u22a2 ( A \u2208 B \u2192 ( x = A \u2192 x \u2208 { C , D , A } ) )",
            "prop_expression": "( \ud835\udf11 \u2192 ( \ud835\udf13 \u2192 \ud835\udf12 ) ), ( \ud835\udf03 \u2194 \ud835\udf12 ) \u22a2 ( \ud835\udf11 \u2192 ( \ud835\udf13 \u2192 \ud835\udf03 ) )",
            "step": 5,
            "theorem": "syl6ibr",
            "ground_truth": "syl6ibr \u22a2 ( A \u2208 B \u2192 ( x = A \u2192 x \u2208 { C , D , A } ) )",
            "ground_truth_display": false,
            "statement_depth": 0,
            "_thrs_random_uniform": 0.010547375844794815,
            "_thrs_reconstruct": 1.709384081060415e-07,
            "_thrs_obviousness": 0.9997702155732451,
            "_thrs_weight": 0.5555555555555556,
            "_thrs_complexity": 0.0,
            "_thrs_surprisingness": 1.0,
            "_thrs_intensity": 1.0,
            "_thrs_interestingness": 0.7110651542257601,
            "_thrs_logistic_regression": 0.9998183039937191,
            "_thrs_random_forest": 0.885
        },
        {
            "expression": "\u22a2 ( A \u2208 B \u2192 ( x = A \u2192 x \u2208 { x | ( x = C \u2228 x = D \u2228 x = A ) } ) )",
            "prop_expression": "( \ud835\udf11 \u2192 ( \ud835\udf13 \u2192 \ud835\udf12 ) ), ( \ud835\udf03 \u2194 \ud835\udf12 ) \u22a2 ( \ud835\udf11 \u2192 ( \ud835\udf13 \u2192 \ud835\udf03 ) )",
            "step": 6,
            "theorem": "syl6ibr",
            "ground_truth": "syl6ibr \u22a2 ( A \u2208 B \u2192 ( x = A \u2192 x \u2208 { x | ( x = C \u2228 x = D \u2228 x = A ) } ) )",
            "ground_truth_display": false,
            "statement_depth": 0,
            "_thrs_random_uniform": 0.9053343090250834,
            "_thrs_reconstruct": 1.709384081060415e-07,
            "_thrs_obviousness": 2.265999514459631e-05,
            "_thrs_weight": 0.11111111111111116,
            "_thrs_complexity": 0.0,
            "_thrs_surprisingness": 1.0,
            "_thrs_intensity": 0.6177606177606177,
            "_thrs_interestingness": 0.3457788777733747,
            "_thrs_logistic_regression": 0.9979992817620688,
            "_thrs_random_forest": 0.745
        },
        {
            "expression": "\u22a2 ( A \u2208 B \u2192 ( x = A \u2192 ( x = C \u2228 x = D \u2228 x = A ) ) )",
            "prop_expression": "\ud835\udf11 \u22a2 ( \ud835\udf13 \u2192 \ud835\udf11 )",
            "step": 7,
            "theorem": "a1i",
            "ground_truth": "a1i \u22a2 ( A \u2208 B \u2192 ( x = A \u2192 ( x = C \u2228 x = D \u2228 x = A ) ) )",
            "ground_truth_display": false,
            "statement_depth": 0,
            "_thrs_random_uniform": 0.36830307949649943,
            "_thrs_reconstruct": 0.0,
            "_thrs_obviousness": 2.107574289220571e-05,
            "_thrs_weight": 0.4444444444444444,
            "_thrs_complexity": 0.0,
            "_thrs_surprisingness": 1.0,
            "_thrs_intensity": 0.3071253071253072,
            "_thrs_interestingness": 0.3503181654625288,
            "_thrs_logistic_regression": 0.9922637620953259,
            "_thrs_random_forest": 0.43
        },
        {
            "expression": "\u22a2 ( x = A \u2192 ( x = C \u2228 x = D \u2228 x = A ) )",