{
    "theorem": "trintss",
    "hyps": [
        [
            1,
            2
        ],
        [
            2,
            3
        ],
        [
            2,
            5
        ],
        [
            3,
            4
        ],
        [
            5,
            6
        ],
        [
            5,
            8
        ],
        [
            6,
            7
        ],
        [
            8,
            9
        ],
        [
            9,
            10
        ]
    ],
    "expression": "( ( A \u2260 \u2205 \u2227 Tr A ) \u2192 \u2229 A \u2286 A )",
    "steps": [
        {
            "expression": "\u22a2 ( ( A \u2260 \u2205 \u2227 Tr A ) \u2192 \u2229 A \u2286 A )",
            "prop_expression": "( \ud835\udf11 \u2192 ( x \u2208 A \u2192 x \u2208 B ) ) \u22a2 ( \ud835\udf11 \u2192 A \u2286 B )",
            "step": 1,
            "theorem": "ssrdv",
            "ground_truth": "ssrdv \u22a2 ( ( A \u2260 \u2205 \u2227 Tr A ) \u2192 \u2229 A \u2286 A )",
            "ground_truth_display": false,
            "statement_depth": 0,
            "_thrs_random_uniform": 0.32534,
            "_thrs_reconstruct": 0.00111,
            "_thrs_obviousness": 1.0,
            "_thrs_weight": 0.54545,
            "_thrs_complexity": 0.33333,
            "_thrs_surprisingness": 0.28571,
            "_thrs_intensity": 0.50365,
            "_thrs_interestingness": 0.53363,
            "_thrs_logistic_regression": 0.99451,
            "_thrs_random_forest": 0.94
        },
        {
            "expression": "\u22a2 ( ( A \u2260 \u2205 \u2227 Tr A ) \u2192 ( y \u2208 \u2229 A \u2192 y \u2208 A ) )",
            "prop_expression": "( \ud835\udf11 \u2194 \ud835\udf13 ), ( \ud835\udf12 \u2192 ( \ud835\udf13 \u2192 \ud835\udf03 ) ) \u22a2 ( \ud835\udf12 \u2192 ( \ud835\udf11 \u2192 \ud835\udf03 ) )",
            "step": 2,
            "theorem": "syl5bi",
            "ground_truth": "syl5bi \u22a2 ( ( A \u2260 \u2205 \u2227 Tr A ) \u2192 ( y \u2208 \u2229 A \u2192 y \u2208 A ) )",
            "ground_truth_display": false,
            "statement_depth": 0,
            "_thrs_random_uniform": 0.33572,
            "_thrs_reconstruct": 0.0,
            "_thrs_obviousness": 0.99945,
            "_thrs_weight": 0.27273,
            "_thrs_complexity": 0.0,
            "_thrs_surprisingness": 1.0,
            "_thrs_intensity": 0.91643,
            "_thrs_interestingness": 0.63772,
            "_thrs_logistic_regression": 0.99963,
            "_thrs_random_forest": 0.975
        },
        {
            "expression": "\u22a2 ( y \u2208 \u2229 A \u2194 \u2200 x \u2208 A y \u2208 x )",
            "prop_expression": "A \u2208 V \u22a2 ( A \u2208 \u2229 B \u2194 \u2200 x \u2208 B A \u2208 x )",
            "step": 3,
            "theorem": "elint2",
            "ground_truth": "elint2 \u22a2 ( y \u2208 \u2229 A \u2194 \u2200 x \u2208 A y \u2208 x )",
            "ground_truth_display": false,
            "statement_depth": 0,
            "_thrs_random_uniform": 0.20299,
            "_thrs_reconstruct": 0.49919,
            "_thrs_obviousness": 0.24927,
            "_thrs_weight": 0.36364,
            "_thrs_complexity": 0.33333,
            "_thrs_surprisingness": 0.0,
            "_thrs_intensity": 0.09123,
            "_thrs_interestingness": 0.20749,
            "_thrs_logistic_regression": 0.96273,
            "_thrs_random_forest": 0.735
        },
        {
            "expression": "\u22a2 y \u2208 V",
            "prop_expression": " \u22a2 x \u2208 V",
            "step": 4,
            "theorem": "vex",
            "ground_truth": "vex \u22a2 y \u2208 V",
            "ground_truth_display": false,
            "statement_depth": 0,
            "_thrs_random_uniform": 0.79254,
            "_thrs_reconstruct": 9e-05,
            "_thrs_obviousness": 0.0,
            "_thrs_weight": 1.0,
            "_thrs_complexity": 1.0,
            "_thrs_surprisingness": 0.14286,
            "_thrs_intensity": 0.41053,
            "_thrs_interestingness": 0.51068,
            "_thrs_logistic_regression": 0.88304,
            "_thrs_random_forest": 0.42833
        },
        {
            "expression": "\u22a2 ( ( A \u2260 \u2205 \u2227 Tr A ) \u2192 ( \u2200 x \u2208 A y \u2208 x \u2192 y \u2208 A ) )",
            "prop_expression": "( \ud835\udf11 \u2192 ( \ud835\udf13 \u2192 \ud835\udf12 ) ), ( \ud835\udf03 \u2192 ( \ud835\udf12 \u2192 \ud835\udf0f ) ) \u22a2 ( ( \ud835\udf11 \u2227 \ud835\udf03 ) \u2192 ( \ud835\udf13 \u2192 \ud835\udf0f ) )",
            "step": 5,
            "theorem": "sylan9",
            "ground_truth": "sylan9 \u22a2 ( ( A \u2260 \u2205 \u2227 Tr A ) \u2192 ( \u2200 x \u2208 A y \u2208 x \u2192 y \u2208 A ) )",
            "ground_truth_display": false,
            "statement_depth": 0,
            "_thrs_random_uniform": 0.58496,
            "_thrs_reconstruct": 0.0,
            "_thrs_obviousness": 0.75013,
            "_thrs_weight": 0.09091,
            "_thrs_complexity": 0.0,
            "_thrs_surprisingness": 1.0,
            "_thrs_intensity": 1.0,
            "_thrs_interestingness": 0.56821,
            "_thrs_logistic_regression": 0.99972,
            "_thrs_random_forest": 0.8
        },
        {
            "expression": "\u22a2 ( A \u2260 \u2205 \u2192 ( \u2200 x \u2208 A y \u2208 x \u2192 \u2203 x \u2208 A y \u2208 x ) )",
            "prop_expression": "( ( \ud835\udf11 \u2227 \ud835\udf13 ) \u2192 \ud835\udf12 ) \u22a2 ( \ud835\udf11 \u2192 ( \ud835\udf13 \u2192 \ud835\udf12 ) )",
            "step": 6,
            "theorem": "ex",
            "ground_truth": "ex \u22a2 ( A \u2260 \u2205 \u2192 ( \u2200 x \u2208 A y \u2208 x \u2192 \u2203 x \u2208 A y \u2208 x ) )",
            "ground_truth_display": false,
            "statement_depth": 0,
            "_thrs_random_uniform": 0.62585,
            "_thrs_reconstruct": 0.0,
            "_thrs_obviousness": 0.4993,
            "_thrs_weight": 0.0,
            "_thrs_complexity": 0.33333,
            "_thrs_surprisingness": 0.5,
            "_thrs_intensity": 0.41053,
            "_thrs_interestingness": 0.34863,
            "_thrs_logistic_regression": 0.98071,
            "_thrs_random_forest": 0.51
        },
        {
            "expression": "\u22a2 ( ( A \u2260 \u2205 \u2227 \u2200 x \u2208 A y \u2208 x ) \u2192 \u2203 x \u2208 A y \u2208 x )",
            "prop_expression": " \u22a2 ( ( A \u2260 \u2205 \u2227 \u2200 x \u2208 A \ud835\udf11 ) \u2192 \u2203 x \u2208 A \ud835\udf11 )",
            "step": 7,
            "theorem": "r19.2z",
            "ground_truth": "r19.2z \u22a2 ( ( A \u2260 \u2205 \u2227 \u2200 x \u2208 A y \u2208 x ) \u2192 \u2203 x \u2208 A y \u2208 x )",
            "ground_truth_display": false,
            "statement_depth": 0,
            "_thrs_random_uniform": 0.43312,
            "_thrs_reconstruct": 1.0,
            "_thrs_obviousness": 0.4993,
            "_thrs_weight": 0.0,
            "_thrs_complexity": 0.33333,
            "_thrs_surprisingness": 0.5,
            "_thrs_intensity": 0.0,
            "_thrs_interestingness": 0.26653,
            "_thrs_logistic_regression": 0.84733,
            "_thrs_random_forest": 0.825
        },
        {
            "expression": "\u22a2 ( Tr A \u2192 ( \u2203 x \u2208 A y \u2208 x \u2192 y \u2208 A ) )",
            "prop_expression": "( \ud835\udf11 \u2192 ( x \u2208 A \u2192 ( \ud835\udf13 \u2192 \ud835\udf12 ) ) ) \u22a2 ( \ud835\udf11 \u2192 ( \u2203 x \u2208 A \ud835\udf13 \u2192 \ud835\udf12 ) )",
            "step": 8,
            "theorem": "rexlimdv",
            "ground_truth": "rexlimdv \u22a2 ( Tr A \u2192 ( \u2203 x \u2208 A y \u2208 x \u2192 y \u2208 A ) )",
            "ground_truth_display": false,
            "statement_depth": 0,
            "_thrs_random_uniform": 0.27823,
            "_thrs_reconstruct": 3e-05,
            "_thrs_obviousness": 0.25079,
            "_thrs_weight": 0.27273,
            "_thrs_complexity": 0.33333,