{
    "theorem": "trintss",
    "hyps": [
        [
            1,
            2
        ],
        [
            2,
            3
        ],
        [
            2,
            5
        ],
        [
            3,
            4
        ],
        [
            5,
            6
        ],
        [
            5,
            8
        ],
        [
            6,
            7
        ],
        [
            8,
            9
        ],
        [
            9,
            10
        ]
    ],
    "expression": "( ( A \u2260 \u2205 \u2227 Tr A ) \u2192 \u2229 A \u2286 A )",
    "steps": [
        {
            "expression": "\u22a2 ( ( A \u2260 \u2205 \u2227 Tr A ) \u2192 \u2229 A \u2286 A )",
            "prop_expression": "( \ud835\udf11 \u2192 ( x \u2208 A \u2192 x \u2208 B ) ) \u22a2 ( \ud835\udf11 \u2192 A \u2286 B )",
            "step": 1,
            "theorem": "ssrdv",
            "ground_truth": "ssrdv \u22a2 ( ( A \u2260 \u2205 \u2227 Tr A ) \u2192 \u2229 A \u2286 A )",
            "ground_truth_display": false,
            "statement_depth": 0,
            "_thrs_random_uniform": 0.975127385315508,
            "_thrs_reconstruct": 0.0011082048342455461,
            "_thrs_obviousness": 1.0,
            "_thrs_weight": 0.5454545454545454,
            "_thrs_complexity": 0.33333333333333337,
            "_thrs_surprisingness": 0.2857142857142857,
            "_thrs_intensity": 0.5036549707602338,
            "_thrs_interestingness": 0.5336314270524797,
            "_thrs_logistic_regression": 0.9945079571199414,
            "_thrs_random_forest": 0.94
        },
        {
            "expression": "\u22a2 ( ( A \u2260 \u2205 \u2227 Tr A ) \u2192 ( y \u2208 \u2229 A \u2192 y \u2208 A ) )",
            "prop_expression": "( \ud835\udf11 \u2194 \ud835\udf13 ), ( \ud835\udf12 \u2192 ( \ud835\udf13 \u2192 \ud835\udf03 ) ) \u22a2 ( \ud835\udf12 \u2192 ( \ud835\udf11 \u2192 \ud835\udf03 ) )",
            "step": 2,
            "theorem": "syl5bi",
            "ground_truth": "syl5bi \u22a2 ( ( A \u2260 \u2205 \u2227 Tr A ) \u2192 ( y \u2208 \u2229 A \u2192 y \u2208 A ) )",
            "ground_truth_display": false,
            "statement_depth": 0,
            "_thrs_random_uniform": 0.7476033123607049,
            "_thrs_reconstruct": 0.0,
            "_thrs_obviousness": 0.9994466090384952,
            "_thrs_weight": 0.2727272727272727,
            "_thrs_complexity": 0.0,
            "_thrs_surprisingness": 1.0,
            "_thrs_intensity": 0.9164274322169057,
            "_thrs_interestingness": 0.6377202627965348,
            "_thrs_logistic_regression": 0.999626547720847,
            "_thrs_random_forest": 0.975
        },
        {
            "expression": "\u22a2 ( y \u2208 \u2229 A \u2194 \u2200 x \u2208 A y \u2208 x )",
            "prop_expression": "A \u2208 V \u22a2 ( A \u2208 \u2229 B \u2194 \u2200 x \u2208 B A \u2208 x )",
            "step": 3,
            "theorem": "elint2",
            "ground_truth": "elint2 \u22a2 ( y \u2208 \u2229 A \u2194 \u2200 x \u2208 A y \u2208 x )",
            "ground_truth_display": false,
            "statement_depth": 0,
            "_thrs_random_uniform": 0.5003455573161772,
            "_thrs_reconstruct": 0.4991908493386756,
            "_thrs_obviousness": 0.2492671523930786,
            "_thrs_weight": 0.36363636363636365,
            "_thrs_complexity": 0.33333333333333337,
            "_thrs_surprisingness": 0.0,
            "_thrs_intensity": 0.09122807017543857,
            "_thrs_interestingness": 0.20749298390764284,
            "_thrs_logistic_regression": 0.9627258329271344,
            "_thrs_random_forest": 0.735
        },
        {
            "expression": "\u22a2 y \u2208 V",
            "prop_expression": " \u22a2 x \u2208 V",
            "step": 4,
            "theorem": "vex",
            "ground_truth": "vex \u22a2 y \u2208 V",
            "ground_truth_display": false,
            "statement_depth": 0,
            "_thrs_random_uniform": 0.10969256484060363,
            "_thrs_reconstruct": 9.355252078922868e-05,
            "_thrs_obviousness": 0.0,
            "_thrs_weight": 1.0,
            "_thrs_complexity": 1.0,
            "_thrs_surprisingness": 0.14285714285714288,
            "_thrs_intensity": 0.4105263157894736,
            "_thrs_interestingness": 0.5106766917293233,
            "_thrs_logistic_regression": 0.883043415470586,
            "_thrs_random_forest": 0.42833333333333334
        },
        {
            "expression": "\u22a2 ( ( A \u2260 \u2205 \u2227 Tr A ) \u2192 ( \u2200 x \u2208 A y \u2208 x \u2192 y \u2208 A ) )",
            "prop_expression": "( \ud835\udf11 \u2192 ( \ud835\udf13 \u2192 \ud835\udf12 ) ), ( \ud835\udf03 \u2192 ( \ud835\udf12 \u2192 \ud835\udf0f ) ) \u22a2 ( ( \ud835\udf11 \u2227 \ud835\udf03 ) \u2192 ( \ud835\udf13 \u2192 \ud835\udf0f ) )",
            "step": 5,
            "theorem": "sylan9",
            "ground_truth": "sylan9 \u22a2 ( ( A \u2260 \u2205 \u2227 Tr A ) \u2192 ( \u2200 x \u2208 A y \u2208 x \u2192 y \u2208 A ) )",
            "ground_truth_display": false,
            "statement_depth": 0,
            "_thrs_random_uniform": 0.7482164747429878,
            "_thrs_reconstruct": 3.87624787367392e-08,
            "_thrs_obviousness": 0.7501327072130237,
            "_thrs_weight": 0.09090909090909094,
            "_thrs_complexity": 0.0,
            "_thrs_surprisingness": 1.0,
            "_thrs_intensity": 1.0,
            "_thrs_interestingness": 0.568208359624423,
            "_thrs_logistic_regression": 0.9997229983920619,
            "_thrs_random_forest": 0.8
        },
        {
            "expression": "\u22a2 ( A \u2260 \u2205 \u2192 ( \u2200 x \u2208 A y \u2208 x \u2192 \u2203 x \u2208 A y \u2208 x ) )",
            "prop_expression": "( ( \ud835\udf11 \u2227 \ud835\udf13 ) \u2192 \ud835\udf12 ) \u22a2 ( \ud835\udf11 \u2192 ( \ud835\udf13 \u2192 \ud835\udf12 ) )",
            "step": 6,
            "theorem": "ex",
            "ground_truth": "ex \u22a2 ( A \u2260 \u2205 \u2192 ( \u2200 x \u2208 A y \u2208 x \u2192 \u2203 x \u2208 A y \u2208 x ) )",
            "ground_truth_display": false,
            "statement_depth": 0,
            "_thrs_random_uniform": 0.2152966943818715,
            "_thrs_reconstruct": 3.198935412768663e-07,
            "_thrs_obviousness": 0.4992958188342181,
            "_thrs_weight": 0.0,
            "_thrs_complexity": 0.33333333333333337,
            "_thrs_surprisingness": 0.4999999999999999,
            "_thrs_intensity": 0.4105263157894736,
            "_thrs_interestingness": 0.348631093591405,
            "_thrs_logistic_regression": 0.9807130728563059,
            "_thrs_random_forest": 0.51
        },
        {
            "expression": "\u22a2 ( ( A \u2260 \u2205 \u2227 \u2200 x \u2208 A y \u2208 x ) \u2192 \u2203 x \u2208 A y \u2208 x )",
            "prop_expression": " \u22a2 ( ( A \u2260 \u2205 \u2227 \u2200 x \u2208 A \ud835\udf11 ) \u2192 \u2203 x \u2208 A \ud835\udf11 )",
            "step": 7,
            "theorem": "r19.2z",
            "ground_truth": "r19.2z \u22a2 ( ( A \u2260 \u2205 \u2227 \u2200 x \u2208 A y \u2208 x ) \u2192 \u2203 x \u2208 A y \u2208 x )",
            "ground_truth_display": false,
            "statement_depth": 0,
            "_thrs_random_uniform": 0.06465984379250056,
            "_thrs_reconstruct": 1.0,
            "_thrs_obviousness": 0.4992956417497199,
            "_thrs_weight": 0.0,
            "_thrs_complexity": 0.33333333333333337,
            "_thrs_surprisingness": 0.4999999999999999,
            "_thrs_intensity": 0.0,
            "_thrs_interestingness": 0.2665257950166106,
            "_thrs_logistic_regression": 0.8473268397442499,
            "_thrs_random_forest": 0.825
        },
        {
            "expression": "\u22a2 ( Tr A \u2192 ( \u2203 x \u2208 A y \u2208 x \u2192 y \u2208 A ) )",