{
    "theorem": "unipw",
    "hyps": [
        [
            1,
            2
        ],
        [
            2,
            3
        ],
        [
            2,
            7
        ],
        [
            3,
            4
        ],
        [
            3,
            5
        ],
        [
            5,
            6
        ],
        [
            7,
            8
        ],
        [
            7,
            10
        ],
        [
            7,
            11
        ],
        [
            8,
            9
        ]
    ],
    "expression": "U. \ud835\udcab A = A",
    "steps": [
        {
            "expression": "\u22a2 U. \ud835\udcab A = A",
            "prop_expression": "( x \u2208 A \u2194 x \u2208 B ) \u22a2 A = B",
            "step": 1,
            "theorem": "eqriv",
            "ground_truth": "eqriv \u22a2 U. \ud835\udcab A = A",
            "ground_truth_display": false,
            "statement_depth": 0,
            "_thrs_random_uniform": 0.7103173738230077,
            "_thrs_reconstruct": 3.631859275962252e-08,
            "_thrs_obviousness": 1.0,
            "_thrs_weight": 0.9,
            "_thrs_complexity": 0.75,
            "_thrs_surprisingness": 0.5000000000000001,
            "_thrs_intensity": 0.33571428571428574,
            "_thrs_interestingness": 0.6971428571428572,
            "_thrs_logistic_regression": 0.9023413924121559,
            "_thrs_random_forest": 0.98
        },
        {
            "expression": "\u22a2 ( x \u2208 U. \ud835\udcab A \u2194 x \u2208 A )",
            "prop_expression": "( \ud835\udf11 \u2192 \ud835\udf13 ), ( \ud835\udf13 \u2192 \ud835\udf11 ) \u22a2 ( \ud835\udf11 \u2194 \ud835\udf13 )",
            "step": 2,
            "theorem": "impbii",
            "ground_truth": "impbii \u22a2 ( x \u2208 U. \ud835\udcab A \u2194 x \u2208 A )",
            "ground_truth_display": false,
            "statement_depth": 0,
            "_thrs_random_uniform": 0.5184752973347806,
            "_thrs_reconstruct": 2.2495032478487476e-09,
            "_thrs_obviousness": 0.9999999690538489,
            "_thrs_weight": 0.5,
            "_thrs_complexity": 0.25,
            "_thrs_surprisingness": 1.0,
            "_thrs_intensity": 0.6785714285714285,
            "_thrs_interestingness": 0.6857142795250555,
            "_thrs_logistic_regression": 0.9961482003104517,
            "_thrs_random_forest": 0.97
        },
        {
            "expression": "\u22a2 ( x \u2208 U. \ud835\udcab A \u2192 x \u2208 A )",
            "prop_expression": "( \ud835\udf11 \u2194 \ud835\udf13 ), ( \ud835\udf13 \u2192 \ud835\udf12 ) \u22a2 ( \ud835\udf11 \u2192 \ud835\udf12 )",
            "step": 3,
            "theorem": "sylbi",
            "ground_truth": "sylbi \u22a2 ( x \u2208 U. \ud835\udcab A \u2192 x \u2208 A )",
            "ground_truth_display": false,
            "statement_depth": 0,
            "_thrs_random_uniform": 0.9918201537912291,
            "_thrs_reconstruct": 0.0,
            "_thrs_obviousness": 0.11478608142350454,
            "_thrs_weight": 0.5,
            "_thrs_complexity": 0.25,
            "_thrs_surprisingness": 1.0,
            "_thrs_intensity": 0.8928571428571429,
            "_thrs_interestingness": 0.5515286448561294,
            "_thrs_logistic_regression": 0.9988733084286535,
            "_thrs_random_forest": 0.955
        },
        {
            "expression": "\u22a2 ( x \u2208 U. \ud835\udcab A \u2194 \u2203 y ( x \u2208 y \u2227 y \u2208 \ud835\udcab A ) )",
            "prop_expression": " \u22a2 ( A \u2208 U. B \u2194 \u2203 x ( A \u2208 x \u2227 x \u2208 B ) )",
            "step": 4,
            "theorem": "eluni",
            "ground_truth": "eluni \u22a2 ( x \u2208 U. \ud835\udcab A \u2194 \u2203 y ( x \u2208 y \u2227 y \u2208 \ud835\udcab A ) )",
            "ground_truth_display": false,
            "statement_depth": 0,
            "_thrs_random_uniform": 0.3581589873650982,
            "_thrs_reconstruct": 0.05861287080004694,
            "_thrs_obviousness": 0.04524724285992854,
            "_thrs_weight": 0.0,
            "_thrs_complexity": 0.0,
            "_thrs_surprisingness": 1.0,
            "_thrs_intensity": 0.019230769230769232,
            "_thrs_interestingness": 0.2128956024181395,
            "_thrs_logistic_regression": 0.9464921039599773,
            "_thrs_random_forest": 0.59
        },
        {
            "expression": "\u22a2 ( \u2203 y ( x \u2208 y \u2227 y \u2208 \ud835\udcab A ) \u2192 x \u2208 A )",
            "prop_expression": "( \ud835\udf11 \u2192 \ud835\udf13 ) \u22a2 ( \u2203 x \ud835\udf11 \u2192 \ud835\udf13 )",
            "step": 5,
            "theorem": "exlimiv",
            "ground_truth": "exlimiv \u22a2 ( \u2203 y ( x \u2208 y \u2227 y \u2208 \ud835\udcab A ) \u2192 x \u2208 A )",
            "ground_truth_display": false,
            "statement_depth": 0,
            "_thrs_random_uniform": 0.48133197963640795,
            "_thrs_reconstruct": 2.717266888262973e-06,
            "_thrs_obviousness": 0.06953035856179764,
            "_thrs_weight": 0.19999999999999996,
            "_thrs_complexity": 0.25,
            "_thrs_surprisingness": 0.19999999999999998,
            "_thrs_intensity": 0.211038961038961,
            "_thrs_interestingness": 0.18611386392015172,
            "_thrs_logistic_regression": 0.9803492263916145,
            "_thrs_random_forest": 0.585
        },
        {
            "expression": "\u22a2 ( ( x \u2208 y \u2227 y \u2208 \ud835\udcab A ) \u2192 x \u2208 A )",
            "prop_expression": " \u22a2 ( ( A \u2208 B \u2227 B \u2208 \ud835\udcab C ) \u2192 A \u2208 C )",
            "step": 6,
            "theorem": "elelpwi",
            "ground_truth": "elelpwi \u22a2 ( ( x \u2208 y \u2227 y \u2208 \ud835\udcab A ) \u2192 x \u2208 A )",
            "ground_truth_display": false,
            "statement_depth": 0,
            "_thrs_random_uniform": 0.061826910508163246,
            "_thrs_reconstruct": 0.09006038890023699,
            "_thrs_obviousness": 0.06952825762255731,
            "_thrs_weight": 0.30000000000000004,
            "_thrs_complexity": 0.25,
            "_thrs_surprisingness": 0.19999999999999998,
            "_thrs_intensity": 0.035714285714285705,
            "_thrs_interestingness": 0.1710485086673686,
            "_thrs_logistic_regression": 0.9551768544149489,
            "_thrs_random_forest": 0.615
        },
        {
            "expression": "\u22a2 ( x \u2208 A \u2192 x \u2208 U. \ud835\udcab A )",
            "prop_expression": "\ud835\udf13, ( \ud835\udf11 \u2192 \ud835\udf12 ), ( ( \ud835\udf13 \u2227 \ud835\udf12 ) \u2192 \ud835\udf03 ) \u22a2 ( \ud835\udf11 \u2192 \ud835\udf03 )",
            "step": 7,
            "theorem": "sylancr",
            "ground_truth": "sylancr \u22a2 ( x \u2208 A \u2192 x \u2208 U. \ud835\udcab A )",
            "ground_truth_display": false,
            "statement_depth": 0,
            "_thrs_random_uniform": 0.8656220331323138,
            "_thrs_reconstruct": 3.839877855870846e-08,
            "_thrs_obviousness": 0.8852054058916969,
            "_thrs_weight": 0.5,
            "_thrs_complexity": 0.25,
            "_thrs_surprisingness": 1.0,
            "_thrs_intensity": 1.0,
            "_thrs_interestingness": 0.7270410811783394,
            "_thrs_logistic_regression": 0.9993245830757109,
            "_thrs_random_forest": 0.955
        },
        {
            "expression": "\u22a2 x \u2208 { x }",
            "prop_expression": "A \u2208 V \u22a2 A \u2208 { A }",
            "step": 8,
            "theorem": "snid",
            "ground_truth": "snid \u22a2 x \u2208 { x }",
            "ground_truth_display": false,
            "statement_depth": 0,
            "_thrs_random_uniform": 0.8000518192461884,
            "_thrs_reconstruct": 0.058567827218682054,
            "_thrs_obviousness": 0.04522094125547783,
            "_thrs_weight": 1.0,
            "_thrs_complexity": 1.0,