{
    "theorem": "xpcomf1o",
    "hyps": [
        [
            1,
            2
        ],
        [
            1,
            9
        ],
        [
            2,
            3
        ],
        [
            2,
            6
        ],
        [
            3,
            4
        ],
        [
            3,
            5
        ],
        [
            6,
            7
        ],
        [
            6,
            8
        ],
        [
            9,
            10
        ],
        [
            9,
            11
        ]
    ],
    "expression": "F : ( A \u00d7 B ) -1-1-onto\u2192 ( B \u00d7 A )",
    "steps": [
        {
            "expression": "\u22a2 F : ( A \u00d7 B ) -1-1-onto\u2192 ( B \u00d7 A )",
            "prop_expression": "\ud835\udf11, ( \ud835\udf11 \u2194 \ud835\udf13 ) \u22a2 \ud835\udf13",
            "step": 1,
            "theorem": "mpbi",
            "ground_truth": "mpbi \u22a2 F : ( A \u00d7 B ) -1-1-onto\u2192 ( B \u00d7 A )",
            "ground_truth_display": false,
            "statement_depth": 0,
            "_thrs_random_uniform": 0.5473263699238179,
            "_thrs_reconstruct": 3.109765896183975e-14,
            "_thrs_obviousness": 1.0,
            "_thrs_weight": 0.875,
            "_thrs_complexity": 0.8333333333333334,
            "_thrs_surprisingness": 0.20089285714285712,
            "_thrs_intensity": 0.9394904458598725,
            "_thrs_interestingness": 0.7697433272672127,
            "_thrs_logistic_regression": 0.9956755683516906,
            "_thrs_random_forest": 0.905
        },
        {
            "expression": "\u22a2 F : ( A \u00d7 B ) -1-1-onto\u2192 `' ( A \u00d7 B )",
            "prop_expression": "\ud835\udf13, ( \ud835\udf11 \u2194 \ud835\udf13 ) \u22a2 \ud835\udf11",
            "step": 2,
            "theorem": "mpbir",
            "ground_truth": "mpbir \u22a2 F : ( A \u00d7 B ) -1-1-onto\u2192 `' ( A \u00d7 B )",
            "ground_truth_display": false,
            "statement_depth": 0,
            "_thrs_random_uniform": 0.028496824216121763,
            "_thrs_reconstruct": 3.3638317373754764e-13,
            "_thrs_obviousness": 0.9973373011096259,
            "_thrs_weight": 0.84375,
            "_thrs_complexity": 0.6666666666666667,
            "_thrs_surprisingness": 0.28794642857142855,
            "_thrs_intensity": 1.0,
            "_thrs_interestingness": 0.7591400792695443,
            "_thrs_logistic_regression": 0.9984454556183162,
            "_thrs_random_forest": 0.98
        },
        {
            "expression": "\u22a2 ( x \u2208 ( A \u00d7 B ) |\u2192 U. `' { x } ) : ( A \u00d7 B ) -1-1-onto\u2192 `' ( A \u00d7 B )",
            "prop_expression": "\ud835\udf11, ( \ud835\udf11 \u2192 \ud835\udf13 ) \u22a2 \ud835\udf13",
            "step": 3,
            "theorem": "ax-mp",
            "ground_truth": "ax-mp \u22a2 ( x \u2208 ( A \u00d7 B ) |\u2192 U. `' { x } ) : ( A \u00d7 B ) -1-1-onto\u2192 `' ( A \u00d7 B )",
            "ground_truth_display": false,
            "statement_depth": 0,
            "_thrs_random_uniform": 0.6543359820692634,
            "_thrs_reconstruct": 0.0,
            "_thrs_obviousness": 0.9968569119276509,
            "_thrs_weight": 0.59375,
            "_thrs_complexity": 0.16666666666666663,
            "_thrs_surprisingness": 0.609375,
            "_thrs_intensity": 0.4102660172349194,
            "_thrs_interestingness": 0.5553829191658474,
            "_thrs_logistic_regression": 0.9942332943189542,
            "_thrs_random_forest": 0.875
        },
        {
            "expression": "\u22a2 Rel ( A \u00d7 B )",
            "prop_expression": " \u22a2 Rel ( A \u00d7 B )",
            "step": 4,
            "theorem": "relxp",
            "ground_truth": "relxp \u22a2 Rel ( A \u00d7 B )",
            "ground_truth_display": false,
            "statement_depth": 0,
            "_thrs_random_uniform": 0.7581486122899906,
            "_thrs_reconstruct": 2.0661896597881959e-07,
            "_thrs_obviousness": 2.0596950181412492e-07,
            "_thrs_weight": 1.0,
            "_thrs_complexity": 1.0,
            "_thrs_surprisingness": 0.10044642857142856,
            "_thrs_intensity": 0.28662420382165604,
            "_thrs_interestingness": 0.4774141676725173,
            "_thrs_logistic_regression": 0.803841619749983,
            "_thrs_random_forest": 0.92
        },
        {
            "expression": "\u22a2 ( Rel ( A \u00d7 B ) \u2192 ( x \u2208 ( A \u00d7 B ) |\u2192 U. `' { x } ) : ( A \u00d7 B ) -1-1-onto\u2192 `' ( A \u00d7 B ) )",
            "prop_expression": " \u22a2 ( Rel A \u2192 ( x \u2208 A |\u2192 U. `' { x } ) : A -1-1-onto\u2192 `' A )",
            "step": 5,
            "theorem": "cnvf1o",
            "ground_truth": "cnvf1o \u22a2 ( Rel ( A \u00d7 B ) \u2192 ( x \u2208 ( A \u00d7 B ) |\u2192 U. `' { x } ) : ( A \u00d7 B ) -1-1-onto\u2192 `' ( A \u00d7 B ) )",
            "ground_truth_display": false,
            "statement_depth": 0,
            "_thrs_random_uniform": 0.6396973551649754,
            "_thrs_reconstruct": 1.0,
            "_thrs_obviousness": 0.9968567059581489,
            "_thrs_weight": 0.46875,
            "_thrs_complexity": 0.0,
            "_thrs_surprisingness": 1.0,
            "_thrs_intensity": 0.08644222020018197,
            "_thrs_interestingness": 0.5104097852316662,
            "_thrs_logistic_regression": 0.9734339312645355,
            "_thrs_random_forest": 0.83
        },
        {
            "expression": "\u22a2 ( F : ( A \u00d7 B ) -1-1-onto\u2192 `' ( A \u00d7 B ) \u2194 ( x \u2208 ( A \u00d7 B ) |\u2192 U. `' { x } ) : ( A \u00d7 B ) -1-1-onto\u2192 `' ( A \u00d7 B ) )",
            "prop_expression": "\ud835\udf11, ( \ud835\udf11 \u2192 \ud835\udf13 ) \u22a2 \ud835\udf13",
            "step": 6,
            "theorem": "ax-mp",
            "ground_truth": "ax-mp \u22a2 ( F : ( A \u00d7 B ) -1-1-onto\u2192 `' ( A \u00d7 B ) \u2194 ( x \u2208 ( A \u00d7 B ) |\u2192 U. `' { x } ) : ( A \u00d7 B ) -1-1-onto\u2192 `' ( A \u00d7 B ) )",
            "ground_truth_display": false,
            "statement_depth": 0,
            "_thrs_random_uniform": 0.6473065236157817,
            "_thrs_reconstruct": 0.0,
            "_thrs_obviousness": 0.0004803891816395366,
            "_thrs_weight": 0.3125,
            "_thrs_complexity": 0.0,
            "_thrs_surprisingness": 0.8705357142857143,
            "_thrs_intensity": 0.5805977462028417,
            "_thrs_interestingness": 0.3528227699340391,
            "_thrs_logistic_regression": 0.9983062495281493,
            "_thrs_random_forest": 0.9
        },
        {
            "expression": "\u22a2 F = ( x \u2208 ( A \u00d7 B ) |\u2192 U. `' { x } )",
            "prop_expression": " \u22a2 F = ( x \u2208 ( A \u00d7 B ) |\u2192 U. `' { x } )",
            "step": 7,
            "theorem": "xpcomf1o.1",
            "ground_truth": "xpcomf1o.1 \u22a2 F = ( x \u2208 ( A \u00d7 B ) |\u2192 U. `' { x } )",
            "ground_truth_display": false,
            "statement_depth": 0,
            "_thrs_random_uniform": 0.677278721193852,
            "_thrs_reconstruct": 0.0,
            "_thrs_obviousness": 0.0,
            "_thrs_weight": 0.8125,
            "_thrs_complexity": 0.16666666666666663,
            "_thrs_surprisingness": 0.609375,
            "_thrs_intensity": 0.24840764331210188,
            "_thrs_interestingness": 0.3673898619957537,
            "_thrs_logistic_regression": 0.9897532439851415,
            "_thrs_random_forest": 0.635
        },
        {
            "expression": "\u22a2 ( F = ( x \u2208 ( A \u00d7 B ) |\u2192 U. `' { x } ) \u2192 ( F : ( A \u00d7 B ) -1-1-onto\u2192 `' ( A \u00d7 B ) \u2194 ( x \u2208 ( A \u00d7 B ) |\u2192 U. `' { x } ) : ( A \u00d7 B ) -1-1-onto\u2192 `' ( A \u00d7 B ) ) )",
            "prop_expression": " \u22a2 ( F = G \u2192 ( F : A -1-1-onto\u2192 B \u2194 G : A -1-1-onto\u2192 B ) )",
            "step": 8,
            "theorem": "f1oeq1",