{
    "theorem": "xpcomen",
    "hyps": [
        [
            1,
            2
        ],
        [
            1,
            5
        ],
        [
            1,
            8
        ],
        [
            1,
            10
        ],
        [
            2,
            3
        ],
        [
            2,
            4
        ],
        [
            5,
            6
        ],
        [
            5,
            7
        ],
        [
            8,
            9
        ]
    ],
    "expression": "( A \u00d7 B ) \u2248 ( B \u00d7 A )",
    "steps": [
        {
            "expression": "\u22a2 ( A \u00d7 B ) \u2248 ( B \u00d7 A )",
            "prop_expression": "\ud835\udf11, \ud835\udf13, \ud835\udf12, ( ( \ud835\udf11 \u2227 \ud835\udf13 \u2227 \ud835\udf12 ) \u2192 \ud835\udf03 ) \u22a2 \ud835\udf03",
            "step": 1,
            "theorem": "mp3an",
            "ground_truth": "mp3an \u22a2 ( A \u00d7 B ) \u2248 ( B \u00d7 A )",
            "ground_truth_display": false,
            "statement_depth": 0,
            "_thrs_random_uniform": 0.8170842447129514,
            "_thrs_reconstruct": 1.9035565574005923e-12,
            "_thrs_obviousness": 1.0,
            "_thrs_weight": 0.8666666666666667,
            "_thrs_complexity": 0.875,
            "_thrs_surprisingness": 0.1225114854517611,
            "_thrs_intensity": 1.0,
            "_thrs_interestingness": 0.7728356304236856,
            "_thrs_logistic_regression": 0.9965022394379899,
            "_thrs_random_forest": 0.87
        },
        {
            "expression": "\u22a2 ( A \u00d7 B ) \u2208 V",
            "prop_expression": "A \u2208 V, B \u2208 V \u22a2 ( A \u00d7 B ) \u2208 V",
            "step": 2,
            "theorem": "xpex",
            "ground_truth": "xpex \u22a2 ( A \u00d7 B ) \u2208 V",
            "ground_truth_display": false,
            "statement_depth": 0,
            "_thrs_random_uniform": 0.8120384817256249,
            "_thrs_reconstruct": 5.265721388952617e-05,
            "_thrs_obviousness": 5.228980172192665e-05,
            "_thrs_weight": 0.9333333333333333,
            "_thrs_complexity": 0.75,
            "_thrs_surprisingness": 0.18376722817764168,
            "_thrs_intensity": 0.4270998415213947,
            "_thrs_interestingness": 0.45885053856681834,
            "_thrs_logistic_regression": 0.9631129006108922,
            "_thrs_random_forest": 0.92
        },
        {
            "expression": "\u22a2 A \u2208 V",
            "prop_expression": " \u22a2 A \u2208 V",
            "step": 3,
            "theorem": "xpcomen.1",
            "ground_truth": "xpcomen.1 \u22a2 A \u2208 V",
            "ground_truth_display": false,
            "statement_depth": 0,
            "_thrs_random_uniform": 0.04451999990848987,
            "_thrs_reconstruct": 0.0,
            "_thrs_obviousness": 0.0,
            "_thrs_weight": 1.0,
            "_thrs_complexity": 1.0,
            "_thrs_surprisingness": 0.0,
            "_thrs_intensity": 0.24405705229793984,
            "_thrs_interestingness": 0.448811410459588,
            "_thrs_logistic_regression": 0.7886574531377456,
            "_thrs_random_forest": 0.96
        },
        {
            "expression": "\u22a2 B \u2208 V",
            "prop_expression": " \u22a2 B \u2208 V",
            "step": 4,
            "theorem": "xpcomen.2",
            "ground_truth": "xpcomen.2 \u22a2 B \u2208 V",
            "ground_truth_display": false,
            "statement_depth": 0,
            "_thrs_random_uniform": 0.7712164886025874,
            "_thrs_reconstruct": 0.0,
            "_thrs_obviousness": 0.0,
            "_thrs_weight": 1.0,
            "_thrs_complexity": 1.0,
            "_thrs_surprisingness": 0.0,
            "_thrs_intensity": 0.24405705229793984,
            "_thrs_interestingness": 0.448811410459588,
            "_thrs_logistic_regression": 0.7886574531377456,
            "_thrs_random_forest": 0.96
        },
        {
            "expression": "\u22a2 ( B \u00d7 A ) \u2208 V",
            "prop_expression": "A \u2208 V, B \u2208 V \u22a2 ( A \u00d7 B ) \u2208 V",
            "step": 5,
            "theorem": "xpex",
            "ground_truth": "xpex \u22a2 ( B \u00d7 A ) \u2208 V",
            "ground_truth_display": false,
            "statement_depth": 0,
            "_thrs_random_uniform": 0.6835015518870703,
            "_thrs_reconstruct": 5.265721388952617e-05,
            "_thrs_obviousness": 5.228980172192665e-05,
            "_thrs_weight": 0.9333333333333333,
            "_thrs_complexity": 0.75,
            "_thrs_surprisingness": 0.18376722817764168,
            "_thrs_intensity": 0.4270998415213947,
            "_thrs_interestingness": 0.45885053856681834,
            "_thrs_logistic_regression": 0.9631129006108922,
            "_thrs_random_forest": 0.92
        },
        {
            "expression": "\u22a2 B \u2208 V",
            "prop_expression": " \u22a2 B \u2208 V",
            "step": 6,
            "theorem": "xpcomen.2",
            "ground_truth": "xpcomen.2 \u22a2 B \u2208 V",
            "ground_truth_display": false,
            "statement_depth": 0,
            "_thrs_random_uniform": 0.1879031515827393,
            "_thrs_reconstruct": 0.0,
            "_thrs_obviousness": 0.0,
            "_thrs_weight": 1.0,
            "_thrs_complexity": 1.0,
            "_thrs_surprisingness": 0.0,
            "_thrs_intensity": 0.24405705229793984,
            "_thrs_interestingness": 0.448811410459588,
            "_thrs_logistic_regression": 0.7886574531377456,
            "_thrs_random_forest": 0.96
        },
        {
            "expression": "\u22a2 A \u2208 V",
            "prop_expression": " \u22a2 A \u2208 V",
            "step": 7,
            "theorem": "xpcomen.1",
            "ground_truth": "xpcomen.1 \u22a2 A \u2208 V",
            "ground_truth_display": false,
            "statement_depth": 0,
            "_thrs_random_uniform": 0.6133515022992273,
            "_thrs_reconstruct": 0.0,
            "_thrs_obviousness": 0.0,
            "_thrs_weight": 1.0,
            "_thrs_complexity": 1.0,
            "_thrs_surprisingness": 0.0,
            "_thrs_intensity": 0.24405705229793984,
            "_thrs_interestingness": 0.448811410459588,
            "_thrs_logistic_regression": 0.7886574531377456,
            "_thrs_random_forest": 0.96
        },
        {
            "expression": "\u22a2 ( x \u2208 ( A \u00d7 B ) |\u2192 U. `' { x } ) : ( A \u00d7 B ) -1-1-onto\u2192 ( B \u00d7 A )",
            "prop_expression": "F = ( x \u2208 ( A \u00d7 B ) |\u2192 U. `' { x } ) \u22a2 F : ( A \u00d7 B ) -1-1-onto\u2192 ( B \u00d7 A )",
            "step": 8,
            "theorem": "xpcomf1o",
            "ground_truth": "xpcomf1o \u22a2 ( x \u2208 ( A \u00d7 B ) |\u2192 U. `' { x } ) : ( A \u00d7 B ) -1-1-onto\u2192 ( B \u00d7 A )",
            "ground_truth_display": false,
            "statement_depth": 0,
            "_thrs_random_uniform": 0.35018252558422824,
            "_thrs_reconstruct": 1.0,
            "_thrs_obviousness": 0.9930225672677765,
            "_thrs_weight": 0.5666666666666667,
            "_thrs_complexity": 0.25,
            "_thrs_surprisingness": 0.5206738131699846,
            "_thrs_intensity": 0.34129853407290023,
            "_thrs_interestingness": 0.5343323162354656,
            "_thrs_logistic_regression": 0.9884442374250422,
            "_thrs_random_forest": 0.96
        },
        {
            "expression": "\u22a2 ( x \u2208 ( A \u00d7 B ) |\u2192 U. `' { x } ) = ( x \u2208 ( A \u00d7 B ) |\u2192 U. `' { x } )",
            "prop_expression": " \u22a2 A = A",
            "step": 9,
            "theorem": "eqid",
            "ground_truth": "eqid \u22a2 ( x \u2208 ( A \u00d7 B ) |\u2192 U. `' { x } ) = ( x \u2208 ( A \u00d7 B ) |\u2192 U. `' { x } )",
            "ground_truth_display": false,
            "statement_depth": 0,
            "_thrs_random_uniform": 0.7014615377568884,