{
    "theorem": "xpssres",
    "hyps": [
        [
            1,
            2
        ],
        [
            1,
            8
        ],
        [
            2,
            3
        ],
        [
            2,
            4
        ],
        [
            2,
            5
        ],
        [
            5,
            6
        ],
        [
            5,
            7
        ],
        [
            8,
            9
        ],
        [
            9,
            10
        ]
    ],
    "expression": "( C \u2286 A \u2192 ( ( A \u00d7 B ) |` C ) = ( C \u00d7 B ) )",
    "steps": [
        {
            "expression": "\u22a2 ( C \u2286 A \u2192 ( ( A \u00d7 B ) |` C ) = ( C \u00d7 B ) )",
            "prop_expression": "A = B, ( \ud835\udf11 \u2192 B = C ) \u22a2 ( \ud835\udf11 \u2192 A = C )",
            "step": 1,
            "theorem": "syl5eq",
            "ground_truth": "syl5eq \u22a2 ( C \u2286 A \u2192 ( ( A \u00d7 B ) |` C ) = ( C \u00d7 B ) )",
            "ground_truth_display": false,
            "statement_depth": 0,
            "_thrs_random_uniform": 0.6089602829794523,
            "_thrs_reconstruct": 2.1038432537882778e-08,
            "_thrs_obviousness": 1.0,
            "_thrs_weight": 0.30000000000000004,
            "_thrs_complexity": 0.25,
            "_thrs_surprisingness": 0.6562500000000001,
            "_thrs_intensity": 0.42699724517906334,
            "_thrs_interestingness": 0.5266494490358127,
            "_thrs_logistic_regression": 0.988713421380364,
            "_thrs_random_forest": 0.975
        },
        {
            "expression": "\u22a2 ( ( A \u00d7 B ) |` C ) = ( ( C \u2229 A ) \u00d7 B )",
            "prop_expression": "A = B, B = C, C = D \u22a2 A = D",
            "step": 2,
            "theorem": "3eqtri",
            "ground_truth": "3eqtri \u22a2 ( ( A \u00d7 B ) |` C ) = ( ( C \u2229 A ) \u00d7 B )",
            "ground_truth_display": false,
            "statement_depth": 0,
            "_thrs_random_uniform": 0.5596255420678796,
            "_thrs_reconstruct": 4.207561903444481e-08,
            "_thrs_obviousness": 0.9999988218107521,
            "_thrs_weight": 0.4,
            "_thrs_complexity": 0.25,
            "_thrs_surprisingness": 0.7291666666666667,
            "_thrs_intensity": 1.0,
            "_thrs_interestingness": 0.6758330976954838,
            "_thrs_logistic_regression": 0.999479987103669,
            "_thrs_random_forest": 0.975
        },
        {
            "expression": "\u22a2 ( ( A \u00d7 B ) |` C ) = ( ( A \u00d7 B ) \u2229 ( C \u00d7 V ) )",
            "prop_expression": " \u22a2 ( A |` B ) = ( A \u2229 ( B \u00d7 V ) )",
            "step": 3,
            "theorem": "df-res",
            "ground_truth": "df-res \u22a2 ( ( A \u00d7 B ) |` C ) = ( ( A \u00d7 B ) \u2229 ( C \u00d7 V ) )",
            "ground_truth_display": false,
            "statement_depth": 0,
            "_thrs_random_uniform": 0.7810011113027988,
            "_thrs_reconstruct": 0.0,
            "_thrs_obviousness": 0.0,
            "_thrs_weight": 0.19999999999999996,
            "_thrs_complexity": 0.0,
            "_thrs_surprisingness": 1.0,
            "_thrs_intensity": 0.054713804713804735,
            "_thrs_interestingness": 0.2509427609427609,
            "_thrs_logistic_regression": 0.9629954990739014,
            "_thrs_random_forest": 0.71
        },
        {
            "expression": "\u22a2 ( ( A \u00d7 B ) \u2229 ( C \u00d7 V ) ) = ( ( A \u2229 C ) \u00d7 ( B \u2229 V ) )",
            "prop_expression": " \u22a2 ( ( A \u00d7 B ) \u2229 ( C \u00d7 D ) ) = ( ( A \u2229 C ) \u00d7 ( B \u2229 D ) )",
            "step": 4,
            "theorem": "inxp",
            "ground_truth": "inxp \u22a2 ( ( A \u00d7 B ) \u2229 ( C \u00d7 V ) ) = ( ( A \u2229 C ) \u00d7 ( B \u2229 V ) )",
            "ground_truth_display": false,
            "statement_depth": 0,
            "_thrs_random_uniform": 0.2125047716852898,
            "_thrs_reconstruct": 1.0,
            "_thrs_obviousness": 0.9989422625482024,
            "_thrs_weight": 0.0,
            "_thrs_complexity": 0.25,
            "_thrs_surprisingness": 0.5694444444444445,
            "_thrs_intensity": 0.0,
            "_thrs_interestingness": 0.36367734139852936,
            "_thrs_logistic_regression": 0.8808386601989117,
            "_thrs_random_forest": 0.65
        },
        {
            "expression": "\u22a2 ( ( A \u2229 C ) \u00d7 ( B \u2229 V ) ) = ( ( C \u2229 A ) \u00d7 B )",
            "prop_expression": "A = B, C = D \u22a2 ( A \u00d7 C ) = ( B \u00d7 D )",
            "step": 5,
            "theorem": "xpeq12i",
            "ground_truth": "xpeq12i \u22a2 ( ( A \u2229 C ) \u00d7 ( B \u2229 V ) ) = ( ( C \u2229 A ) \u00d7 B )",
            "ground_truth_display": false,
            "statement_depth": 0,
            "_thrs_random_uniform": 0.1238993363645765,
            "_thrs_reconstruct": 2.327914476264055e-06,
            "_thrs_obviousness": 0.0010565172312732918,
            "_thrs_weight": 0.19999999999999996,
            "_thrs_complexity": 0.25,
            "_thrs_surprisingness": 0.5694444444444445,
            "_thrs_intensity": 0.202020202020202,
            "_thrs_interestingness": 0.24450423273918398,
            "_thrs_logistic_regression": 0.9666440639554615,
            "_thrs_random_forest": 0.84
        },
        {
            "expression": "\u22a2 ( A \u2229 C ) = ( C \u2229 A )",
            "prop_expression": " \u22a2 ( A \u2229 B ) = ( B \u2229 A )",
            "step": 6,
            "theorem": "incom",
            "ground_truth": "incom \u22a2 ( A \u2229 C ) = ( C \u2229 A )",
            "ground_truth_display": false,
            "statement_depth": 0,
            "_thrs_random_uniform": 0.2548505660031839,
            "_thrs_reconstruct": 0.0005252361660899869,
            "_thrs_obviousness": 0.0005246806041260749,
            "_thrs_weight": 0.8,
            "_thrs_complexity": 1.0,
            "_thrs_surprisingness": 0.0,
            "_thrs_intensity": 0.02525252525252526,
            "_thrs_interestingness": 0.3651554411713303,
            "_thrs_logistic_regression": 0.4863687492544345,
            "_thrs_random_forest": 0.595
        },
        {
            "expression": "\u22a2 ( B \u2229 V ) = B",
            "prop_expression": " \u22a2 ( A \u2229 V ) = A",
            "step": 7,
            "theorem": "inv1",
            "ground_truth": "inv1 \u22a2 ( B \u2229 V ) = B",
            "ground_truth_display": false,
            "statement_depth": 0,
            "_thrs_random_uniform": 0.8150437039393557,
            "_thrs_reconstruct": 0.0005300718517347657,
            "_thrs_obviousness": 0.0005295111748850422,
            "_thrs_weight": 1.0,
            "_thrs_complexity": 1.0,
            "_thrs_surprisingness": 0.041666666666666685,
            "_thrs_intensity": 0.11363636363636363,
            "_thrs_interestingness": 0.431166508295583,
            "_thrs_logistic_regression": 0.6356801961960122,
            "_thrs_random_forest": 0.615
        },
        {
            "expression": "\u22a2 ( C \u2286 A \u2192 ( ( C \u2229 A ) \u00d7 B ) = ( C \u00d7 B ) )",
            "prop_expression": "( \ud835\udf11 \u2192 A = B ) \u22a2 ( \ud835\udf11 \u2192 ( A \u00d7 C ) = ( B \u00d7 C ) )",
            "step": 8,
            "theorem": "xpeq1d",
            "ground_truth": "xpeq1d \u22a2 ( C \u2286 A \u2192 ( ( C \u2229 A ) \u00d7 B ) = ( C \u00d7 B ) )",
            "ground_truth_display": false,
            "statement_depth": 0,
            "_thrs_random_uniform": 0.10044785729065742,
            "_thrs_reconstruct": 1.1583816095395484e-06,
            "_thrs_obviousness": 1.1571729602782824e-06,
            "_thrs_weight": 0.30000000000000004,
            "_thrs_complexity": 0.25,
            "_thrs_surprisingness": 0.6076388888888888,
            "_thrs_intensity": 0.1859504132231405,
            "_thrs_interestingness": 0.2687180918569979,