{
    "theorem": "zfpow",
    "hyps": [
        [
            1,
            2
        ],
        [
            1,
            3
        ],
        [
            3,
            4
        ],
        [
            4,
            5
        ],
        [
            5,
            6
        ],
        [
            6,
            7
        ],
        [
            7,
            8
        ],
        [
            7,
            9
        ]
    ],
    "expression": "\u2203 x \u2200 y ( \u2200 x ( x \u2208 y \u2192 x \u2208 z ) \u2192 y \u2208 x )",
    "steps": [
        {
            "expression": "\u22a2 \u2203 x \u2200 y ( \u2200 x ( x \u2208 y \u2192 x \u2208 z ) \u2192 y \u2208 x )",
            "prop_expression": "\ud835\udf11, ( \ud835\udf11 \u2194 \ud835\udf13 ) \u22a2 \ud835\udf13",
            "step": 1,
            "theorem": "mpbi",
            "ground_truth": "mpbi \u22a2 \u2203 x \u2200 y ( \u2200 x ( x \u2208 y \u2192 x \u2208 z ) \u2192 y \u2208 x )",
            "ground_truth_display": false,
            "statement_depth": 0,
            "_thrs_random_uniform": 0.9410594238409217,
            "_thrs_reconstruct": 0.0007299061140370964,
            "_thrs_obviousness": 1.0,
            "_thrs_weight": 0.75,
            "_thrs_complexity": 1.0,
            "_thrs_surprisingness": 0.5,
            "_thrs_intensity": 1.0,
            "_thrs_interestingness": 0.85,
            "_thrs_logistic_regression": 0.9878044314369504,
            "_thrs_random_forest": 0.99
        },
        {
            "expression": "\u22a2 \u2203 x \u2200 y ( \u2200 w ( w \u2208 y \u2192 w \u2208 z ) \u2192 y \u2208 x )",
            "prop_expression": " \u22a2 \u2203 y \u2200 z ( \u2200 w ( w \u2208 z \u2192 w \u2208 x ) \u2192 z \u2208 y )",
            "step": 2,
            "theorem": "ax-pow",
            "ground_truth": "ax-pow \u22a2 \u2203 x \u2200 y ( \u2200 w ( w \u2208 y \u2192 w \u2208 z ) \u2192 y \u2208 x )",
            "ground_truth_display": false,
            "statement_depth": 0,
            "_thrs_random_uniform": 0.22353146953290248,
            "_thrs_reconstruct": 0.0,
            "_thrs_obviousness": 0.0,
            "_thrs_weight": 0.75,
            "_thrs_complexity": 0.0,
            "_thrs_surprisingness": 0.5,
            "_thrs_intensity": 0.0,
            "_thrs_interestingness": 0.25,
            "_thrs_logistic_regression": 0.9847164486934814,
            "_thrs_random_forest": 1.0
        },
        {
            "expression": "\u22a2 ( \u2203 x \u2200 y ( \u2200 w ( w \u2208 y \u2192 w \u2208 z ) \u2192 y \u2208 x ) \u2194 \u2203 x \u2200 y ( \u2200 x ( x \u2208 y \u2192 x \u2208 z ) \u2192 y \u2208 x ) )",
            "prop_expression": "( \ud835\udf11 \u2194 \ud835\udf13 ) \u22a2 ( \u2203 x \ud835\udf11 \u2194 \u2203 x \ud835\udf13 )",
            "step": 3,
            "theorem": "exbii",
            "ground_truth": "exbii \u22a2 ( \u2203 x \u2200 y ( \u2200 w ( w \u2208 y \u2192 w \u2208 z ) \u2192 y \u2208 x ) \u2194 \u2203 x \u2200 y ( \u2200 x ( x \u2208 y \u2192 x \u2208 z ) \u2192 y \u2208 x ) )",
            "ground_truth_display": false,
            "statement_depth": 0,
            "_thrs_random_uniform": 0.5179757068285824,
            "_thrs_reconstruct": 1.0,
            "_thrs_obviousness": 0.9997375446621442,
            "_thrs_weight": 0.0,
            "_thrs_complexity": 0.0,
            "_thrs_surprisingness": 0.5,
            "_thrs_intensity": 0.2521008403361345,
            "_thrs_interestingness": 0.3503676769996557,
            "_thrs_logistic_regression": 0.9912068558440486,
            "_thrs_random_forest": 0.995
        },
        {
            "expression": "\u22a2 ( \u2200 y ( \u2200 w ( w \u2208 y \u2192 w \u2208 z ) \u2192 y \u2208 x ) \u2194 \u2200 y ( \u2200 x ( x \u2208 y \u2192 x \u2208 z ) \u2192 y \u2208 x ) )",
            "prop_expression": "( \ud835\udf11 \u2194 \ud835\udf13 ) \u22a2 ( \u2200 x \ud835\udf11 \u2194 \u2200 x \ud835\udf13 )",
            "step": 4,
            "theorem": "albii",
            "ground_truth": "albii \u22a2 ( \u2200 y ( \u2200 w ( w \u2208 y \u2192 w \u2208 z ) \u2192 y \u2208 x ) \u2194 \u2200 y ( \u2200 x ( x \u2208 y \u2192 x \u2208 z ) \u2192 y \u2208 x ) )",
            "ground_truth_display": false,
            "statement_depth": 0,
            "_thrs_random_uniform": 0.5979008779963928,
            "_thrs_reconstruct": 0.007208419204640867,
            "_thrs_obviousness": 0.6424974840929057,
            "_thrs_weight": 0.125,
            "_thrs_complexity": 0.0,
            "_thrs_surprisingness": 0.5,
            "_thrs_intensity": 0.2482811306340718,
            "_thrs_interestingness": 0.3031557229453955,
            "_thrs_logistic_regression": 0.9922642503886384,
            "_thrs_random_forest": 0.885
        },
        {
            "expression": "\u22a2 ( ( \u2200 w ( w \u2208 y \u2192 w \u2208 z ) \u2192 y \u2208 x ) \u2194 ( \u2200 x ( x \u2208 y \u2192 x \u2208 z ) \u2192 y \u2208 x ) )",
            "prop_expression": "( \ud835\udf11 \u2194 \ud835\udf13 ) \u22a2 ( ( \ud835\udf11 \u2192 \ud835\udf12 ) \u2194 ( \ud835\udf13 \u2192 \ud835\udf12 ) )",
            "step": 5,
            "theorem": "imbi1i",
            "ground_truth": "imbi1i \u22a2 ( ( \u2200 w ( w \u2208 y \u2192 w \u2208 z ) \u2192 y \u2208 x ) \u2194 ( \u2200 x ( x \u2208 y \u2192 x \u2208 z ) \u2192 y \u2208 x ) )",
            "ground_truth_display": false,
            "statement_depth": 0,
            "_thrs_random_uniform": 0.927784959402989,
            "_thrs_reconstruct": 0.01936875047706282,
            "_thrs_obviousness": 0.6399215019944049,
            "_thrs_weight": 0.25,
            "_thrs_complexity": 0.0,
            "_thrs_surprisingness": 0.5,
            "_thrs_intensity": 0.14285714285714285,
            "_thrs_interestingness": 0.3065557289703095,
            "_thrs_logistic_regression": 0.9879282464623232,
            "_thrs_random_forest": 0.85
        },
        {
            "expression": "\u22a2 ( \u2200 w ( w \u2208 y \u2192 w \u2208 z ) \u2194 \u2200 x ( x \u2208 y \u2192 x \u2208 z ) )",
            "prop_expression": "( x = y \u2192 ( \ud835\udf11 \u2194 \ud835\udf13 ) ) \u22a2 ( \u2200 x \ud835\udf11 \u2194 \u2200 y \ud835\udf13 )",
            "step": 6,
            "theorem": "cbvalv",
            "ground_truth": "cbvalv \u22a2 ( \u2200 w ( w \u2208 y \u2192 w \u2208 z ) \u2194 \u2200 x ( x \u2208 y \u2192 x \u2208 z ) )",
            "ground_truth_display": false,
            "statement_depth": 0,
            "_thrs_random_uniform": 0.5093741630289971,
            "_thrs_reconstruct": 0.5682820013739409,
            "_thrs_obviousness": 0.6330013727777575,
            "_thrs_weight": 0.625,
            "_thrs_complexity": 0.0,
            "_thrs_surprisingness": 0.5,
            "_thrs_intensity": 0.29411764705882354,
            "_thrs_interestingness": 0.4104238039673162,
            "_thrs_logistic_regression": 0.9962383865007274,
            "_thrs_random_forest": 0.92
        },
        {
            "expression": "\u22a2 ( w = x \u2192 ( ( w \u2208 y \u2192 w \u2208 z ) \u2194 ( x \u2208 y \u2192 x \u2208 z ) ) )",
            "prop_expression": "( \ud835\udf11 \u2192 ( \ud835\udf13 \u2194 \ud835\udf12 ) ), ( \ud835\udf11 \u2192 ( \ud835\udf03 \u2194 \ud835\udf0f ) ) \u22a2 ( \ud835\udf11 \u2192 ( ( \ud835\udf13 \u2192 \ud835\udf03 ) \u2194 ( \ud835\udf12 \u2192 \ud835\udf0f ) ) )",
            "step": 7,
            "theorem": "imbi12d",
            "ground_truth": "imbi12d \u22a2 ( w = x \u2192 ( ( w \u2208 y \u2192 w \u2208 z ) \u2194 ( x \u2208 y \u2192 x \u2208 z ) ) )",
            "ground_truth_display": false,
            "statement_depth": 0,
            "_thrs_random_uniform": 0.8669330260058872,
            "_thrs_reconstruct": 0.11188792840241203,
            "_thrs_obviousness": 0.42998790830764877,
            "_thrs_weight": 0.625,
            "_thrs_complexity": 0.0,
            "_thrs_surprisingness": 0.5,